date,deviation,disagreement,alpha_t,beta_t,open_signal,signal_dir,pos_A,pos_B,action_A,action_B,shadow_active_A,shadow_active_B
2024-02-01,0.3655913978494625,0.3655913978494625,0.1,0.3,False,1,0.0,0.0,HOLD_FLAT,HOLD_FLAT,0,0
2024-02-02,0.37234042553191493,0.37234042553191493,0.1,0.3,False,1,0.0,0.0,HOLD_FLAT,HOLD_FLAT,0,0
2024-02-05,0.2526315789473683,0.2526315789473683,0.1,0.3,False,1,0.0,0.0,HOLD_FLAT,HOLD_FLAT,0,0
2024-02-06,0.44791666666666674,-0.44791666666666674,0.1,0.3,False,-1,0.0,0.0,HOLD_FLAT,HOLD_FLAT,0,0
2024-02-07,0.3711340206185567,0.3711340206185567,0.1,0.3,False,1,0.0,0.0,HOLD_FLAT,HOLD_FLAT,0,0
2024-02-08,0.09183673469387743,-0.09183673469387743,0.1,0.3,False,-1,0.0,0.0,HOLD_FLAT,HOLD_FLAT,0,0
2024-02-19,0.1515151515151516,-0.1515151515151516,0.1,0.3,False,-1,0.0,0.0,HOLD_FLAT,HOLD_FLAT,0,0
2024-02-20,0.32999999999999996,-0.32999999999999996,0.1,0.3,False,-1,0.0,0.0,HOLD_FLAT,HOLD_FLAT,0,0
2024-02-21,0.693069306930693,0.693069306930693,0.1,0.3,False,1,0.0,0.0,HOLD_FLAT,HOLD_FLAT,0,0
2024-02-22,0.4411764705882353,0.4411764705882353,0.1,0.3,False,1,0.0,0.0,HOLD_FLAT,HOLD_FLAT,0,0
2024-02-23,0.6990291262135921,0.6990291262135921,0.1,0.3,False,1,0.5,0.5,OPEN_LONG,OPEN_LONG,1,1
2024-02-26,0.34615384615384626,0.34615384615384626,0.1,0.3,False,1,1.0,1.0,INCREASE,INCREASE,1,1
2024-02-27,0.7428571428571429,0.7428571428571429,0.1,0.3,False,1,0.5,0.5,DECREASE,DECREASE,1,1
2024-02-28,0.4811320754716979,0.4811320754716979,0.1,0.3,False,1,1.0,1.0,INCREASE,INCREASE,1,1
2024-02-29,0.9532710280373833,0.9532710280373833,0.1,0.3,False,1,0.25,0.25,DECREASE,DECREASE,1,1
2024-03-01,0.17592592592592582,0.17592592592592582,0.1,0.3,False,1,0.5,0.5,INCREASE,INCREASE,1,1
2024-03-04,0.3211009174311926,-0.3211009174311926,0.1,0.3,False,-1,0.5,0.5,HOLD,HOLD,1,1
2024-03-05,0.6454545454545454,-0.6454545454545454,0.1,0.3,False,-1,0.25,0.25,DECREASE,DECREASE,1,1
2024-03-06,0.5765765765765767,0.5765765765765767,0.1,0.3,False,1,0.25,0.25,HOLD,HOLD,1,1
2024-03-07,0.0,0.0,0.1,0.3,False,0,0.5,0.5,INCREASE,INCREASE,1,1
2024-03-08,0.23893805309734506,0.23893805309734506,0.1,0.3,False,1,0.5,0.5,HOLD,HOLD,1,1
2024-03-11,0.6052631578947367,0.6052631578947367,0.1,0.3,False,1,0.5,0.5,HOLD,HOLD,1,1
2024-03-12,0.6608695652173913,0.6608695652173913,0.1,0.3,False,1,0.5,0.5,HOLD,HOLD,1,1
2024-03-13,0.06896551724137923,-0.06896551724137923,0.1,0.3,False,-1,0.5,0.5,HOLD,HOLD,1,1
2024-03-14,0.735042735042735,-0.735042735042735,0.1,0.3,False,-1,0.25,0.25,DECREASE,DECREASE,1,1
2024-03-15,0.5847457627118644,0.5847457627118644,0.1,0.3,False,1,0.25,0.25,HOLD,HOLD,1,1
2024-03-18,0.4873949579831933,0.4873949579831933,0.1,0.3,False,1,0.25,0.25,HOLD,HOLD,1,1
2024-03-19,0.4,-0.4,0.1,0.3,False,-1,0.25,0.25,HOLD,HOLD,1,1
2024-03-20,0.5454545454545454,0.5454545454545454,0.1,0.3,False,1,0.15,0.5,DECREASE,INCREASE,1,1
2024-03-21,0.12295081967213117,0.12295081967213117,0.1,0.3,False,1,0.15,0.5,HOLD,HOLD,1,1
2024-03-22,0.5040650406504065,-0.5040650406504065,0.1,0.3,False,-1,0.15,0.5,HOLD,HOLD,1,1
2024-03-25,0.7661290322580645,-0.7661290322580645,0.1,0.3,False,-1,0.075,0.25,DECREASE,DECREASE,1,1
2024-03-26,0.3999999999999999,0.3999999999999999,0.1,0.3,False,1,0.0525,0.175,DECREASE,DECREASE,1,1
2024-03-27,0.08730158730158744,0.08730158730158744,0.1,0.3,False,1,0.175,0.175,INCREASE,HOLD,1,1
2024-03-28,0.12598425196850394,0.12598425196850394,0.1,0.3,False,1,0.24499999999999997,0.24499999999999997,INCREASE,INCREASE,1,1
2024-03-29,0.203125,-0.203125,0.1,0.3,False,-1,0.24499999999999997,0.24499999999999997,HOLD,HOLD,1,1
2024-04-01,0.8372093023255813,0.8372093023255813,0.1,0.3,True,1,0.35,0.35,INCREASE,INCREASE,1,1
2024-04-02,0.25384615384615383,-0.25384615384615383,0.1,0.3,False,-1,0.5,0.5,INCREASE,INCREASE,1,1
2024-04-03,0.3816793893129773,0.3816793893129773,0.1,0.3,False,1,0.35,0.35,DECREASE,DECREASE,1,1
2024-04-08,0.4772727272727273,0.4772727272727273,0.1,0.3,False,1,0.35,0.35,HOLD,HOLD,1,1
2024-04-09,0.3308270676691729,0.3308270676691729,0.1,0.3,False,1,0.35,0.35,HOLD,HOLD,1,1
2024-04-10,0.5,0.5,0.1,0.3,False,1,0.35,0.35,HOLD,HOLD,1,1
2024-04-11,0.5629629629629629,-0.5629629629629629,0.1,0.3,False,-1,0.35,0.35,HOLD,HOLD,1,1
2024-04-12,0.03676470588235303,0.03676470588235303,0.1,0.3,False,1,0.0,0.0,CLOSE,CLOSE,0,0
2024-04-15,0.029197080291970767,0.029197080291970767,0.1,0.3,False,1,0.0,0.0,HOLD_FLAT,HOLD_FLAT,0,0
2024-04-16,0.5724637681159421,-0.5724637681159421,0.1,0.3,False,-1,0.0,0.0,HOLD_FLAT,HOLD_FLAT,0,0
2024-04-17,0.4316546762589928,0.4316546762589928,0.1,0.3,False,1,0.0,0.0,HOLD_FLAT,HOLD_FLAT,0,0
2024-04-18,0.06428571428571428,-0.06428571428571428,0.1,0.3,False,-1,0.0,0.0,HOLD_FLAT,HOLD_FLAT,0,0
2024-04-19,0.021276595744680993,0.021276595744680993,0.1,0.3,False,1,0.0,0.0,HOLD_FLAT,HOLD_FLAT,0,0
2024-04-22,0.3943661971830985,0.3943661971830985,0.1,0.3,False,1,0.0,0.0,HOLD_FLAT,HOLD_FLAT,0,0
2024-04-23,0.3076923076923075,0.3076923076923075,0.1,0.3,False,1,0.0,0.0,HOLD_FLAT,HOLD_FLAT,0,0
2024-04-24,0.4444444444444444,0.4444444444444444,0.1,0.3,False,1,0.0,0.0,HOLD_FLAT,HOLD_FLAT,0,0
2024-04-25,0.01379310344827589,-0.01379310344827589,0.1,0.3,False,-1,0.0,0.0,HOLD_FLAT,HOLD_FLAT,0,0
2024-04-26,0.1643835616438356,0.1643835616438356,0.1,0.3,False,1,0.0,0.0,HOLD_FLAT,HOLD_FLAT,0,0
2024-04-29,0.8571428571428572,0.8571428571428572,0.1,0.3,False,1,-0.7,-0.7,OPEN_SHORT,OPEN_SHORT,1,1
2024-04-30,0.6013513513513513,-0.6013513513513513,0.1,0.3,False,-1,-0.48999999999999994,-0.48999999999999994,DECREASE,DECREASE,1,1
2024-05-06,0.4026845637583891,0.4026845637583891,0.1,0.3,False,1,-0.48999999999999994,-0.48999999999999994,HOLD,HOLD,1,1
2024-05-07,0.4933333333333334,0.4933333333333334,0.1,0.3,False,1,-0.48999999999999994,-0.48999999999999994,HOLD,HOLD,1,1
2024-05-08,0.3973509933774835,-0.3973509933774835,0.1,0.3,False,-1,-0.48999999999999994,-0.48999999999999994,HOLD,HOLD,1,1
2024-05-09,0.019736842105263275,0.019736842105263275,0.1,0.3,False,1,0.0,0.0,CLOSE,CLOSE,0,0
2024-05-10,0.5751633986928104,-0.5751633986928104,0.1,0.3,False,-1,0.0,0.0,HOLD_FLAT,HOLD_FLAT,0,0
2024-05-13,0.19480519480519487,-0.19480519480519487,0.1,0.3,False,-1,0.0,0.0,HOLD_FLAT,HOLD_FLAT,0,0
2024-05-14,0.47741935483870956,-0.47741935483870956,0.1,0.3,False,-1,0.0,0.0,HOLD_FLAT,HOLD_FLAT,0,0
2024-05-15,0.46153846153846156,-0.46153846153846156,0.1,0.3,False,-1,0.0,0.0,HOLD_FLAT,HOLD_FLAT,0,0
2024-05-16,0.4267515923566878,0.4267515923566878,0.1,0.3,False,1,0.48999999999999994,0.48999999999999994,OPEN_LONG,OPEN_LONG,1,1
2024-05-17,0.6329113924050633,0.6329113924050633,0.1,0.3,False,1,0.48999999999999994,0.48999999999999994,HOLD,HOLD,1,1
2024-05-20,0.018867924528301883,0.018867924528301883,0.1,0.3,False,1,0.48999999999999994,0.48999999999999994,HOLD,HOLD,1,1
2024-05-21,0.34375,0.34375,0.1,0.3,False,1,0.48999999999999994,0.48999999999999994,HOLD,HOLD,1,1
2024-05-22,0.04347826086956541,0.04347826086956541,0.1,0.3,False,1,0.48999999999999994,0.48999999999999994,HOLD,HOLD,1,1
2024-05-23,0.05555555555555558,0.05555555555555558,0.1,0.3,False,1,0.48999999999999994,0.48999999999999994,HOLD,HOLD,1,1
2024-05-24,0.5030674846625767,0.5030674846625767,0.1,0.3,False,1,0.48999999999999994,0.48999999999999994,HOLD,HOLD,1,1
2024-05-27,0.25609756097560976,-0.25609756097560976,0.1,0.3,False,-1,0.0,0.0,CLOSE,CLOSE,0,0
2024-05-28,0.19393939393939397,-0.19393939393939397,0.1,0.3,False,-1,0.0,0.0,HOLD_FLAT,HOLD_FLAT,0,0
2024-05-29,0.1506024096385541,0.1506024096385541,0.1,0.3,False,1,0.0,0.0,HOLD_FLAT,HOLD_FLAT,0,0
2024-05-30,0.3772455089820359,0.3772455089820359,0.1,0.3,False,1,0.0,0.0,HOLD_FLAT,HOLD_FLAT,0,0
2024-05-31,0.1964285714285714,-0.1964285714285714,0.1,0.3,False,-1,0.0,0.0,HOLD_FLAT,HOLD_FLAT,0,0
2024-06-03,0.5207100591715976,-0.5207100591715976,0.1,0.3,False,-1,0.0,0.0,HOLD_FLAT,HOLD_FLAT,0,0
2024-06-04,0.04705882352941171,-0.04705882352941171,0.1,0.3,False,-1,0.0,0.0,HOLD_FLAT,HOLD_FLAT,0,0
2024-06-05,0.5029239766081871,-0.5029239766081871,0.1,0.3,False,-1,0.0,0.0,HOLD_FLAT,HOLD_FLAT,0,0
2024-06-06,0.5116279069767442,0.5116279069767442,0.1,0.3,False,1,0.0,0.0,HOLD_FLAT,HOLD_FLAT,0,0
2024-06-07,0.17919075144508678,-0.17919075144508678,0.1,0.3,False,-1,0.0,0.0,HOLD_FLAT,HOLD_FLAT,0,0
2024-06-11,0.5919540229885059,-0.5919540229885059,0.1,0.3,False,-1,0.0,0.0,HOLD_FLAT,HOLD_FLAT,0,0
2024-06-12,0.5314285714285714,0.5314285714285714,0.1,0.3,False,1,0.0,0.0,HOLD_FLAT,HOLD_FLAT,0,0
2024-06-13,0.005681818181818343,0.005681818181818343,0.1,0.3,False,1,0.0,0.0,HOLD_FLAT,HOLD_FLAT,0,0
2024-06-14,0.062146892655367325,-0.062146892655367325,0.1,0.3,False,-1,0.0,0.0,HOLD_FLAT,HOLD_FLAT,0,0
2024-06-17,0.1853932584269662,-0.1853932584269662,0.1,0.3,False,-1,0.0,0.0,HOLD_FLAT,HOLD_FLAT,0,0
2024-06-18,0.5865921787709498,-0.5865921787709498,0.1,0.3,False,-1,0.0,0.0,HOLD_FLAT,HOLD_FLAT,0,0
2024-06-19,0.4722222222222223,0.4722222222222223,0.1,0.3,False,1,0.0,0.0,HOLD_FLAT,HOLD_FLAT,0,0
2024-06-20,0.23888888888888893,0.23888888888888893,0.1,0.3,False,1,0.0,0.0,HOLD_FLAT,HOLD_FLAT,0,0
2024-06-21,0.5611111111111111,-0.5611111111111111,0.1,0.3,False,-1,0.0,0.0,HOLD_FLAT,HOLD_FLAT,0,0
2024-06-24,0.6555555555555556,-0.6555555555555556,0.1,0.3,False,-1,0.0,0.0,HOLD_FLAT,HOLD_FLAT,0,0
2024-06-25,0.5777777777777777,0.5777777777777777,0.1,0.3,False,1,0.0,0.0,HOLD_FLAT,HOLD_FLAT,0,0
2024-06-26,0.6722222222222223,0.6722222222222223,0.1,0.3,False,1,0.0,0.0,HOLD_FLAT,HOLD_FLAT,0,0
2024-06-27,0.6222222222222222,0.6222222222222222,0.1,0.3,False,1,0.0,0.0,HOLD_FLAT,HOLD_FLAT,0,0
2024-06-28,0.07222222222222219,0.07222222222222219,0.1,0.3,False,1,0.0,0.0,HOLD_FLAT,HOLD_FLAT,0,0
2024-07-01,0.4444444444444444,0.4444444444444444,0.1,0.3,False,1,0.0,0.0,HOLD_FLAT,HOLD_FLAT,0,0
2024-07-02,0.3666666666666667,-0.3666666666666667,0.1,0.3,False,-1,0.0,0.0,HOLD_FLAT,HOLD_FLAT,0,0
2024-07-03,0.27222222222222214,0.27222222222222214,0.1,0.3,False,1,0.0,0.0,HOLD_FLAT,HOLD_FLAT,0,0
2024-07-04,0.005555555555555536,-0.005555555555555536,0.1,0.3,False,-1,0.0,0.0,HOLD_FLAT,HOLD_FLAT,0,0
2024-07-05,0.08333333333333326,0.08333333333333326,0.1,0.3,False,1,0.0,0.0,HOLD_FLAT,HOLD_FLAT,0,0
2024-07-08,0.06666666666666665,0.06666666666666665,0.1,0.3,False,1,0.0,0.0,HOLD_FLAT,HOLD_FLAT,0,0
2024-07-09,0.30000000000000004,0.30000000000000004,0.1,0.3,False,1,0.0,0.0,HOLD_FLAT,HOLD_FLAT,0,0
2024-07-10,0.5722222222222222,-0.5722222222222222,0.1,0.3,False,-1,0.0,0.0,HOLD_FLAT,HOLD_FLAT,0,0
2024-07-11,0.38888888888888884,0.38888888888888884,0.1,0.3,False,1,0.0,0.0,HOLD_FLAT,HOLD_FLAT,0,0
2024-07-12,0.2222222222222222,-0.2222222222222222,0.1,0.3,False,-1,0.0,0.0,HOLD_FLAT,HOLD_FLAT,0,0
2024-07-15,0.7055555555555555,-0.7055555555555555,0.1,0.3,False,-1,0.0,0.0,HOLD_FLAT,HOLD_FLAT,0,0
2024-07-16,0.4388888888888889,0.4388888888888889,0.1,0.3,False,1,0.0,0.0,HOLD_FLAT,HOLD_FLAT,0,0
2024-07-17,0.5166666666666666,-0.5166666666666666,0.1,0.3,False,-1,0.0,0.0,HOLD_FLAT,HOLD_FLAT,0,0
2024-07-18,0.4833333333333334,0.4833333333333334,0.1,0.3,False,1,0.0,0.0,HOLD_FLAT,HOLD_FLAT,0,0
2024-07-19,0.6777777777777778,0.6777777777777778,0.1,0.3,False,1,0.0,0.0,HOLD_FLAT,HOLD_FLAT,0,0
2024-07-22,0.08333333333333326,-0.08333333333333326,0.1,0.3,False,-1,0.0,0.0,HOLD_FLAT,HOLD_FLAT,0,0
2024-07-23,0.19444444444444442,-0.19444444444444442,0.1,0.3,False,-1,0.0,0.0,HOLD_FLAT,HOLD_FLAT,0,0
2024-07-24,0.14444444444444438,-0.14444444444444438,0.1,0.3,False,-1,0.0,0.0,HOLD_FLAT,HOLD_FLAT,0,0
2024-07-25,0.15555555555555567,0.15555555555555567,0.1,0.3,False,1,0.0,0.0,HOLD_FLAT,HOLD_FLAT,0,0
2024-07-26,0.2777777777777778,-0.2777777777777778,0.1,0.3,False,-1,0.0,0.0,HOLD_FLAT,HOLD_FLAT,0,0
2024-07-29,0.6277777777777778,-0.6277777777777778,0.1,0.3,False,-1,0.0,0.0,HOLD_FLAT,HOLD_FLAT,0,0
2024-07-30,0.6055555555555555,-0.6055555555555555,0.1,0.3,False,-1,0.0,0.0,HOLD_FLAT,HOLD_FLAT,0,0
2024-07-31,0.6388888888888888,0.6388888888888888,0.1,0.3,False,1,0.0,0.0,HOLD_FLAT,HOLD_FLAT,0,0
2024-08-01,0.4888888888888888,-0.4888888888888888,0.1,0.3,False,-1,0.0,0.0,HOLD_FLAT,HOLD_FLAT,0,0
2024-08-02,0.1499999999999999,0.1499999999999999,0.1,0.3,False,1,0.0,0.0,HOLD_FLAT,HOLD_FLAT,0,0
2024-08-05,0.2944444444444445,0.2944444444444445,0.1,0.3,False,1,0.0,0.0,HOLD_FLAT,HOLD_FLAT,0,0
2024-08-06,0.061111111111111116,0.061111111111111116,0.1,0.3,False,1,0.0,0.0,HOLD_FLAT,HOLD_FLAT,0,0
2024-08-07,0.12222222222222223,-0.12222222222222223,0.1,0.3,False,-1,0.0,0.0,HOLD_FLAT,HOLD_FLAT,0,0
2024-08-08,0.47777777777777775,-0.47777777777777775,0.1,0.3,False,-1,0.0,0.0,HOLD_FLAT,HOLD_FLAT,0,0
2024-08-09,0.1166666666666667,-0.1166666666666667,0.1,0.3,False,-1,0.0,0.0,HOLD_FLAT,HOLD_FLAT,0,0
2024-08-12,0.40555555555555556,-0.40555555555555556,0.1,0.3,False,-1,0.0,0.0,HOLD_FLAT,HOLD_FLAT,0,0
2024-08-13,0.5055555555555555,0.5055555555555555,0.1,0.3,False,1,0.0,0.0,HOLD_FLAT,HOLD_FLAT,0,0
2024-08-14,0.8055555555555556,-0.8055555555555556,0.1,0.3,True,-1,-1.0,-1.0,OPEN_SHORT,OPEN_SHORT,1,1
2024-08-15,0.2222222222222222,-0.2222222222222222,0.1,0.3,False,-1,-1.0,-1.0,HOLD,HOLD,1,1
2024-08-16,0.33333333333333326,0.33333333333333326,0.1,0.3,False,1,0.0,0.0,CLOSE,CLOSE,0,0
2024-08-19,0.25555555555555554,0.25555555555555554,0.1,0.3,False,1,0.0,0.0,HOLD_FLAT,HOLD_FLAT,0,0
2024-08-20,0.6611111111111112,0.6611111111111112,0.1,0.3,False,1,0.0,0.0,HOLD_FLAT,HOLD_FLAT,0,0
2024-08-21,0.8166666666666667,0.8166666666666667,0.1,0.3,False,1,0.0,0.0,HOLD_FLAT,HOLD_FLAT,0,0
2024-08-22,0.711111111111111,-0.711111111111111,0.1,0.3,True,-1,-0.6,-0.6,OPEN_SHORT,OPEN_SHORT,1,1
2024-08-23,0.6555555555555556,-0.6555555555555556,0.1,0.3,False,-1,-0.6,-0.6,HOLD,HOLD,1,1
2024-08-26,0.47777777777777786,0.47777777777777786,0.1,0.3,False,1,-0.6,-0.6,HOLD,HOLD,1,1
2024-08-27,0.6888888888888889,0.6888888888888889,0.1,0.3,False,1,0.0,0.0,CLOSE,CLOSE,0,0
2024-08-28,0.02777777777777779,-0.02777777777777779,0.1,0.3,False,-1,0.0,0.0,HOLD_FLAT,HOLD_FLAT,0,0
2024-08-29,0.48888888888888893,0.48888888888888893,0.1,0.3,False,1,0.0,0.0,HOLD_FLAT,HOLD_FLAT,0,0
2024-08-30,0.7277777777777779,0.7277777777777779,0.1,0.3,False,1,0.0,0.0,HOLD_FLAT,HOLD_FLAT,0,0
2024-09-02,0.9166666666666666,-0.9166666666666666,0.1,0.3,True,-1,-1.0,-1.0,OPEN_SHORT,OPEN_SHORT,1,1
2024-09-03,0.016666666666666607,-0.016666666666666607,0.1,0.3,False,-1,-1.0,-1.0,HOLD,HOLD,1,1
2024-09-04,0.40555555555555556,-0.40555555555555556,0.1,0.3,False,-1,0.0,0.0,CLOSE,CLOSE,0,0
2024-09-05,0.7944444444444444,-0.7944444444444444,0.1,0.3,True,-1,-1.0,-1.0,OPEN_SHORT,OPEN_SHORT,1,1
2024-09-06,0.2055555555555555,0.2055555555555555,0.1,0.3,False,1,-0.5,-0.5,DECREASE,DECREASE,1,1
2024-09-09,0.7388888888888889,0.7388888888888889,0.1,0.3,False,1,0.0,0.0,CLOSE,CLOSE,0,0
2024-09-10,0.25555555555555554,-0.25555555555555554,0.1,0.3,False,-1,0.0,0.0,HOLD_FLAT,HOLD_FLAT,0,0
2024-09-11,0.9722222222222223,0.9722222222222223,0.1,0.3,True,1,0.5,0.5,OPEN_LONG,OPEN_LONG,1,1
2024-09-12,0.49444444444444446,-0.49444444444444446,0.1,0.3,False,-1,0.5,0.5,HOLD,HOLD,1,1
2024-09-13,0.30000000000000004,0.30000000000000004,0.1,0.3,False,1,0.0,0.0,CLOSE,CLOSE,0,0
2024-09-18,0.7333333333333334,-0.7333333333333334,0.1,0.3,True,-1,-0.3,-0.3,OPEN_SHORT,OPEN_SHORT,1,1
2024-09-19,0.16666666666666674,0.16666666666666674,0.1,0.3,False,1,-0.3,-0.3,HOLD,HOLD,1,1
2024-09-20,0.06666666666666665,-0.06666666666666665,0.1,0.3,False,-1,0.0,0.0,CLOSE,CLOSE,0,0
2024-09-23,0.08333333333333326,-0.08333333333333326,0.1,0.3,False,-1,0.0,0.0,HOLD_FLAT,HOLD_FLAT,0,0
2024-09-24,0.7666666666666666,0.7666666666666666,0.1,0.3,True,1,0.3,0.3,OPEN_LONG,OPEN_LONG,1,1
2024-09-25,0.10555555555555551,-0.10555555555555551,0.1,0.3,False,-1,0.3,0.3,HOLD,HOLD,1,1
2024-09-26,0.41666666666666674,0.41666666666666674,0.1,0.3,False,1,0.0,0.0,CLOSE,CLOSE,0,0
2024-09-27,0.04444444444444451,0.04444444444444451,0.1,0.3,False,1,0.0,0.0,HOLD_FLAT,HOLD_FLAT,0,0
2024-09-30,0.8611111111111112,0.8611111111111112,0.1,0.3,True,1,0.5,0.5,OPEN_LONG,OPEN_LONG,1,1
2024-10-08,0.85,-0.85,0.1,0.3,True,-1,0.5,0.5,HOLD,HOLD,1,1
2024-10-09,0.011111111111111072,0.011111111111111072,0.1,0.3,False,1,0.0,0.0,CLOSE,CLOSE,0,0
2024-10-10,0.8055555555555556,-0.8055555555555556,0.1,0.3,False,-1,0.0,0.0,HOLD_FLAT,HOLD_FLAT,0,0
2024-10-11,0.12222222222222223,0.12222222222222223,0.1,0.3,False,1,0.0,0.0,HOLD_FLAT,HOLD_FLAT,0,0
2024-10-14,0.1777777777777778,-0.1777777777777778,0.1,0.3,False,-1,0.0,0.0,HOLD_FLAT,HOLD_FLAT,0,0
2024-10-15,0.1611111111111112,0.1611111111111112,0.1,0.3,False,1,0.0,0.0,HOLD_FLAT,HOLD_FLAT,0,0
2024-10-16,0.7277777777777777,-0.7277777777777777,0.1,0.3,False,-1,0.0,0.0,HOLD_FLAT,HOLD_FLAT,0,0
2024-10-17,0.7944444444444444,-0.7944444444444444,0.1,0.3,False,-1,0.0,0.0,HOLD_FLAT,HOLD_FLAT,0,0
2024-10-18,0.7833333333333334,0.7833333333333334,0.1,0.3,True,1,0.6,0.6,OPEN_LONG,OPEN_LONG,1,1
2024-10-21,0.7166666666666668,0.7166666666666668,0.1,0.3,False,1,0.6,0.6,HOLD,HOLD,1,1
2024-10-22,0.588888888888889,0.588888888888889,0.1,0.3,False,1,0.6,0.6,HOLD,HOLD,1,1
2024-10-23,0.6444444444444444,0.6444444444444444,0.1,0.3,False,1,0.6,0.6,HOLD,HOLD,1,1
2024-10-24,0.3555555555555555,-0.3555555555555555,0.1,0.3,False,-1,0.6,0.6,HOLD,HOLD,1,1
2024-10-25,0.2666666666666666,0.2666666666666666,0.1,0.3,False,1,0.0,0.0,CLOSE,CLOSE,0,0
2024-10-28,0.7611111111111111,0.7611111111111111,0.1,0.3,False,1,0.0,0.0,HOLD_FLAT,HOLD_FLAT,0,0
2024-10-29,0.5611111111111111,-0.5611111111111111,0.1,0.3,False,-1,0.0,0.0,HOLD_FLAT,HOLD_FLAT,0,0
2024-10-30,0.35,-0.35,0.1,0.3,False,-1,0.0,0.0,HOLD_FLAT,HOLD_FLAT,0,0
2024-10-31,0.4722222222222223,0.4722222222222223,0.1,0.3,False,1,0.0,0.0,HOLD_FLAT,HOLD_FLAT,0,0
2024-11-01,0.6722222222222223,0.6722222222222223,0.1,0.3,False,1,0.0,0.0,HOLD_FLAT,HOLD_FLAT,0,0
2024-11-04,0.3666666666666667,0.3666666666666667,0.1,0.3,False,1,0.0,0.0,HOLD_FLAT,HOLD_FLAT,0,0
2024-11-05,0.03333333333333344,0.03333333333333344,0.1,0.3,False,1,0.0,0.0,HOLD_FLAT,HOLD_FLAT,0,0
2024-11-06,0.5,-0.5,0.1,0.3,False,-1,0.0,0.0,HOLD_FLAT,HOLD_FLAT,0,0
2024-11-07,0.43333333333333335,0.43333333333333335,0.1,0.3,False,1,0.0,0.0,HOLD_FLAT,HOLD_FLAT,0,0
2024-11-08,0.1333333333333333,-0.1333333333333333,0.1,0.3,False,-1,0.0,0.0,HOLD_FLAT,HOLD_FLAT,0,0
2024-11-11,0.95,0.95,0.1,0.3,True,1,1.0,1.0,OPEN_LONG,OPEN_LONG,1,1
2024-11-12,0.10555555555555562,0.10555555555555562,0.1,0.3,False,1,1.0,1.0,HOLD,HOLD,1,1
2024-11-13,0.95,0.95,0.1,0.3,True,1,0.5,0.5,DECREASE,DECREASE,1,1
2024-11-14,0.9611111111111111,-0.9611111111111111,0.1,0.3,True,-1,0.5,0.5,HOLD,HOLD,1,1
2024-11-15,0.8,-0.8,0.1,0.3,False,-1,0.0,0.0,CLOSE,CLOSE,0,0
2024-11-18,0.8500000000000001,0.8500000000000001,0.1,0.3,True,1,0.35,0.35,OPEN_LONG,OPEN_LONG,1,1
2024-11-19,0.6611111111111112,0.6611111111111112,0.1,0.3,False,1,0.5,0.5,INCREASE,INCREASE,1,1
2024-11-20,0.0277777777777779,0.0277777777777779,0.1,0.3,False,1,0.5,0.5,HOLD,HOLD,1,1
2024-11-21,0.21666666666666667,-0.21666666666666667,0.1,0.3,False,-1,0.0,0.0,CLOSE,CLOSE,0,0
2024-11-22,0.75,-0.75,0.1,0.3,False,-1,0.0,0.0,HOLD_FLAT,HOLD_FLAT,0,0
2024-11-25,0.40555555555555567,0.40555555555555567,0.1,0.3,False,1,0.0,0.0,HOLD_FLAT,HOLD_FLAT,0,0
2024-11-26,0.5555555555555556,-0.5555555555555556,0.1,0.3,False,-1,0.0,0.0,HOLD_FLAT,HOLD_FLAT,0,0
2024-11-27,0.016666666666666607,0.016666666666666607,0.1,0.3,False,1,0.0,0.0,HOLD_FLAT,HOLD_FLAT,0,0
2024-11-28,0.05555555555555558,0.05555555555555558,0.1,0.3,False,1,0.0,0.0,HOLD_FLAT,HOLD_FLAT,0,0
2024-11-29,0.06666666666666665,0.06666666666666665,0.1,0.3,False,1,0.0,0.0,HOLD_FLAT,HOLD_FLAT,0,0
2024-12-02,0.02777777777777779,-0.02777777777777779,0.1,0.3,False,-1,0.0,0.0,HOLD_FLAT,HOLD_FLAT,0,0
2024-12-03,0.07777777777777772,-0.07777777777777772,0.1,0.3,False,-1,0.0,0.0,HOLD_FLAT,HOLD_FLAT,0,0
2024-12-04,0.5722222222222222,-0.5722222222222222,0.1,0.3,False,-1,0.0,0.0,HOLD_FLAT,HOLD_FLAT,0,0
2024-12-05,0.1777777777777778,0.1777777777777778,0.1,0.3,False,1,0.0,0.0,HOLD_FLAT,HOLD_FLAT,0,0
2024-12-06,0.14444444444444438,0.14444444444444438,0.1,0.3,False,1,0.0,0.0,HOLD_FLAT,HOLD_FLAT,0,0
2024-12-09,0.13888888888888884,0.13888888888888884,0.1,0.3,False,1,0.0,0.0,HOLD_FLAT,HOLD_FLAT,0,0
2024-12-10,0.005555555555555536,-0.005555555555555536,0.1,0.3,False,-1,0.0,0.0,HOLD_FLAT,HOLD_FLAT,0,0
2024-12-11,0.08333333333333326,0.08333333333333326,0.1,0.3,False,1,0.0,0.0,HOLD_FLAT,HOLD_FLAT,0,0
2024-12-12,0.26111111111111107,0.26111111111111107,0.1,0.3,False,1,0.0,0.0,HOLD_FLAT,HOLD_FLAT,0,0
2024-12-13,0.47777777777777775,-0.47777777777777775,0.1,0.3,False,-1,0.0,0.0,HOLD_FLAT,HOLD_FLAT,0,0
2024-12-16,0.2055555555555555,0.2055555555555555,0.1,0.3,False,1,0.0,0.0,HOLD_FLAT,HOLD_FLAT,0,0
2024-12-17,0.25,-0.25,0.1,0.3,False,-1,0.0,0.0,HOLD_FLAT,HOLD_FLAT,0,0
2024-12-18,0.27222222222222225,-0.27222222222222225,0.1,0.3,False,-1,0.0,0.0,HOLD_FLAT,HOLD_FLAT,0,0
2024-12-19,0.13888888888888884,-0.13888888888888884,0.1,0.3,False,-1,0.0,0.0,HOLD_FLAT,HOLD_FLAT,0,0
2024-12-20,0.9388888888888889,0.9388888888888889,0.1,0.3,True,1,1.0,1.0,OPEN_LONG,OPEN_LONG,1,1
2024-12-23,0.2222222222222222,-0.2222222222222222,0.1,0.3,False,-1,1.0,1.0,HOLD,HOLD,1,1
2024-12-24,0.5611111111111111,0.5611111111111111,0.1,0.3,False,1,0.0,0.0,CLOSE,CLOSE,0,0
2024-12-25,0.22777777777777775,-0.22777777777777775,0.1,0.3,False,-1,0.0,0.0,HOLD_FLAT,HOLD_FLAT,0,0
2024-12-26,0.08333333333333326,0.08333333333333326,0.1,0.3,False,1,0.0,0.0,HOLD_FLAT,HOLD_FLAT,0,0
2024-12-27,0.3944444444444444,-0.3944444444444444,0.1,0.3,False,-1,0.0,0.0,HOLD_FLAT,HOLD_FLAT,0,0
2024-12-30,0.8055555555555556,0.8055555555555556,0.1,0.3,True,1,0.6,0.6,OPEN_LONG,OPEN_LONG,1,1
2024-12-31,0.5055555555555555,-0.5055555555555555,0.1,0.3,False,-1,0.6,0.6,HOLD,HOLD,1,1
2025-01-02,0.41666666666666674,0.41666666666666674,0.1,0.3,False,1,0.0,0.0,CLOSE,CLOSE,0,0
2025-01-03,0.55,-0.55,0.1,0.3,False,-1,0.0,0.0,HOLD_FLAT,HOLD_FLAT,0,0
2025-01-06,0.6499999999999999,0.6499999999999999,0.1,0.3,False,1,0.0,0.0,HOLD_FLAT,HOLD_FLAT,0,0
2025-01-07,0.6055555555555556,0.6055555555555556,0.1,0.3,False,1,0.0,0.0,HOLD_FLAT,HOLD_FLAT,0,0
2025-01-08,0.6055555555555555,-0.6055555555555555,0.1,0.3,False,-1,0.0,0.0,HOLD_FLAT,HOLD_FLAT,0,0
2025-01-09,0.5611111111111111,0.5611111111111111,0.1,0.3,False,1,0.0,0.0,HOLD_FLAT,HOLD_FLAT,0,0
2025-01-10,0.08333333333333326,-0.08333333333333326,0.1,0.3,False,-1,0.0,0.0,HOLD_FLAT,HOLD_FLAT,0,0
2025-01-13,0.44999999999999996,0.44999999999999996,0.1,0.3,False,1,0.0,0.0,HOLD_FLAT,HOLD_FLAT,0,0
2025-01-14,0.23888888888888893,0.23888888888888893,0.1,0.3,False,1,0.0,0.0,HOLD_FLAT,HOLD_FLAT,0,0
2025-01-15,0.6111111111111112,0.6111111111111112,0.1,0.3,False,1,0.0,0.0,HOLD_FLAT,HOLD_FLAT,0,0
2025-01-16,0.12777777777777777,-0.12777777777777777,0.1,0.3,False,-1,0.0,0.0,HOLD_FLAT,HOLD_FLAT,0,0
2025-01-17,0.4833333333333334,0.4833333333333334,0.1,0.3,False,1,0.0,0.0,HOLD_FLAT,HOLD_FLAT,0,0
2025-01-20,0.050000000000000044,0.050000000000000044,0.1,0.3,False,1,0.0,0.0,HOLD_FLAT,HOLD_FLAT,0,0
2025-01-21,0.75,-0.75,0.1,0.3,False,-1,0.0,0.0,HOLD_FLAT,HOLD_FLAT,0,0
2025-01-22,0.3833333333333333,0.3833333333333333,0.1,0.3,False,1,0.0,0.0,HOLD_FLAT,HOLD_FLAT,0,0
2025-01-23,0.25,0.25,0.1,0.3,False,1,0.0,0.0,HOLD_FLAT,HOLD_FLAT,0,0
2025-01-24,0.06666666666666665,0.06666666666666665,0.1,0.3,False,1,0.0,0.0,HOLD_FLAT,HOLD_FLAT,0,0
2025-01-27,0.09444444444444455,0.09444444444444455,0.1,0.3,False,1,0.0,0.0,HOLD_FLAT,HOLD_FLAT,0,0
2025-02-05,0.5888888888888888,-0.5888888888888888,0.1,0.3,False,-1,0.0,0.0,HOLD_FLAT,HOLD_FLAT,0,0
2025-02-06,0.21666666666666667,-0.21666666666666667,0.1,0.3,False,-1,0.0,0.0,HOLD_FLAT,HOLD_FLAT,0,0
2025-02-07,0.24444444444444446,0.24444444444444446,0.1,0.3,False,1,0.0,0.0,HOLD_FLAT,HOLD_FLAT,0,0
2025-02-10,0.461111111111111,0.461111111111111,0.1,0.3,False,1,0.0,0.0,HOLD_FLAT,HOLD_FLAT,0,0
2025-02-11,0.5555555555555556,-0.5555555555555556,0.1,0.3,False,-1,0.0,0.0,HOLD_FLAT,HOLD_FLAT,0,0
2025-02-12,0.18888888888888888,0.18888888888888888,0.1,0.3,False,1,0.0,0.0,HOLD_FLAT,HOLD_FLAT,0,0
2025-02-13,0.033333333333333326,-0.033333333333333326,0.1,0.3,False,-1,0.0,0.0,HOLD_FLAT,HOLD_FLAT,0,0
2025-02-14,0.21666666666666667,-0.21666666666666667,0.1,0.3,False,-1,0.0,0.0,HOLD_FLAT,HOLD_FLAT,0,0
2025-02-17,0.2777777777777779,0.2777777777777779,0.1,0.3,False,1,0.0,0.0,HOLD_FLAT,HOLD_FLAT,0,0
2025-02-18,0.005555555555555536,0.005555555555555536,0.1,0.3,False,1,0.0,0.0,HOLD_FLAT,HOLD_FLAT,0,0
2025-02-19,0.23888888888888893,0.23888888888888893,0.1,0.3,False,1,0.0,0.0,HOLD_FLAT,HOLD_FLAT,0,0
2025-02-20,0.02777777777777779,-0.02777777777777779,0.1,0.3,False,-1,0.0,0.0,HOLD_FLAT,HOLD_FLAT,0,0
2025-02-21,0.22777777777777775,-0.22777777777777775,0.1,0.3,False,-1,0.0,0.0,HOLD_FLAT,HOLD_FLAT,0,0
2025-02-24,0.12222222222222223,0.12222222222222223,0.1,0.3,False,1,0.0,0.0,HOLD_FLAT,HOLD_FLAT,0,0
2025-02-25,0.005555555555555536,0.005555555555555536,0.1,0.3,False,1,0.0,0.0,HOLD_FLAT,HOLD_FLAT,0,0
2025-02-26,0.27222222222222225,-0.27222222222222225,0.1,0.3,False,-1,0.0,0.0,HOLD_FLAT,HOLD_FLAT,0,0
2025-02-27,0.1499999999999999,0.1499999999999999,0.1,0.3,False,1,0.0,0.0,HOLD_FLAT,HOLD_FLAT,0,0
2025-02-28,0.3944444444444444,-0.3944444444444444,0.1,0.3,False,-1,0.0,0.0,HOLD_FLAT,HOLD_FLAT,0,0
2025-03-03,0.22222222222222232,0.22222222222222232,0.1,0.3,False,1,0.0,0.0,HOLD_FLAT,HOLD_FLAT,0,0
2025-03-04,0.04999999999999993,-0.04999999999999993,0.1,0.3,False,-1,0.0,0.0,HOLD_FLAT,HOLD_FLAT,0,0
2025-03-05,0.10555555555555562,0.10555555555555562,0.1,0.3,False,1,0.0,0.0,HOLD_FLAT,HOLD_FLAT,0,0
2025-03-06,0.7277777777777779,0.7277777777777779,0.1,0.3,False,1,0.0,0.0,HOLD_FLAT,HOLD_FLAT,0,0
2025-03-07,0.3277777777777777,-0.3277777777777777,0.1,0.3,False,-1,0.0,0.0,HOLD_FLAT,HOLD_FLAT,0,0
2025-03-10,0.18333333333333335,-0.18333333333333335,0.1,0.3,False,-1,0.0,0.0,HOLD_FLAT,HOLD_FLAT,0,0
2025-03-11,0.22777777777777786,0.22777777777777786,0.1,0.3,False,1,0.0,0.0,HOLD_FLAT,HOLD_FLAT,0,0
2025-03-12,0.18888888888888888,-0.18888888888888888,0.1,0.3,False,-1,0.0,0.0,HOLD_FLAT,HOLD_FLAT,0,0
2025-03-13,0.15000000000000002,-0.15000000000000002,0.1,0.3,False,-1,0.0,0.0,HOLD_FLAT,HOLD_FLAT,0,0
2025-03-14,0.22222222222222232,0.22222222222222232,0.1,0.3,False,1,0.0,0.0,HOLD_FLAT,HOLD_FLAT,0,0
2025-03-17,0.4722222222222223,0.4722222222222223,0.1,0.3,False,1,0.0,0.0,HOLD_FLAT,HOLD_FLAT,0,0
2025-03-18,0.43333333333333335,-0.43333333333333335,0.1,0.3,False,-1,0.0,0.0,HOLD_FLAT,HOLD_FLAT,0,0
2025-03-19,0.09444444444444444,-0.09444444444444444,0.1,0.3,False,-1,0.0,0.0,HOLD_FLAT,HOLD_FLAT,0,0
2025-03-20,0.7722222222222221,-0.7722222222222221,0.1,0.3,False,-1,0.0,0.0,HOLD_FLAT,HOLD_FLAT,0,0
2025-03-21,0.011111111111111072,0.011111111111111072,0.1,0.3,False,1,0.0,0.0,HOLD_FLAT,HOLD_FLAT,0,0
2025-03-24,0.3944444444444444,0.3944444444444444,0.1,0.3,False,1,0.0,0.0,HOLD_FLAT,HOLD_FLAT,0,0
2025-03-25,0.11111111111111116,0.11111111111111116,0.1,0.3,False,1,0.0,0.0,HOLD_FLAT,HOLD_FLAT,0,0
2025-03-26,0.48888888888888893,0.48888888888888893,0.1,0.3,False,1,0.0,0.0,HOLD_FLAT,HOLD_FLAT,0,0
2025-03-27,0.03888888888888886,-0.03888888888888886,0.1,0.3,False,-1,0.0,0.0,HOLD_FLAT,HOLD_FLAT,0,0
2025-03-28,0.22777777777777775,-0.22777777777777775,0.1,0.3,False,-1,0.0,0.0,HOLD_FLAT,HOLD_FLAT,0,0
2025-03-31,0.2055555555555555,0.2055555555555555,0.1,0.3,False,1,0.0,0.0,HOLD_FLAT,HOLD_FLAT,0,0
2025-04-01,0.26111111111111107,0.26111111111111107,0.1,0.3,False,1,0.0,0.0,HOLD_FLAT,HOLD_FLAT,0,0
2025-04-02,0.5333333333333333,-0.5333333333333333,0.1,0.3,False,-1,0.0,0.0,HOLD_FLAT,HOLD_FLAT,0,0
2025-04-03,0.08333333333333326,-0.08333333333333326,0.1,0.3,False,-1,0.0,0.0,HOLD_FLAT,HOLD_FLAT,0,0
2025-04-07,0.8,-0.8,0.1,0.3,False,-1,0.0,0.0,HOLD_FLAT,HOLD_FLAT,0,0
2025-04-08,0.3944444444444444,-0.3944444444444444,0.1,0.3,False,-1,0.0,0.0,HOLD_FLAT,HOLD_FLAT,0,0
2025-04-09,0.2222222222222222,-0.2222222222222222,0.1,0.3,False,-1,0.0,0.0,HOLD_FLAT,HOLD_FLAT,0,0
2025-04-10,0.49444444444444446,0.49444444444444446,0.1,0.3,False,1,0.0,0.0,HOLD_FLAT,HOLD_FLAT,0,0
2025-04-11,0.1611111111111111,-0.1611111111111111,0.1,0.3,False,-1,0.0,0.0,HOLD_FLAT,HOLD_FLAT,0,0
2025-04-14,0.44999999999999996,0.44999999999999996,0.1,0.3,False,1,0.0,0.0,HOLD_FLAT,HOLD_FLAT,0,0
2025-04-15,0.005555555555555536,0.005555555555555536,0.1,0.3,False,1,0.0,0.0,HOLD_FLAT,HOLD_FLAT,0,0
2025-04-16,0.21666666666666667,-0.21666666666666667,0.1,0.3,False,-1,0.0,0.0,HOLD_FLAT,HOLD_FLAT,0,0
2025-04-17,0.12777777777777777,0.12777777777777777,0.1,0.3,False,1,0.0,0.0,HOLD_FLAT,HOLD_FLAT,0,0
2025-04-18,0.16666666666666663,-0.16666666666666663,0.1,0.3,False,-1,0.0,0.0,HOLD_FLAT,HOLD_FLAT,0,0
2025-04-21,0.6166666666666667,-0.6166666666666667,0.1,0.3,False,-1,0.0,0.0,HOLD_FLAT,HOLD_FLAT,0,0
2025-04-22,0.6055555555555555,-0.6055555555555555,0.1,0.3,False,-1,0.0,0.0,HOLD_FLAT,HOLD_FLAT,0,0
2025-04-23,0.7166666666666668,0.7166666666666668,0.1,0.3,False,1,0.0,0.0,HOLD_FLAT,HOLD_FLAT,0,0
2025-04-24,0.4,-0.4,0.1,0.3,False,-1,0.0,0.0,HOLD_FLAT,HOLD_FLAT,0,0
2025-04-25,0.0444444444444444,-0.0444444444444444,0.1,0.3,False,-1,0.0,0.0,HOLD_FLAT,HOLD_FLAT,0,0
2025-04-28,0.6444444444444444,-0.6444444444444444,0.1,0.3,False,-1,0.0,0.0,HOLD_FLAT,HOLD_FLAT,0,0
2025-04-29,0.4388888888888889,-0.4388888888888889,0.1,0.3,False,-1,0.0,0.0,HOLD_FLAT,HOLD_FLAT,0,0
2025-04-30,0.19444444444444442,-0.19444444444444442,0.1,0.3,False,-1,0.0,0.0,HOLD_FLAT,HOLD_FLAT,0,0
2025-05-06,0.4444444444444444,-0.4444444444444444,0.1,0.3,False,-1,0.0,0.0,HOLD_FLAT,HOLD_FLAT,0,0
2025-05-07,0.6277777777777778,-0.6277777777777778,0.1,0.3,False,-1,0.0,0.0,HOLD_FLAT,HOLD_FLAT,0,0
2025-05-08,0.2055555555555555,0.2055555555555555,0.1,0.3,False,1,0.0,0.0,HOLD_FLAT,HOLD_FLAT,0,0
2025-05-09,0.6833333333333333,-0.6833333333333333,0.1,0.3,False,-1,0.0,0.0,HOLD_FLAT,HOLD_FLAT,0,0
2025-05-12,0.6888888888888889,0.6888888888888889,0.1,0.3,False,1,0.0,0.0,HOLD_FLAT,HOLD_FLAT,0,0
2025-05-13,0.5055555555555555,-0.5055555555555555,0.1,0.3,False,-1,0.0,0.0,HOLD_FLAT,HOLD_FLAT,0,0
2025-05-14,0.8944444444444444,0.8944444444444444,0.1,0.3,True,1,0.0,0.0,HOLD_FLAT,HOLD_FLAT,0,0
2025-05-15,0.6277777777777778,-0.6277777777777778,0.1,0.3,False,-1,0.0,0.0,HOLD_FLAT,HOLD_FLAT,0,0
2025-05-16,0.8833333333333333,-0.8833333333333333,0.1,0.3,False,-1,-1.0,-1.0,OPEN_SHORT,OPEN_SHORT,1,1
2025-05-19,0.37777777777777777,-0.37777777777777777,0.1,0.3,False,-1,0.0,0.0,CLOSE,CLOSE,0,0
2025-05-20,0.21111111111111114,-0.21111111111111114,0.1,0.3,False,-1,0.0,0.0,HOLD_FLAT,HOLD_FLAT,0,0
2025-05-21,0.3555555555555556,0.3555555555555556,0.1,0.3,False,1,0.0,0.0,HOLD_FLAT,HOLD_FLAT,0,0
2025-05-22,0.6833333333333333,0.6833333333333333,0.1,0.3,False,1,0.0,0.0,HOLD_FLAT,HOLD_FLAT,0,0
2025-05-23,0.6555555555555556,-0.6555555555555556,0.1,0.3,False,-1,0.0,0.0,HOLD_FLAT,HOLD_FLAT,0,0
2025-05-26,0.5388888888888889,-0.5388888888888889,0.1,0.3,False,-1,0.0,0.0,HOLD_FLAT,HOLD_FLAT,0,0
2025-05-27,0.6055555555555556,0.6055555555555556,0.1,0.3,False,1,0.0,0.0,HOLD_FLAT,HOLD_FLAT,0,0
2025-05-28,0.35,-0.35,0.1,0.3,False,-1,0.0,0.0,HOLD_FLAT,HOLD_FLAT,0,0
2025-05-29,0.7944444444444444,-0.7944444444444444,0.1,0.3,False,-1,1.0,1.0,OPEN_LONG,OPEN_LONG,1,1
2025-05-30,0.6611111111111112,0.6611111111111112,0.1,0.3,False,1,1.0,1.0,HOLD,HOLD,1,1
2025-06-03,0.22222222222222232,0.22222222222222232,0.1,0.3,False,1,1.0,1.0,HOLD,HOLD,1,1
2025-06-04,0.7444444444444445,0.7444444444444445,0.1,0.3,False,1,1.0,1.0,HOLD,HOLD,1,1
2025-06-05,0.5611111111111111,-0.5611111111111111,0.1,0.3,False,-1,1.0,1.0,HOLD,HOLD,1,1
2025-06-06,0.4222222222222223,0.4222222222222223,0.1,0.3,False,1,1.0,1.0,HOLD,HOLD,1,1
2025-06-09,0.3833333333333333,0.3833333333333333,0.1,0.3,False,1,1.0,1.0,HOLD,HOLD,1,1
2025-06-10,0.12777777777777777,0.12777777777777777,0.1,0.3,False,1,1.0,1.0,HOLD,HOLD,1,1
2025-06-11,0.6833333333333333,0.6833333333333333,0.1,0.3,False,1,1.0,1.0,HOLD,HOLD,1,1
2025-06-12,0.7444444444444445,-0.7444444444444445,0.1,0.3,False,-1,1.0,1.0,HOLD,HOLD,1,1
2025-06-13,0.41666666666666663,-0.41666666666666663,0.1,0.3,False,-1,1.0,1.0,HOLD,HOLD,1,1
2025-06-16,0.03888888888888897,0.03888888888888897,0.1,0.3,False,1,1.0,1.0,HOLD,HOLD,1,1
2025-06-17,0.16666666666666674,0.16666666666666674,0.1,0.3,False,1,1.0,1.0,HOLD,HOLD,1,1
2025-06-18,0.07777777777777772,0.07777777777777772,0.1,0.3,False,1,1.0,1.0,HOLD,HOLD,1,1
2025-06-19,0.28333333333333344,0.28333333333333344,0.1,0.3,False,1,1.0,1.0,HOLD,HOLD,1,1
2025-06-20,0.6888888888888889,-0.6888888888888889,0.1,0.3,False,-1,1.0,1.0,HOLD,HOLD,1,1
2025-06-23,0.3944444444444444,0.3944444444444444,0.1,0.3,False,1,1.0,1.0,HOLD,HOLD,1,1
2025-06-24,0.8500000000000001,0.8500000000000001,0.1,0.3,False,1,1.0,1.0,HOLD,HOLD,1,1
2025-06-25,0.2666666666666666,0.2666666666666666,0.1,0.3,False,1,1.0,1.0,HOLD,HOLD,1,1
2025-06-26,0.538888888888889,0.538888888888889,0.1,0.3,False,1,0.7,0.7,DECREASE,DECREASE,1,1
2025-06-27,0.8888888888888888,0.8888888888888888,0.1,0.3,True,1,1.0,1.0,INCREASE,INCREASE,1,1
2025-06-30,0.6277777777777778,-0.6277777777777778,0.1,0.3,False,-1,1.0,1.0,HOLD,HOLD,1,1
2025-07-01,0.5277777777777779,0.5277777777777779,0.1,0.3,False,1,0.7,0.7,DECREASE,DECREASE,1,1
2025-07-02,0.8055555555555556,0.8055555555555556,0.1,0.3,False,1,0.7,0.7,HOLD,HOLD,1,1
2025-07-03,0.1777777777777778,0.1777777777777778,0.1,0.3,False,1,0.7,0.7,HOLD,HOLD,1,1
2025-07-04,0.5277777777777777,-0.5277777777777777,0.1,0.3,False,-1,0.7,0.7,HOLD,HOLD,1,1
2025-07-07,0.461111111111111,0.461111111111111,0.1,0.3,False,1,0.7,0.7,HOLD,HOLD,1,1
2025-07-08,0.3555555555555556,0.3555555555555556,0.1,0.3,False,1,0.7,0.7,HOLD,HOLD,1,1
2025-07-09,0.5222222222222221,0.5222222222222221,0.1,0.3,False,1,0.7,0.7,HOLD,HOLD,1,1
2025-07-10,0.18333333333333335,-0.18333333333333335,0.1,0.3,False,-1,0.7,0.7,HOLD,HOLD,1,1
2025-07-11,0.13888888888888884,0.13888888888888884,0.1,0.3,False,1,0.7,0.7,HOLD,HOLD,1,1
2025-07-14,0.95,0.95,0.1,0.3,False,1,0.7,0.7,HOLD,HOLD,1,1
2025-07-15,0.23888888888888893,0.23888888888888893,0.1,0.3,False,1,0.0,0.0,CLOSE,CLOSE,0,0
2025-07-16,0.2055555555555555,-0.2055555555555555,0.1,0.3,False,-1,0.0,0.0,HOLD_FLAT,HOLD_FLAT,0,0
2025-07-17,0.8611111111111112,0.8611111111111112,0.1,0.3,True,1,1.0,1.0,OPEN_LONG,OPEN_LONG,1,1
2025-07-18,0.9388888888888889,0.9388888888888889,0.1,0.3,True,1,1.0,1.0,HOLD,HOLD,1,1
2025-07-21,0.8277777777777777,0.8277777777777777,0.1,0.3,True,1,1.0,1.0,HOLD,HOLD,1,1
2025-07-22,0.8611111111111112,0.8611111111111112,0.1,0.3,True,1,1.0,1.0,HOLD,HOLD,1,1
2025-07-23,0.9833333333333333,-0.9833333333333333,0.1,0.3,True,-1,-1.0,-1.0,REVERSE,REVERSE,1,1
2025-07-24,0.9944444444444445,0.9944444444444445,0.1,0.3,True,1,-0.15,-0.5,DECREASE,DECREASE,1,1
2025-07-25,0.95,0.95,0.1,0.3,True,1,0.105,0.35,REVERSE,REVERSE,1,1
2025-07-28,0.9944444444444445,-0.9944444444444445,0.1,0.3,True,-1,0.0525,0.175,DECREASE,DECREASE,1,1
2025-07-29,0.9277777777777778,-0.9277777777777778,0.1,0.3,False,-1,0.0,0.0,CLOSE,CLOSE,0,0
2025-07-30,0.19999999999999996,-0.19999999999999996,0.1,0.3,False,-1,0.0,0.0,HOLD_FLAT,HOLD_FLAT,0,0
2025-07-31,0.9333333333333333,-0.9333333333333333,0.1,0.3,True,-1,-0.105,-0.105,OPEN_SHORT,OPEN_SHORT,1,1
2025-08-01,0.5555555555555556,0.5555555555555556,0.1,0.3,False,1,-0.105,-0.105,HOLD,HOLD,1,1
2025-08-04,0.005555555555555536,0.005555555555555536,0.1,0.3,False,1,0.0,0.0,CLOSE,CLOSE,0,0
2025-08-05,0.6777777777777778,-0.6777777777777778,0.1,0.3,False,-1,0.0,0.0,HOLD_FLAT,HOLD_FLAT,0,0
2025-08-06,0.8833333333333333,0.8833333333333333,0.1,0.3,True,1,0.105,0.105,OPEN_LONG,OPEN_LONG,1,1
2025-08-07,0.95,0.95,0.1,0.3,True,1,-0.017499999999999995,-0.017499999999999995,REVERSE,REVERSE,1,1
2025-08-08,0.9833333333333334,0.9833333333333334,0.1,0.3,True,1,-0.017499999999999995,-0.017499999999999995,HOLD,HOLD,1,1
2025-08-11,0.9722222222222223,0.9722222222222223,0.1,0.3,True,1,-0.017499999999999995,-0.017499999999999995,HOLD,HOLD,1,1
2025-08-12,0.8055555555555556,0.8055555555555556,0.1,0.3,False,1,-0.017499999999999995,-0.017499999999999995,HOLD,HOLD,1,1
2025-08-13,0.9277777777777778,0.9277777777777778,0.1,0.3,True,1,-0.017499999999999995,-0.017499999999999995,HOLD,HOLD,1,1
2025-08-14,0.30000000000000004,0.30000000000000004,0.1,0.3,False,1,-0.017499999999999995,-0.017499999999999995,HOLD,HOLD,1,1
2025-08-15,0.8444444444444446,0.8444444444444446,0.1,0.3,False,1,-0.12249999999999998,-0.12249999999999998,INCREASE,INCREASE,1,1
2025-08-18,0.9166666666666667,0.9166666666666667,0.1,0.3,True,1,-0.017499999999999995,-0.017499999999999995,DECREASE,DECREASE,1,1
2025-08-19,0.8944444444444444,-0.8944444444444444,0.1,0.3,True,-1,-0.017499999999999995,-0.017499999999999995,HOLD,HOLD,1,1
2025-08-20,0.9833333333333333,-0.9833333333333333,0.1,0.3,False,-1,-0.03674999999999999,-0.12249999999999998,INCREASE,INCREASE,1,1
2025-08-21,0.8444444444444446,0.8444444444444446,0.1,0.3,False,1,-0.03674999999999999,-0.12249999999999998,HOLD,HOLD,1,1
2025-08-22,0.9722222222222222,-0.9722222222222222,0.1,0.3,True,-1,-0.0525,-0.175,INCREASE,INCREASE,1,1
2025-08-25,0.44999999999999996,0.44999999999999996,0.1,0.3,False,1,-0.105,-0.35,INCREASE,INCREASE,1,1
2025-08-26,0.3388888888888889,-0.3388888888888889,0.1,0.3,False,-1,-0.07349999999999998,-0.24499999999999997,DECREASE,DECREASE,1,1
2025-08-27,0.15000000000000002,-0.15000000000000002,0.1,0.3,False,-1,-0.07349999999999998,-0.24499999999999997,HOLD,HOLD,1,1
2025-08-28,0.5388888888888889,-0.5388888888888889,0.1,0.3,False,-1,-0.07349999999999998,-0.24499999999999997,HOLD,HOLD,1,1
2025-08-29,0.6388888888888888,-0.6388888888888888,0.1,0.3,False,-1,-0.07349999999999998,-0.24499999999999997,HOLD,HOLD,1,1
2025-09-01,0.8611111111111112,-0.8611111111111112,0.1,0.3,False,-1,-0.07349999999999998,-0.24499999999999997,HOLD,HOLD,1,1
2025-09-02,0.95,-0.95,0.1,0.3,True,-1,-0.105,-0.35,INCREASE,INCREASE,1,1
2025-09-03,0.5166666666666666,-0.5166666666666666,0.1,0.3,False,-1,-0.09,-0.3,DECREASE,DECREASE,1,1
2025-09-04,0.788888888888889,0.788888888888889,0.1,0.3,False,1,0.0,0.0,CLOSE,CLOSE,0,0
2025-09-05,0.588888888888889,0.588888888888889,0.1,0.3,False,1,0.0,0.0,HOLD_FLAT,HOLD_FLAT,0,0
2025-09-08,0.4722222222222223,0.4722222222222223,0.1,0.3,False,1,-0.105,-0.35,OPEN_SHORT,OPEN_SHORT,1,1
2025-09-09,0.8722222222222222,-0.8722222222222222,0.1,0.3,False,-1,-0.07349999999999998,-0.24499999999999997,DECREASE,DECREASE,1,1
2025-09-10,0.8944444444444444,-0.8944444444444444,0.1,0.3,False,-1,-0.105,-0.35,INCREASE,INCREASE,1,1
2025-09-11,0.338888888888889,0.338888888888889,0.1,0.3,False,1,-0.105,-0.35,HOLD,HOLD,1,1
2025-09-12,0.16666666666666674,0.16666666666666674,0.1,0.3,False,1,-0.21,-0.7,INCREASE,INCREASE,1,1
2025-09-15,0.7666666666666666,0.7666666666666666,0.1,0.3,False,1,-0.21,-0.7,HOLD,HOLD,1,1
2025-09-16,0.43333333333333335,0.43333333333333335,0.1,0.3,False,1,-0.21,-0.7,HOLD,HOLD,1,1
2025-09-17,0.40555555555555567,0.40555555555555567,0.1,0.3,False,1,-0.21,-0.7,HOLD,HOLD,1,1
2025-09-18,0.5277777777777777,-0.5277777777777777,0.1,0.3,False,-1,-0.21,-0.7,HOLD,HOLD,1,1
2025-09-19,0.6722222222222223,0.6722222222222223,0.1,0.3,False,1,-0.7,-0.7,INCREASE,HOLD,1,1
2025-09-22,0.38888888888888884,-0.38888888888888884,0.1,0.3,False,-1,-0.48999999999999994,-0.48999999999999994,DECREASE,DECREASE,1,1
2025-09-23,0.28333333333333344,0.28333333333333344,0.1,0.3,False,1,-0.7,-0.7,INCREASE,INCREASE,1,1
2025-09-24,0.5444444444444444,-0.5444444444444444,0.1,0.3,False,-1,-0.48999999999999994,-0.48999999999999994,DECREASE,DECREASE,1,1
2025-09-25,0.7166666666666668,0.7166666666666668,0.1,0.3,False,1,-0.7,-0.7,INCREASE,INCREASE,1,1
2025-09-26,0.7055555555555555,-0.7055555555555555,0.1,0.3,False,-1,-0.48999999999999994,-0.48999999999999994,DECREASE,DECREASE,1,1
2025-09-29,0.6444444444444444,0.6444444444444444,0.1,0.3,False,1,-0.48999999999999994,-0.48999999999999994,HOLD,HOLD,1,1
2025-09-30,0.6944444444444444,-0.6944444444444444,0.1,0.3,False,-1,-0.48999999999999994,-0.48999999999999994,HOLD,HOLD,1,1
2025-10-09,0.48888888888888893,0.48888888888888893,0.1,0.3,False,1,-0.48999999999999994,-0.48999999999999994,HOLD,HOLD,1,1
2025-10-10,0.41666666666666663,-0.41666666666666663,0.1,0.3,False,-1,-0.48999999999999994,-0.48999999999999994,HOLD,HOLD,1,1
2025-10-13,0.36111111111111105,-0.36111111111111105,0.1,0.3,False,-1,0.0,0.0,CLOSE,CLOSE,0,0
2025-10-14,0.40555555555555567,0.40555555555555567,0.1,0.3,False,1,0.0,0.0,HOLD_FLAT,HOLD_FLAT,0,0
2025-10-15,0.3222222222222222,0.3222222222222222,0.1,0.3,False,1,0.0,0.0,HOLD_FLAT,HOLD_FLAT,0,0
2025-10-16,0.9055555555555557,0.9055555555555557,0.1,0.3,False,1,0.0,0.0,HOLD_FLAT,HOLD_FLAT,0,0
2025-10-17,0.5777777777777777,0.5777777777777777,0.1,0.3,False,1,0.0,0.0,HOLD_FLAT,HOLD_FLAT,0,0
2025-10-20,0.13888888888888884,0.13888888888888884,0.1,0.3,False,1,0.0,0.0,HOLD_FLAT,HOLD_FLAT,0,0
2025-10-21,0.0,0.0,0.1,0.3,False,0,0.0,0.0,HOLD_FLAT,HOLD_FLAT,0,0
2025-10-22,0.7055555555555555,0.7055555555555555,0.1,0.3,False,1,0.0,0.0,HOLD_FLAT,HOLD_FLAT,0,0
2025-10-23,0.95,0.95,0.1,0.3,False,1,0.0,0.0,HOLD_FLAT,HOLD_FLAT,0,0
2025-10-24,0.36111111111111105,-0.36111111111111105,0.1,0.3,False,-1,0.0,0.0,HOLD_FLAT,HOLD_FLAT,0,0
2025-10-27,0.9166666666666667,0.9166666666666667,0.1,0.3,True,1,0.18,0.6,OPEN_LONG,OPEN_LONG,1,1
2025-10-28,0.23333333333333328,-0.23333333333333328,0.1,0.3,False,-1,0.18,0.6,HOLD,HOLD,1,1
2025-10-29,0.7166666666666668,0.7166666666666668,0.1,0.3,False,1,0.0,0.0,CLOSE,CLOSE,0,0
2025-10-30,0.4277777777777778,0.4277777777777778,0.1,0.3,False,1,0.0,0.0,HOLD_FLAT,HOLD_FLAT,0,0
2025-10-31,0.9388888888888889,-0.9388888888888889,0.1,0.3,True,-1,-0.18,-0.6,OPEN_SHORT,OPEN_SHORT,1,1
2025-11-03,0.7388888888888889,0.7388888888888889,0.1,0.3,False,1,-0.18,-0.6,HOLD,HOLD,1,1
2025-11-04,0.9611111111111111,-0.9611111111111111,0.1,0.3,True,-1,-0.3,-1.0,INCREASE,INCREASE,1,1
2025-11-05,0.4833333333333334,0.4833333333333334,0.1,0.3,False,1,-0.3,-1.0,HOLD,HOLD,1,1
2025-11-06,0.7166666666666668,0.7166666666666668,0.1,0.3,False,1,0.0,0.0,CLOSE,CLOSE,0,0
2025-11-07,0.8444444444444446,0.8444444444444446,0.1,0.3,False,1,0.0,0.0,HOLD_FLAT,HOLD_FLAT,0,0
2025-11-10,0.9833333333333334,0.9833333333333334,0.1,0.3,False,1,0.0,0.0,HOLD_FLAT,HOLD_FLAT,0,0
2025-11-11,0.5055555555555555,-0.5055555555555555,0.1,0.3,False,-1,0.0,0.0,HOLD_FLAT,HOLD_FLAT,0,0
2025-11-12,0.0444444444444444,-0.0444444444444444,0.1,0.3,False,-1,0.0,0.0,HOLD_FLAT,HOLD_FLAT,0,0
2025-11-13,0.6666666666666667,0.6666666666666667,0.1,0.3,False,1,0.0,0.0,HOLD_FLAT,HOLD_FLAT,0,0
2025-11-14,0.3833333333333333,-0.3833333333333333,0.1,0.3,False,-1,0.0,0.0,HOLD_FLAT,HOLD_FLAT,0,0
2025-11-17,0.9944444444444445,0.9944444444444445,0.1,0.3,True,1,0.15,0.5,OPEN_LONG,OPEN_LONG,1,1
2025-11-18,0.8277777777777777,-0.8277777777777777,0.1,0.3,False,-1,0.15,0.5,HOLD,HOLD,1,1
2025-11-19,0.9722222222222223,0.9722222222222223,0.1,0.3,True,1,0.15,0.5,HOLD,HOLD,1,1
2025-11-20,0.28888888888888886,-0.28888888888888886,0.1,0.3,False,-1,0.15,0.5,HOLD,HOLD,1,1
2025-11-21,0.9944444444444445,-0.9944444444444445,0.1,0.3,False,-1,0.0,0.0,CLOSE,CLOSE,0,0
2025-11-24,0.40555555555555556,-0.40555555555555556,0.1,0.3,False,-1,0.0,0.0,HOLD_FLAT,HOLD_FLAT,0,0
2025-11-25,0.95,0.95,0.1,0.3,True,1,0.045,0.15,OPEN_LONG,OPEN_LONG,1,1
2025-11-26,0.5,0.5,0.1,0.3,False,1,0.045,0.15,HOLD,HOLD,1,1
2025-11-27,0.3833333333333333,-0.3833333333333333,0.1,0.3,False,-1,0.0,0.0,CLOSE,CLOSE,0,0
2025-11-28,0.40555555555555567,0.40555555555555567,0.1,0.3,False,1,0.0,0.0,HOLD_FLAT,HOLD_FLAT,0,0
2025-12-01,0.3500000000000001,0.3500000000000001,0.1,0.3,False,1,0.0,0.0,HOLD_FLAT,HOLD_FLAT,0,0
2025-12-02,0.3388888888888889,-0.3388888888888889,0.1,0.3,False,-1,0.0,0.0,HOLD_FLAT,HOLD_FLAT,0,0
2025-12-03,0.9166666666666666,-0.9166666666666666,0.1,0.3,False,-1,0.0,0.0,HOLD_FLAT,HOLD_FLAT,0,0
2025-12-04,0.04999999999999993,-0.04999999999999993,0.1,0.3,False,-1,0.0,0.0,HOLD_FLAT,HOLD_FLAT,0,0
2025-12-05,0.7833333333333333,-0.7833333333333333,0.1,0.3,False,-1,0.0,0.0,HOLD_FLAT,HOLD_FLAT,0,0
2025-12-08,0.8888888888888888,0.8888888888888888,0.1,0.3,False,1,0.0,0.0,HOLD_FLAT,HOLD_FLAT,0,0
2025-12-09,0.8388888888888889,-0.8388888888888889,0.1,0.3,False,-1,0.0,0.0,HOLD_FLAT,HOLD_FLAT,0,0
2025-12-10,0.9055555555555557,0.9055555555555557,0.1,0.3,False,1,0.0,0.0,HOLD_FLAT,HOLD_FLAT,0,0
2025-12-11,0.8944444444444444,0.8944444444444444,0.1,0.3,False,1,0.0,0.0,HOLD_FLAT,HOLD_FLAT,0,0
2025-12-12,0.6888888888888889,-0.6888888888888889,0.1,0.3,False,-1,0.0,0.0,HOLD_FLAT,HOLD_FLAT,0,0
2025-12-15,0.9055555555555557,0.9055555555555557,0.1,0.3,False,1,0.0,0.0,HOLD_FLAT,HOLD_FLAT,0,0
2025-12-16,0.34444444444444444,-0.34444444444444444,0.1,0.3,False,-1,0.0,0.0,HOLD_FLAT,HOLD_FLAT,0,0
2025-12-17,0.9944444444444445,0.9944444444444445,0.1,0.3,True,1,0.5,0.5,OPEN_LONG,OPEN_LONG,1,1
2025-12-18,0.8944444444444444,-0.8944444444444444,0.1,0.3,False,-1,0.5,0.5,HOLD,HOLD,1,1
2025-12-19,0.95,0.95,0.1,0.3,False,1,0.0,0.0,CLOSE,CLOSE,0,0
2025-12-22,0.8611111111111112,0.8611111111111112,0.1,0.3,False,1,0.0,0.0,HOLD_FLAT,HOLD_FLAT,0,0
2025-12-23,0.961111111111111,0.961111111111111,0.1,0.3,True,1,0.3,0.3,OPEN_LONG,OPEN_LONG,1,1
2025-12-24,0.8944444444444444,0.8944444444444444,0.1,0.3,False,1,0.3,0.3,HOLD,HOLD,1,1
2025-12-25,0.7166666666666667,-0.7166666666666667,0.1,0.3,False,-1,0.09,0.3,DECREASE,HOLD,1,1
2025-12-26,0.961111111111111,0.961111111111111,0.1,0.3,True,1,0.09,0.3,HOLD,HOLD,1,1
2025-12-29,0.9944444444444445,-0.9944444444444445,0.1,0.3,True,-1,0.045,0.15,DECREASE,DECREASE,1,1
2025-12-30,0.7944444444444445,0.7944444444444445,0.1,0.3,False,1,0.0,0.0,CLOSE,CLOSE,0,0
2025-12-31,0.1333333333333333,-0.1333333333333333,0.1,0.3,False,-1,0.0,0.0,HOLD_FLAT,HOLD_FLAT,0,0
2026-01-05,0.9944444444444445,0.9944444444444445,0.1,0.3,True,1,0.075,0.25,OPEN_LONG,OPEN_LONG,1,1
2026-01-06,0.9722222222222223,0.9722222222222223,0.1,0.3,False,1,0.075,0.25,HOLD,HOLD,1,1
2026-01-07,0.8555555555555556,0.8555555555555556,0.1,0.3,False,1,0.075,0.25,HOLD,HOLD,1,1
2026-01-08,0.75,0.75,0.1,0.3,False,1,0.075,0.25,HOLD,HOLD,1,1
2026-01-09,0.7722222222222221,-0.7722222222222221,0.1,0.3,False,-1,0.0,0.0,CLOSE,CLOSE,0,0
2026-01-12,0.9944444444444445,0.9944444444444445,0.1,0.3,True,1,0.075,0.25,OPEN_LONG,OPEN_LONG,1,1
2026-01-13,0.9833333333333334,0.9833333333333334,0.1,0.3,True,1,0.075,0.25,HOLD,HOLD,1,1
2026-01-14,0.95,-0.95,0.1,0.3,False,-1,0.075,0.25,HOLD,HOLD,1,1
2026-01-15,0.461111111111111,0.461111111111111,0.1,0.3,False,1,0.0,0.0,CLOSE,CLOSE,0,0
2026-01-16,0.9944444444444445,-0.9944444444444445,0.1,0.3,True,-1,-0.075,-0.25,OPEN_SHORT,OPEN_SHORT,1,1
2026-01-19,0.37222222222222223,0.37222222222222223,0.1,0.3,False,1,-0.075,-0.25,HOLD,HOLD,1,1
2026-01-20,0.9944444444444445,0.9944444444444445,0.1,0.3,False,1,0.0,0.0,CLOSE,CLOSE,0,0
2026-01-21,0.8944444444444444,0.8944444444444444,0.1,0.3,False,1,0.0,0.0,HOLD_FLAT,HOLD_FLAT,0,0
2026-01-22,0.6166666666666667,0.6166666666666667,0.1,0.3,False,1,0.0,0.0,HOLD_FLAT,HOLD_FLAT,0,0
2026-01-23,0.9833333333333334,0.9833333333333334,0.1,0.3,True,1,0.045,0.15,OPEN_LONG,OPEN_LONG,1,1
2026-01-26,0.9833333333333333,-0.9833333333333333,0.1,0.3,True,-1,0.0,0.0,CLOSE,CLOSE,0,0
2026-01-27,0.9944444444444445,0.9944444444444445,0.1,0.3,True,1,0.0,0.0,HOLD_FLAT,HOLD_FLAT,0,0
2026-01-28,0.9722222222222222,-0.9722222222222222,0.1,0.3,False,-1,0.0,0.0,HOLD_FLAT,HOLD_FLAT,0,0
2026-01-29,0.6944444444444444,-0.6944444444444444,0.1,0.3,False,-1,0.0,0.0,HOLD_FLAT,HOLD_FLAT,0,0
2026-01-30,0.9833333333333333,-0.9833333333333333,0.1,0.3,False,-1,0.0,0.0,HOLD_FLAT,HOLD_FLAT,0,0
2026-02-02,0.9611111111111111,-0.9611111111111111,0.1,0.3,False,-1,0.0,0.0,HOLD_FLAT,HOLD_FLAT,0,0
2026-02-03,0.9944444444444445,0.9944444444444445,0.1,0.3,True,1,0.0,0.0,HOLD_FLAT,HOLD_FLAT,0,0
2026-02-04,0.5388888888888889,-0.5388888888888889,0.1,0.3,False,-1,0.0,0.0,HOLD_FLAT,HOLD_FLAT,0,0
2026-02-05,0.95,-0.95,0.1,0.3,False,-1,0.0,0.0,HOLD_FLAT,HOLD_FLAT,0,0
2026-02-06,0.11111111111111105,-0.11111111111111105,0.1,0.3,False,-1,0.0,0.0,HOLD_FLAT,HOLD_FLAT,0,0
2026-02-09,0.7611111111111111,0.7611111111111111,0.1,0.3,False,1,0.0,0.0,HOLD_FLAT,HOLD_FLAT,0,0
2026-02-10,0.03333333333333344,0.03333333333333344,0.1,0.3,False,1,0.0,0.0,HOLD_FLAT,HOLD_FLAT,0,0
2026-02-11,0.961111111111111,0.961111111111111,0.1,0.3,False,1,0.0,0.0,HOLD_FLAT,HOLD_FLAT,0,0
2026-02-12,0.5277777777777777,-0.5277777777777777,0.1,0.3,False,-1,0.0,0.0,HOLD_FLAT,HOLD_FLAT,0,0
2026-02-13,0.7055555555555555,0.7055555555555555,0.1,0.3,False,1,0.0,0.0,HOLD_FLAT,HOLD_FLAT,0,0
2026-02-24,0.9277777777777778,0.9277777777777778,0.1,0.3,False,1,0.0,0.0,HOLD_FLAT,HOLD_FLAT,0,0
2026-02-25,0.5722222222222222,0.5722222222222222,0.1,0.3,False,1,0.0,0.0,HOLD_FLAT,HOLD_FLAT,0,0
2026-02-26,0.8500000000000001,0.8500000000000001,0.1,0.3,False,1,0.0,0.0,HOLD_FLAT,HOLD_FLAT,0,0
2026-02-27,0.5666666666666667,0.5666666666666667,0.1,0.3,False,1,0.0,0.0,HOLD_FLAT,HOLD_FLAT,0,0
2026-03-02,0.8722222222222222,-0.8722222222222222,0.1,0.3,False,-1,0.0,0.0,HOLD_FLAT,HOLD_FLAT,0,0
2026-03-03,0.9944444444444445,-0.9944444444444445,0.1,0.3,False,-1,0.0,0.0,HOLD_FLAT,HOLD_FLAT,0,0
2026-03-04,0.5222222222222221,0.5222222222222221,0.1,0.3,False,1,0.0,0.0,HOLD_FLAT,HOLD_FLAT,0,0
2026-03-05,1.6222222222222222,1.6222222222222222,0.1,0.3,False,1,0.0,0.0,HOLD_FLAT,HOLD_FLAT,0,0
2026-03-06,0.9666666666666667,0.9666666666666667,0.1,0.3,False,1,0.0,0.0,HOLD_FLAT,HOLD_FLAT,0,0
2026-03-09,1.7555555555555555,1.7555555555555555,0.1,0.3,False,1,0.0,0.0,HOLD_FLAT,HOLD_FLAT,0,0
2026-03-10,1.4333333333333331,1.4333333333333331,0.1,0.3,False,1,0.0,0.0,HOLD_FLAT,HOLD_FLAT,0,0
2026-03-11,0.04999999999999993,0.04999999999999993,0.1,0.3,False,1,0.0,0.0,HOLD_FLAT,HOLD_FLAT,0,0
2026-03-12,1.3944444444444444,1.3944444444444444,0.1,0.3,True,1,0.25,0.25,OPEN_LONG,OPEN_LONG,1,1
2026-03-13,0.09999999999999998,0.09999999999999998,0.30000000000000004,0.3,False,1,0.25,0.25,HOLD,HOLD,1,1
2026-03-16,1.8555555555555556,1.8555555555555556,0.30000000000000004,0.3,True,1,0.25,0.25,HOLD,HOLD,1,1
2026-03-17,0.14444444444444438,0.14444444444444438,0.35,0.3,False,1,0.25,0.25,HOLD,HOLD,1,1
2026-03-18,0.0888888888888888,0.0888888888888888,0.35,0.3,False,1,0.0,0.0,CLOSE,CLOSE,0,0
2026-03-19,1.8777777777777778,-1.8777777777777778,0.35,0.3,False,-1,0.0,0.0,HOLD_FLAT,HOLD_FLAT,0,0
2026-03-20,1.3666666666666667,1.3666666666666667,0.55,0.5,True,1,0.25,0.25,OPEN_LONG,OPEN_LONG,1,1
2026-03-23,1.9000000000000001,1.9000000000000001,0.55,0.5,False,1,0.25,0.25,HOLD,HOLD,1,1
2026-03-24,1.8,1.8,0.55,0.5,False,1,0.25,0.25,HOLD,HOLD,1,1
2026-03-25,1.9000000000000001,1.9000000000000001,0.55,0.5,False,1,0.25,0.25,HOLD,HOLD,1,1
2026-03-26,0.21111111111111114,0.21111111111111114,0.55,0.5,False,1,0.25,0.25,HOLD,HOLD,1,1
2026-03-27,1.988888888888889,1.988888888888889,0.55,0.5,True,1,0.25,0.25,HOLD,HOLD,1,1
2026-03-30,1.7222222222222223,1.7222222222222223,0.55,0.5,False,1,0.25,0.25,HOLD,HOLD,1,1
2026-03-31,0.0888888888888889,-0.0888888888888889,0.55,0.5,False,-1,0.25,0.25,HOLD,HOLD,1,1
2026-04-01,1.3777777777777778,1.3777777777777778,0.55,0.5,True,1,0.15,0.15,DECREASE,DECREASE,1,1
2026-04-02,1.0444444444444445,1.0444444444444445,0.55,0.5,False,1,0.15,0.15,HOLD,HOLD,1,1
2026-04-03,0.25555555555555554,0.25555555555555554,0.55,0.5,False,1,0.15,0.15,HOLD,HOLD,1,1
2026-04-07,1.6666666666666667,1.6666666666666667,0.55,0.5,True,1,0.25,0.25,INCREASE,INCREASE,1,1
2026-04-08,0.2777777777777779,0.2777777777777779,0.55,0.5,False,1,0.25,0.25,HOLD,HOLD,1,1
2026-04-09,0.011111111111111072,-0.011111111111111072,0.55,0.5,False,-1,0.0,0.0,CLOSE,CLOSE,0,0
2026-04-10,1.7333333333333334,1.7333333333333334,0.55,0.5,True,1,0.25,0.25,OPEN_LONG,OPEN_LONG,1,1
2026-04-13,1.9666666666666668,1.9666666666666668,0.55,0.5,False,1,0.25,0.25,HOLD,HOLD,1,1
2026-04-14,0.9777777777777777,0.9777777777777777,0.55,0.5,False,1,0.25,0.25,HOLD,HOLD,1,1
2026-04-15,1.488888888888889,1.488888888888889,0.55,0.5,False,1,0.25,0.25,HOLD,HOLD,1,1
2026-04-16,1.9000000000000001,1.9000000000000001,0.55,0.5,False,1,0.25,0.25,HOLD,HOLD,1,1
2026-04-17,1.4333333333333333,1.4333333333333333,0.55,0.5,False,1,0.5,0.5,INCREASE,INCREASE,1,1
2026-04-20,1.6222222222222222,1.6222222222222222,0.55,0.5,False,1,0.5,0.5,HOLD,HOLD,1,1
2026-04-21,0.033333333333333326,0.033333333333333326,0.55,0.5,False,1,0.5,0.5,HOLD,HOLD,1,1
2026-04-22,1.1888888888888889,1.1888888888888889,0.55,0.5,False,1,0.0,0.0,CLOSE,CLOSE,0,0
2026-04-23,1.5777777777777777,1.5777777777777777,0.55,0.5,False,1,0.0,0.0,HOLD_FLAT,HOLD_FLAT,0,0
2026-04-24,0.688888888888889,0.688888888888889,0.55,0.5,False,1,0.0,0.0,HOLD_FLAT,HOLD_FLAT,0,0
2026-04-27,1.5666666666666667,1.5666666666666667,0.55,0.5,True,1,0.3,0.3,OPEN_LONG,OPEN_LONG,1,1
2026-04-28,0.12222222222222223,0.12222222222222223,0.55,0.5,False,1,0.3,0.3,HOLD,HOLD,1,1
2026-04-29,1.8555555555555556,1.8555555555555556,0.55,0.5,True,1,1.0,1.0,INCREASE,INCREASE,1,1
2026-04-30,1.8444444444444446,1.8444444444444446,0.55,0.5,False,1,1.0,1.0,HOLD,HOLD,1,1
2026-05-06,1.9777777777777779,1.9777777777777779,0.55,0.5,False,1,1.0,1.0,HOLD,HOLD,1,1
2026-05-07,0.5666666666666667,0.5666666666666667,0.55,0.5,False,1,1.0,1.0,HOLD,HOLD,1,1
2026-05-08,0.011111111111111072,0.011111111111111072,0.55,0.5,False,1,0.0,0.0,CLOSE,CLOSE,0,0
2026-05-11,1.922222222222222,1.922222222222222,0.55,0.5,True,1,0.5,0.5,OPEN_LONG,OPEN_LONG,1,1
2026-05-12,0.7833333333333333,0.7833333333333333,0.55,0.5,False,1,1.0,1.0,INCREASE,INCREASE,1,1
2026-05-13,0.05555555555555558,-0.05555555555555558,0.55,0.5,False,-1,0.0,0.0,CLOSE,CLOSE,0,0
2026-05-14,0.3222222222222223,-0.3222222222222223,0.55,0.5,False,-1,0.0,0.0,HOLD_FLAT,HOLD_FLAT,0,0
2026-05-15,0.15555555555555556,-0.15555555555555556,0.55,0.5,False,-1,0.0,0.0,HOLD_FLAT,HOLD_FLAT,0,0
2026-05-18,1.4,1.4,0.55,0.5,False,1,0.0,0.0,HOLD_FLAT,HOLD_FLAT,0,0
2026-05-19,0.28888888888888886,-0.28888888888888886,0.55,0.5,False,-1,0.0,0.0,HOLD_FLAT,HOLD_FLAT,0,0
2026-05-20,0.12222222222222223,0.12222222222222223,0.55,0.5,False,1,0.0,0.0,HOLD_FLAT,HOLD_FLAT,0,0
2026-05-21,0.28888888888888886,-0.28888888888888886,0.55,0.5,False,-1,0.0,0.0,HOLD_FLAT,HOLD_FLAT,0,0
2026-05-22,1.6444444444444444,1.6444444444444444,0.55,0.5,True,1,0.3,0.3,OPEN_LONG,OPEN_LONG,1,1
2026-05-25,0.21111111111111114,-0.21111111111111114,0.55,0.5,False,-1,0.3,0.3,HOLD,HOLD,1,1
2026-05-26,0.3111111111111112,-0.3111111111111112,0.55,0.5,False,-1,0.0,0.0,CLOSE,CLOSE,0,0
2026-05-27,0.21666666666666679,-0.21666666666666679,0.55,0.5,False,-1,0.0,0.0,HOLD_FLAT,HOLD_FLAT,0,0
2026-05-28,1.2222222222222223,1.2222222222222223,0.15000000000000002,0.4,False,1,0.0,0.0,HOLD_FLAT,HOLD_FLAT,0,0
2026-05-29,0.8666666666666666,0.8666666666666666,0.55,0.5,False,1,0.0,0.0,HOLD_FLAT,HOLD_FLAT,0,0
2026-06-01,0.13333333333333341,0.13333333333333341,0.55,0.5,False,1,0.0,0.0,HOLD_FLAT,HOLD_FLAT,0,0
2026-06-02,0.37777777777777777,-0.37777777777777777,0.55,0.5,False,-1,0.0,0.0,HOLD_FLAT,HOLD_FLAT,0,0
2026-06-03,0.4111111111111111,-0.4111111111111111,0.55,0.5,False,-1,0.0,0.0,HOLD_FLAT,HOLD_FLAT,0,0
2026-06-04,1.8333333333333335,-1.8333333333333335,0.55,0.5,False,-1,0.0,0.0,HOLD_FLAT,HOLD_FLAT,0,0
2026-06-05,1.2222222222222223,1.2222222222222223,0.55,0.5,False,1,0.0,0.0,HOLD_FLAT,HOLD_FLAT,0,0
2026-06-08,0.0,0.0,0.55,0.5,False,0,0.0,0.0,HOLD_FLAT,HOLD_FLAT,0,0
2026-06-09,1.4666666666666668,1.4666666666666668,0.55,0.5,False,1,0.0,0.0,HOLD_FLAT,HOLD_FLAT,0,0
2026-06-10,0.07777777777777783,0.07777777777777783,0.55,0.5,False,1,0.0,0.0,HOLD_FLAT,HOLD_FLAT,0,0
2026-06-11,1.6111111111111112,1.6111111111111112,0.55,0.5,False,1,0.0,0.0,HOLD_FLAT,HOLD_FLAT,0,0
2026-06-12,0.8222222222222222,0.8222222222222222,0.55,0.5,False,1,0.0,0.0,HOLD_FLAT,HOLD_FLAT,0,0
2026-06-15,0.1444444444444445,0.1444444444444445,0.55,0.5,False,1,0.0,0.0,HOLD_FLAT,HOLD_FLAT,0,0
2026-06-16,0.29999999999999993,-0.29999999999999993,0.55,0.5,False,-1,0.0,0.0,HOLD_FLAT,HOLD_FLAT,0,0
2026-06-17,0.8166666666666667,0.8166666666666667,0.55,0.5,False,1,0.0,0.0,HOLD_FLAT,HOLD_FLAT,0,0
2026-06-18,1.9666666666666668,-1.9666666666666668,0.55,0.5,True,-1,-0.5,-0.5,OPEN_SHORT,OPEN_SHORT,1,1
2026-06-22,0.7666666666666666,0.7666666666666666,0.55,0.5,False,1,-0.5,-0.5,HOLD,HOLD,1,1
2026-06-23,0.4666666666666667,-0.4666666666666667,0.55,0.5,False,-1,0.0,0.0,CLOSE,CLOSE,0,0
2026-06-24,1.3888888888888888,1.3888888888888888,0.55,0.5,False,1,0.0,0.0,HOLD_FLAT,HOLD_FLAT,0,0
2026-06-25,1.9666666666666668,-1.9666666666666668,0.55,0.5,True,-1,-0.5,-0.5,OPEN_SHORT,OPEN_SHORT,1,1
2026-06-26,0.16666666666666663,-0.16666666666666663,0.55,0.5,False,-1,-0.5,-0.5,HOLD,HOLD,1,1
2026-06-29,1.0333333333333332,1.0333333333333332,0.55,0.5,False,1,0.0,0.0,CLOSE,CLOSE,0,0
2026-06-30,1.577777777777778,1.577777777777778,0.55,0.5,False,1,0.0,0.0,HOLD_FLAT,HOLD_FLAT,0,0
2026-07-01,0.7444444444444445,0.7444444444444445,0.55,0.5,False,1,0.0,0.0,HOLD_FLAT,HOLD_FLAT,0,0
2026-07-02,0.0444444444444444,-0.0444444444444444,0.55,0.5,False,-1,0.0,0.0,HOLD_FLAT,HOLD_FLAT,0,0
2026-07-03,1.1111111111111112,1.1111111111111112,0.55,0.5,False,1,0.0,0.0,HOLD_FLAT,HOLD_FLAT,0,0
2026-07-06,0.5444444444444445,-0.5444444444444445,0.55,0.5,False,-1,0.0,0.0,HOLD_FLAT,HOLD_FLAT,0,0
2026-07-07,0.34444444444444444,-0.34444444444444444,0.55,0.5,False,-1,0.0,0.0,HOLD_FLAT,HOLD_FLAT,0,0
2026-07-08,1.7666666666666666,-1.7666666666666666,0.55,0.5,False,-1,0.0,0.0,HOLD_FLAT,HOLD_FLAT,0,0
2026-07-09,1.6444444444444446,-1.6444444444444446,0.2,0.3,False,-1,0.0,0.0,HOLD_FLAT,HOLD_FLAT,0,0
2026-07-10,1.3222222222222222,-1.3222222222222222,0.2,0.3,False,-1,0.0,0.0,HOLD_FLAT,HOLD_FLAT,0,0
2026-07-13,0.9333333333333333,-0.9333333333333333,0.2,0.3,False,-1,0.0,0.0,HOLD_FLAT,HOLD_FLAT,0,0
2026-07-14,0.8722222222222222,-0.8722222222222222,0.2,0.3,False,-1,0.0,0.0,HOLD_FLAT,HOLD_FLAT,0,0
2026-07-15,1.5333333333333332,-1.5333333333333332,0.2,0.3,False,-1,0.0,0.0,HOLD_FLAT,HOLD_FLAT,0,0
2026-07-16,0.6333333333333333,-0.6333333333333333,0.2,0.3,False,-1,0.0,0.0,HOLD_FLAT,HOLD_FLAT,0,0
2026-07-17,1.3333333333333333,-1.3333333333333333,0.2,0.3,False,-1,0.0,0.0,HOLD_FLAT,HOLD_FLAT,0,0
2026-07-20,1.8444444444444446,-1.8444444444444446,0.35,0.5,False,-1,0.0,0.0,HOLD_FLAT,HOLD_FLAT,0,0
2026-07-21,1.5333333333333334,-1.5333333333333334,0.35,0.5,False,-1,0.0,0.0,HOLD_FLAT,HOLD_FLAT,0,0
2026-07-22,0.5944444444444443,-0.5944444444444443,0.35,0.5,False,-1,0.0,0.0,HOLD_FLAT,HOLD_FLAT,0,0
2026-07-23,0.6222222222222222,-0.6222222222222222,0.35,0.5,False,-1,0.0,0.0,HOLD_FLAT,HOLD_FLAT,0,0
2026-07-24,1.2722222222222221,-1.2722222222222221,0.35,0.5,False,-1,0.0,0.0,HOLD_FLAT,HOLD_FLAT,0,0
2026-07-27,0.4388888888888889,-0.4388888888888889,0.35,0.5,False,-1,0.0,0.0,HOLD_FLAT,HOLD_FLAT,0,0
2026-07-28,1.6666666666666667,-1.6666666666666667,0.35,0.5,False,-1,0.0,0.0,HOLD_FLAT,HOLD_FLAT,0,0
2026-07-29,0.2333333333333334,-0.2333333333333334,0.35,0.5,False,-1,0.0,0.0,HOLD_FLAT,HOLD_FLAT,0,0
2026-07-30,1.8444444444444446,-1.8444444444444446,0.35,0.5,True,-1,-0.6,-0.6,OPEN_SHORT,OPEN_SHORT,1,1
2026-07-31,1.65,-1.65,0.35,0.5,False,-1,-0.6,-0.6,HOLD,HOLD,1,1
2026-08-03,0.8555555555555556,-0.8555555555555556,0.35,0.5,False,-1,-0.6,-0.6,HOLD,HOLD,1,1
2026-08-04,0.9666666666666668,-0.9666666666666668,0.35,0.5,False,-1,0.0,0.0,CLOSE,CLOSE,0,0
2026-08-05,0.3222222222222222,-0.3222222222222222,0.35,0.5,False,-1,0.0,0.0,HOLD_FLAT,HOLD_FLAT,0,0
2026-08-06,1.4333333333333331,-1.4333333333333331,0.35,0.5,False,-1,0.0,0.0,HOLD_FLAT,HOLD_FLAT,0,0
2026-08-07,1.411111111111111,-1.411111111111111,0.35,0.5,False,-1,0.0,0.0,HOLD_FLAT,HOLD_FLAT,0,0
2026-08-10,0.05555555555555558,-0.05555555555555558,0.35,0.5,False,-1,0.0,0.0,HOLD_FLAT,HOLD_FLAT,0,0
2026-08-11,1.0888888888888888,-1.0888888888888888,0.35,0.5,False,-1,0.0,0.0,HOLD_FLAT,HOLD_FLAT,0,0
2026-08-12,0.4222222222222223,-0.4222222222222223,0.4,0.3,False,-1,0.0,0.0,HOLD_FLAT,HOLD_FLAT,0,0
2026-08-13,0.461111111111111,-0.461111111111111,0.4,0.3,False,-1,0.0,0.0,HOLD_FLAT,HOLD_FLAT,0,0
2026-08-14,0.6333333333333333,0.6333333333333333,0.35,0.5,False,1,0.0,0.0,HOLD_FLAT,HOLD_FLAT,0,0
2026-08-17,1.1166666666666667,-1.1166666666666667,0.35,0.5,False,-1,0.0,0.0,HOLD_FLAT,HOLD_FLAT,0,0
2026-08-18,0.47777777777777786,0.47777777777777786,0.35,0.5,False,1,0.0,0.0,HOLD_FLAT,HOLD_FLAT,0,0
2026-08-19,1.488888888888889,-1.488888888888889,0.35,0.5,False,-1,0.0,0.0,HOLD_FLAT,HOLD_FLAT,0,0
2026-08-20,0.4444444444444444,-0.4444444444444444,0.35,0.5,False,-1,0.0,0.0,HOLD_FLAT,HOLD_FLAT,0,0
2026-08-21,1.0222222222222221,1.0222222222222221,0.35,0.5,False,1,0.0,0.0,HOLD_FLAT,HOLD_FLAT,0,0
2026-08-24,0.12777777777777777,0.12777777777777777,0.35,0.5,False,1,0.0,0.0,HOLD_FLAT,HOLD_FLAT,0,0
2026-08-25,1.6666666666666667,-1.6666666666666667,0.35,0.5,False,-1,0.0,0.0,HOLD_FLAT,HOLD_FLAT,0,0
2026-08-26,0.31666666666666665,-0.31666666666666665,0.35,0.5,False,-1,0.0,0.0,HOLD_FLAT,HOLD_FLAT,0,0
2026-08-27,0.8111111111111111,-0.8111111111111111,0.35,0.5,False,-1,0.0,0.0,HOLD_FLAT,HOLD_FLAT,0,0
2026-08-28,1.1111111111111112,1.1111111111111112,0.35,0.5,False,1,0.0,0.0,HOLD_FLAT,HOLD_FLAT,0,0
2026-08-31,0.43333333333333324,0.43333333333333324,0.35,0.5,False,1,0.0,0.0,HOLD_FLAT,HOLD_FLAT,0,0
2026-09-01,0.47777777777777775,-0.47777777777777775,0.35,0.5,False,-1,0.0,0.0,HOLD_FLAT,HOLD_FLAT,0,0
2026-09-02,0.5444444444444444,-0.5444444444444444,0.35,0.5,False,-1,0.0,0.0,HOLD_FLAT,HOLD_FLAT,0,0
2026-09-03,1.511111111111111,-1.511111111111111,0.35,0.5,False,-1,0.0,0.0,HOLD_FLAT,HOLD_FLAT,0,0
2026-09-04,1.777777777777778,-1.777777777777778,0.35,0.5,False,-1,0.0,0.0,HOLD_FLAT,HOLD_FLAT,0,0
2026-09-07,0.9555555555555556,-0.9555555555555556,0.35,0.5,False,-1,0.0,0.0,HOLD_FLAT,HOLD_FLAT,0,0
