date,position,alpha_t,beta_t,main_trigger,aux_confirm,open_signal,signal_dir,deviation,disagreement,D_c,D_f,pos_A,action_A,pos_B,action_B
2024-02-01,0.0,0.1,0.3,False,True,False,1,0.3655913978494625,0.3655913978494625,135.0,0.0,0.0,HOLD_FLAT,0.0,HOLD_FLAT
2024-02-02,0.0,0.1,0.3,False,False,False,1,0.37234042553191493,0.37234042553191493,165.0,0.0,0.0,HOLD_FLAT,0.0,HOLD_FLAT
2024-02-05,0.0,0.1,0.3,False,False,False,1,0.2526315789473683,0.2526315789473683,90.0,0.0,0.0,HOLD_FLAT,0.0,HOLD_FLAT
2024-02-06,0.0,0.1,0.3,False,True,False,-1,0.44791666666666674,-0.44791666666666674,-990.0,0.0,0.0,HOLD_FLAT,0.0,HOLD_FLAT
2024-02-07,0.0,0.1,0.3,False,True,False,1,0.3711340206185567,0.3711340206185567,150.0,0.0,0.0,HOLD_FLAT,0.0,HOLD_FLAT
2024-02-08,0.0,0.1,0.3,False,True,False,-1,0.09183673469387743,-0.09183673469387743,-405.0,0.0,0.0,HOLD_FLAT,0.0,HOLD_FLAT
2024-02-19,0.0,0.1,0.3,False,False,False,-1,0.1515151515151516,-0.1515151515151516,-465.0,0.0,0.0,HOLD_FLAT,0.0,HOLD_FLAT
2024-02-20,0.0,0.1,0.3,False,False,False,-1,0.32999999999999996,-0.32999999999999996,-585.0,0.0,0.0,HOLD_FLAT,0.0,HOLD_FLAT
2024-02-21,0.0,0.1,0.3,False,True,False,1,0.693069306930693,0.693069306930693,1230.0,0.0,0.0,HOLD_FLAT,0.0,HOLD_FLAT
2024-02-22,0.0,0.1,0.3,False,False,False,1,0.4411764705882353,0.4411764705882353,225.0,0.0,0.0,HOLD_FLAT,0.0,HOLD_FLAT
2024-02-23,0.0,0.1,0.3,False,False,False,1,0.6990291262135921,0.6990291262135921,1245.0,0.0,0.5,OPEN_LONG,0.5,OPEN_LONG
2024-02-26,0.0,0.1,0.3,False,False,False,1,0.34615384615384626,0.34615384615384626,150.0,0.0,1.0,INCREASE,1.0,INCREASE
2024-02-27,0.0,0.1,0.3,False,True,False,1,0.7428571428571429,0.7428571428571429,1305.0,0.0,0.5,DECREASE,0.5,DECREASE
2024-02-28,0.0,0.1,0.3,False,False,False,1,0.4811320754716979,0.4811320754716979,405.0,0.0,1.0,INCREASE,1.0,INCREASE
2024-02-29,0.0,0.1,0.3,False,True,False,1,0.9532710280373833,0.9532710280373833,3360.0,0.0,0.25,DECREASE,0.25,DECREASE
2024-03-01,0.0,0.1,0.3,False,True,False,1,0.17592592592592582,0.17592592592592582,75.0,0.0,0.5,INCREASE,0.5,INCREASE
2024-03-04,0.0,0.1,0.3,False,True,False,-1,0.3211009174311926,-0.3211009174311926,-555.0,0.0,0.5,HOLD,0.5,HOLD
2024-03-05,0.0,0.1,0.3,False,False,False,-1,0.6454545454545454,-0.6454545454545454,-1815.0,0.0,0.25,DECREASE,0.25,DECREASE
2024-03-06,0.0,0.1,0.3,False,True,False,1,0.5765765765765767,0.5765765765765767,735.0,0.0,0.25,HOLD,0.25,HOLD
2024-03-07,0.0,0.1,0.3,False,True,False,0,0.0,0.0,-300.0,0.0,0.5,INCREASE,0.5,INCREASE
2024-03-08,0.0,0.1,0.3,False,True,False,1,0.23893805309734506,0.23893805309734506,105.0,0.0,0.5,HOLD,0.5,HOLD
2024-03-11,0.0,0.1,0.3,False,False,False,1,0.6052631578947367,0.6052631578947367,915.0,0.0,0.5,HOLD,0.5,HOLD
2024-03-12,0.0,0.1,0.3,False,False,False,1,0.6608695652173913,0.6608695652173913,1035.0,0.0,0.5,HOLD,0.5,HOLD
2024-03-13,0.0,0.1,0.3,False,True,False,-1,0.06896551724137923,-0.06896551724137923,-315.0,0.0,0.5,HOLD,0.5,HOLD
2024-03-14,0.0,0.1,0.3,False,False,False,-1,0.735042735042735,-0.735042735042735,-2010.0,0.0,0.25,DECREASE,0.25,DECREASE
2024-03-15,0.0,0.1,0.3,False,True,False,1,0.5847457627118644,0.5847457627118644,885.0,0.0,0.25,HOLD,0.25,HOLD
2024-03-18,0.0,0.1,0.3,False,False,False,1,0.4873949579831933,0.4873949579831933,555.0,0.0,0.25,HOLD,0.25,HOLD
2024-03-19,0.0,0.1,0.3,False,True,False,-1,0.4,-0.4,-585.0,0.0,0.25,HOLD,0.25,HOLD
2024-03-20,0.0,0.1,0.3,False,True,False,1,0.5454545454545454,0.5454545454545454,675.0,0.0,0.15,DECREASE,0.5,INCREASE
2024-03-21,0.0,0.1,0.3,False,False,False,1,0.12295081967213117,0.12295081967213117,45.0,0.0,0.15,HOLD,0.5,HOLD
2024-03-22,0.0,0.1,0.3,False,True,False,-1,0.5040650406504065,-0.5040650406504065,-900.0,0.0,0.15,HOLD,0.5,HOLD
2024-03-25,0.0,0.1,0.3,True,False,False,-1,0.7661290322580645,-0.7661290322580645,-2085.0,0.0,0.075,DECREASE,0.25,DECREASE
2024-03-26,0.0,0.1,0.3,False,True,False,1,0.3999999999999999,0.3999999999999999,300.0,0.0,0.0525,DECREASE,0.175,DECREASE
2024-03-27,0.0,0.1,0.3,False,True,False,1,0.08730158730158744,0.08730158730158744,0.0,0.0,0.175,INCREASE,0.175,HOLD
2024-03-28,0.0,0.1,0.3,False,True,False,1,0.12598425196850394,0.12598425196850394,30.0,0.0,0.24499999999999997,INCREASE,0.24499999999999997,INCREASE
2024-03-29,0.0,0.1,0.3,False,True,False,-1,0.203125,-0.203125,-435.0,0.0,0.24499999999999997,HOLD,0.24499999999999997,HOLD
2024-04-01,1.0,0.1,0.3,True,True,True,1,0.8372093023255813,0.8372093023255813,1665.0,0.0,0.35,INCREASE,0.35,INCREASE
2024-04-02,1.0,0.1,0.3,False,True,False,-1,0.25384615384615383,-0.25384615384615383,-480.0,0.0,0.5,INCREASE,0.5,INCREASE
2024-04-03,0.0,0.1,0.3,False,True,False,1,0.3816793893129773,0.3816793893129773,240.0,0.0,0.35,DECREASE,0.35,DECREASE
2024-04-08,0.0,0.1,0.3,False,False,False,1,0.4772727272727273,0.4772727272727273,510.0,0.0,0.35,HOLD,0.35,HOLD
2024-04-09,0.0,0.1,0.3,False,False,False,1,0.3308270676691729,0.3308270676691729,195.0,0.0,0.35,HOLD,0.35,HOLD
2024-04-10,0.0,0.1,0.3,False,False,False,1,0.5,0.5,540.0,0.0,0.35,HOLD,0.35,HOLD
2024-04-11,0.0,0.1,0.3,False,True,False,-1,0.5629629629629629,-0.5629629629629629,-1035.0,0.0,0.35,HOLD,0.35,HOLD
2024-04-12,0.0,0.1,0.3,False,False,False,1,0.03676470588235303,0.03676470588235303,-90.0,0.0,0.0,CLOSE,0.0,CLOSE
2024-04-15,0.0,0.1,0.3,False,False,False,1,0.029197080291970767,0.029197080291970767,-135.0,0.0,0.0,HOLD_FLAT,0.0,HOLD_FLAT
2024-04-16,0.0,0.1,0.3,False,False,False,-1,0.5724637681159421,-0.5724637681159421,-1080.0,0.0,0.0,HOLD_FLAT,0.0,HOLD_FLAT
2024-04-17,0.0,0.1,0.3,False,True,False,1,0.4316546762589928,0.4316546762589928,375.0,0.0,0.0,HOLD_FLAT,0.0,HOLD_FLAT
2024-04-18,0.0,0.1,0.3,False,True,False,-1,0.06428571428571428,-0.06428571428571428,-300.0,0.0,0.0,HOLD_FLAT,0.0,HOLD_FLAT
2024-04-19,0.0,0.1,0.3,False,False,False,1,0.021276595744680993,0.021276595744680993,-210.0,0.0,0.0,HOLD_FLAT,0.0,HOLD_FLAT
2024-04-22,0.0,0.1,0.3,False,True,False,1,0.3943661971830985,0.3943661971830985,255.0,0.0,0.0,HOLD_FLAT,0.0,HOLD_FLAT
2024-04-23,0.0,0.1,0.3,False,False,False,1,0.3076923076923075,0.3076923076923075,180.0,0.0,0.0,HOLD_FLAT,0.0,HOLD_FLAT
2024-04-24,0.0,0.1,0.3,False,False,False,1,0.4444444444444444,0.4444444444444444,375.0,0.0,0.0,HOLD_FLAT,0.0,HOLD_FLAT
2024-04-25,0.0,0.1,0.3,False,True,False,-1,0.01379310344827589,-0.01379310344827589,-240.0,0.0,0.0,HOLD_FLAT,0.0,HOLD_FLAT
2024-04-26,0.0,0.1,0.3,False,True,False,1,0.1643835616438356,0.1643835616438356,90.0,0.0,0.0,HOLD_FLAT,0.0,HOLD_FLAT
2024-04-29,0.0,0.1,0.3,True,False,False,1,0.8571428571428572,0.8571428571428572,1800.0,0.0,-0.7,OPEN_SHORT,-0.7,OPEN_SHORT
2024-04-30,0.0,0.1,0.3,False,True,False,-1,0.6013513513513513,-0.6013513513513513,-1335.0,0.0,-0.48999999999999994,DECREASE,-0.48999999999999994,DECREASE
2024-05-06,0.0,0.1,0.3,False,True,False,1,0.4026845637583891,0.4026845637583891,285.0,0.0,-0.48999999999999994,HOLD,-0.48999999999999994,HOLD
2024-05-07,0.0,0.1,0.3,False,False,False,1,0.4933333333333334,0.4933333333333334,450.0,0.0,-0.48999999999999994,HOLD,-0.48999999999999994,HOLD
2024-05-08,0.0,0.1,0.3,False,True,False,-1,0.3973509933774835,-0.3973509933774835,-555.0,0.0,-0.48999999999999994,HOLD,-0.48999999999999994,HOLD
2024-05-09,0.0,0.1,0.3,False,False,False,1,0.019736842105263275,0.019736842105263275,-105.0,0.0,0.0,CLOSE,0.0,CLOSE
2024-05-10,0.0,0.1,0.3,False,False,False,-1,0.5751633986928104,-0.5751633986928104,-1005.0,0.0,0.0,HOLD_FLAT,0.0,HOLD_FLAT
2024-05-13,0.0,0.1,0.3,False,False,False,-1,0.19480519480519487,-0.19480519480519487,-375.0,0.0,0.0,HOLD_FLAT,0.0,HOLD_FLAT
2024-05-14,0.0,0.1,0.3,False,False,False,-1,0.47741935483870956,-0.47741935483870956,-630.0,0.0,0.0,HOLD_FLAT,0.0,HOLD_FLAT
2024-05-15,0.0,0.1,0.3,False,False,False,-1,0.46153846153846156,-0.46153846153846156,-600.0,0.0,0.0,HOLD_FLAT,0.0,HOLD_FLAT
2024-05-16,0.0,0.1,0.3,False,True,False,1,0.4267515923566878,0.4267515923566878,300.0,0.0,0.48999999999999994,OPEN_LONG,0.48999999999999994,OPEN_LONG
2024-05-17,0.0,0.1,0.3,False,False,False,1,0.6329113924050633,0.6329113924050633,735.0,0.0,0.48999999999999994,HOLD,0.48999999999999994,HOLD
2024-05-20,0.0,0.1,0.3,False,True,False,1,0.018867924528301883,0.018867924528301883,-135.0,0.0,0.48999999999999994,HOLD,0.48999999999999994,HOLD
2024-05-21,0.0,0.1,0.3,False,True,False,1,0.34375,0.34375,210.0,0.0,0.48999999999999994,HOLD,0.48999999999999994,HOLD
2024-05-22,0.0,0.1,0.3,False,True,False,1,0.04347826086956541,0.04347826086956541,-90.0,0.0,0.48999999999999994,HOLD,0.48999999999999994,HOLD
2024-05-23,0.0,0.1,0.3,False,False,False,1,0.05555555555555558,0.05555555555555558,-75.0,0.0,0.48999999999999994,HOLD,0.48999999999999994,HOLD
2024-05-24,0.0,0.1,0.3,False,True,False,1,0.5030674846625767,0.5030674846625767,435.0,0.0,0.48999999999999994,HOLD,0.48999999999999994,HOLD
2024-05-27,0.0,0.1,0.3,False,True,False,-1,0.25609756097560976,-0.25609756097560976,-420.0,0.0,0.0,CLOSE,0.0,CLOSE
2024-05-28,0.0,0.1,0.3,False,False,False,-1,0.19393939393939397,-0.19393939393939397,-360.0,0.0,0.0,HOLD_FLAT,0.0,HOLD_FLAT
2024-05-29,0.0,0.1,0.3,False,True,False,1,0.1506024096385541,0.1506024096385541,60.0,0.0,0.0,HOLD_FLAT,0.0,HOLD_FLAT
2024-05-30,0.0,0.1,0.3,False,False,False,1,0.3772455089820359,0.3772455089820359,240.0,0.0,0.0,HOLD_FLAT,0.0,HOLD_FLAT
2024-05-31,0.0,0.1,0.3,False,True,False,-1,0.1964285714285714,-0.1964285714285714,-345.0,0.0,0.0,HOLD_FLAT,0.0,HOLD_FLAT
2024-06-03,0.0,0.1,0.3,False,False,False,-1,0.5207100591715976,-0.5207100591715976,-645.0,0.0,0.0,HOLD_FLAT,0.0,HOLD_FLAT
2024-06-04,0.0,0.1,0.3,False,False,False,-1,0.04705882352941171,-0.04705882352941171,-255.0,0.0,0.0,HOLD_FLAT,0.0,HOLD_FLAT
2024-06-05,0.0,0.1,0.3,False,False,False,-1,0.5029239766081871,-0.5029239766081871,-615.0,0.0,0.0,HOLD_FLAT,0.0,HOLD_FLAT
2024-06-06,0.0,0.1,0.3,False,True,False,1,0.5116279069767442,0.5116279069767442,405.0,0.0,0.0,HOLD_FLAT,0.0,HOLD_FLAT
2024-06-07,0.0,0.1,0.3,False,True,False,-1,0.17919075144508678,-0.17919075144508678,-330.0,0.0,0.0,HOLD_FLAT,0.0,HOLD_FLAT
2024-06-11,0.0,0.1,0.3,False,False,False,-1,0.5919540229885059,-0.5919540229885059,-915.0,0.0,0.0,HOLD_FLAT,0.0,HOLD_FLAT
2024-06-12,0.0,0.1,0.3,False,True,False,1,0.5314285714285714,0.5314285714285714,435.0,0.0,0.0,HOLD_FLAT,0.0,HOLD_FLAT
2024-06-13,0.0,0.1,0.3,False,True,False,1,0.005681818181818343,0.005681818181818343,-195.0,0.0,0.0,HOLD_FLAT,0.0,HOLD_FLAT
2024-06-14,0.0,0.1,0.3,False,False,False,-1,0.062146892655367325,-0.062146892655367325,-270.0,0.0,0.0,HOLD_FLAT,0.0,HOLD_FLAT
2024-06-17,0.0,0.1,0.3,False,False,False,-1,0.1853932584269662,-0.1853932584269662,-330.0,0.0,0.0,HOLD_FLAT,0.0,HOLD_FLAT
2024-06-18,0.0,0.1,0.3,False,False,False,-1,0.5865921787709498,-0.5865921787709498,-900.0,0.0,0.0,HOLD_FLAT,0.0,HOLD_FLAT
2024-06-19,0.0,0.1,0.3,False,True,False,1,0.4722222222222223,0.4722222222222223,360.0,0.0,0.0,HOLD_FLAT,0.0,HOLD_FLAT
2024-06-20,0.0,0.1,0.3,False,False,False,1,0.23888888888888893,0.23888888888888893,120.0,0.0,0.0,HOLD_FLAT,0.0,HOLD_FLAT
2024-06-21,0.0,0.1,0.3,False,True,False,-1,0.5611111111111111,-0.5611111111111111,-750.0,0.0,0.0,HOLD_FLAT,0.0,HOLD_FLAT
2024-06-24,0.0,0.1,0.3,True,False,False,-1,0.6555555555555556,-0.6555555555555556,-1005.0,0.0,0.0,HOLD_FLAT,0.0,HOLD_FLAT
2024-06-25,0.0,0.1,0.3,False,True,False,1,0.5777777777777777,0.5777777777777777,510.0,0.0,0.0,HOLD_FLAT,0.0,HOLD_FLAT
2024-06-26,0.0,0.1,0.3,True,False,False,1,0.6722222222222223,0.6722222222222223,690.0,0.0,0.0,HOLD_FLAT,0.0,HOLD_FLAT
2024-06-27,0.0,0.1,0.3,False,False,False,1,0.6222222222222222,0.6222222222222222,615.0,0.0,0.0,HOLD_FLAT,0.0,HOLD_FLAT
2024-06-28,0.0,0.1,0.3,False,True,False,1,0.07222222222222219,0.07222222222222219,-30.0,0.0,0.0,HOLD_FLAT,0.0,HOLD_FLAT
2024-07-01,0.0,0.1,0.3,False,True,False,1,0.4444444444444444,0.4444444444444444,345.0,0.0,0.0,HOLD_FLAT,0.0,HOLD_FLAT
2024-07-02,0.0,0.1,0.3,False,True,False,-1,0.3666666666666667,-0.3666666666666667,-480.0,0.0,0.0,HOLD_FLAT,0.0,HOLD_FLAT
2024-07-03,0.0,0.1,0.3,False,True,False,1,0.27222222222222214,0.27222222222222214,150.0,0.0,0.0,HOLD_FLAT,0.0,HOLD_FLAT
2024-07-04,0.0,0.1,0.3,False,True,False,-1,0.005555555555555536,-0.005555555555555536,-180.0,0.0,0.0,HOLD_FLAT,0.0,HOLD_FLAT
2024-07-05,0.0,0.1,0.3,False,False,False,1,0.08333333333333326,0.08333333333333326,-15.0,0.0,0.0,HOLD_FLAT,0.0,HOLD_FLAT
2024-07-08,0.0,0.1,0.3,False,False,False,1,0.06666666666666665,0.06666666666666665,-75.0,0.0,0.0,HOLD_FLAT,0.0,HOLD_FLAT
2024-07-09,0.0,0.1,0.3,False,True,False,1,0.30000000000000004,0.30000000000000004,150.0,0.0,0.0,HOLD_FLAT,0.0,HOLD_FLAT
2024-07-10,0.0,0.1,0.3,False,True,False,-1,0.5722222222222222,-0.5722222222222222,-705.0,0.0,0.0,HOLD_FLAT,0.0,HOLD_FLAT
2024-07-11,0.0,0.1,0.3,False,True,False,1,0.38888888888888884,0.38888888888888884,210.0,0.0,0.0,HOLD_FLAT,0.0,HOLD_FLAT
2024-07-12,0.0,0.1,0.3,False,True,False,-1,0.2222222222222222,-0.2222222222222222,-345.0,0.0,0.0,HOLD_FLAT,0.0,HOLD_FLAT
2024-07-15,0.0,0.1,0.3,True,False,False,-1,0.7055555555555555,-0.7055555555555555,-1020.0,0.0,0.0,HOLD_FLAT,0.0,HOLD_FLAT
2024-07-16,0.0,0.1,0.3,False,True,False,1,0.4388888888888889,0.4388888888888889,255.0,0.0,0.0,HOLD_FLAT,0.0,HOLD_FLAT
2024-07-17,0.0,0.1,0.3,False,True,False,-1,0.5166666666666666,-0.5166666666666666,-585.0,0.0,0.0,HOLD_FLAT,0.0,HOLD_FLAT
2024-07-18,0.0,0.1,0.3,False,True,False,1,0.4833333333333334,0.4833333333333334,330.0,0.0,0.0,HOLD_FLAT,0.0,HOLD_FLAT
2024-07-19,0.0,0.1,0.3,True,False,False,1,0.6777777777777778,0.6777777777777778,555.0,0.0,0.0,HOLD_FLAT,0.0,HOLD_FLAT
2024-07-22,0.0,0.1,0.3,False,True,False,-1,0.08333333333333326,-0.08333333333333326,-255.0,0.0,0.0,HOLD_FLAT,0.0,HOLD_FLAT
2024-07-23,0.0,0.1,0.3,False,False,False,-1,0.19444444444444442,-0.19444444444444442,-315.0,0.0,0.0,HOLD_FLAT,0.0,HOLD_FLAT
2024-07-24,0.0,0.1,0.3,False,False,False,-1,0.14444444444444438,-0.14444444444444438,-300.0,0.0,0.0,HOLD_FLAT,0.0,HOLD_FLAT
2024-07-25,0.0,0.1,0.3,False,True,False,1,0.15555555555555567,0.15555555555555567,45.0,0.0,0.0,HOLD_FLAT,0.0,HOLD_FLAT
2024-07-26,0.0,0.1,0.3,False,True,False,-1,0.2777777777777778,-0.2777777777777778,-360.0,0.0,0.0,HOLD_FLAT,0.0,HOLD_FLAT
2024-07-29,0.0,0.1,0.3,False,False,False,-1,0.6277777777777778,-0.6277777777777778,-735.0,0.0,0.0,HOLD_FLAT,0.0,HOLD_FLAT
2024-07-30,0.0,0.1,0.3,False,False,False,-1,0.6055555555555555,-0.6055555555555555,-675.0,0.0,0.0,HOLD_FLAT,0.0,HOLD_FLAT
2024-07-31,0.0,0.1,0.3,False,True,False,1,0.6388888888888888,0.6388888888888888,465.0,0.0,0.0,HOLD_FLAT,0.0,HOLD_FLAT
2024-08-01,0.0,0.1,0.3,False,True,False,-1,0.4888888888888888,-0.4888888888888888,-555.0,0.0,0.0,HOLD_FLAT,0.0,HOLD_FLAT
2024-08-02,0.0,0.1,0.3,False,True,False,1,0.1499999999999999,0.1499999999999999,45.0,0.0,0.0,HOLD_FLAT,0.0,HOLD_FLAT
2024-08-05,0.0,0.1,0.3,False,False,False,1,0.2944444444444445,0.2944444444444445,150.0,0.0,0.0,HOLD_FLAT,0.0,HOLD_FLAT
2024-08-06,0.0,0.1,0.3,False,True,False,1,0.061111111111111116,0.061111111111111116,-75.0,0.0,0.0,HOLD_FLAT,0.0,HOLD_FLAT
2024-08-07,0.0,0.1,0.3,False,False,False,-1,0.12222222222222223,-0.12222222222222223,-285.0,0.0,0.0,HOLD_FLAT,0.0,HOLD_FLAT
2024-08-08,0.0,0.1,0.3,False,False,False,-1,0.47777777777777775,-0.47777777777777775,-540.0,0.0,0.0,HOLD_FLAT,0.0,HOLD_FLAT
2024-08-09,0.0,0.1,0.3,False,False,False,-1,0.1166666666666667,-0.1166666666666667,-285.0,0.0,0.0,HOLD_FLAT,0.0,HOLD_FLAT
2024-08-12,0.0,0.1,0.3,False,False,False,-1,0.40555555555555556,-0.40555555555555556,-465.0,0.0,0.0,HOLD_FLAT,0.0,HOLD_FLAT
2024-08-13,0.0,0.1,0.3,False,True,False,1,0.5055555555555555,0.5055555555555555,300.0,0.0,0.0,HOLD_FLAT,0.0,HOLD_FLAT
2024-08-14,-1.0,0.1,0.3,True,True,True,-1,0.8055555555555556,-0.8055555555555556,-1065.0,0.0,-1.0,OPEN_SHORT,-1.0,OPEN_SHORT
2024-08-15,-1.0,0.1,0.3,False,False,False,-1,0.2222222222222222,-0.2222222222222222,-315.0,0.0,-1.0,HOLD,-1.0,HOLD
2024-08-16,0.0,0.1,0.3,False,True,False,1,0.33333333333333326,0.33333333333333326,165.0,0.0,0.0,CLOSE,0.0,CLOSE
2024-08-19,0.0,0.1,0.3,False,False,False,1,0.25555555555555554,0.25555555555555554,135.0,0.0,0.0,HOLD_FLAT,0.0,HOLD_FLAT
2024-08-20,0.0,0.1,0.3,True,False,False,1,0.6611111111111112,0.6611111111111112,480.0,0.0,0.0,HOLD_FLAT,0.0,HOLD_FLAT
2024-08-21,0.0,0.1,0.3,True,False,False,1,0.8166666666666667,0.8166666666666667,870.0,0.0,0.0,HOLD_FLAT,0.0,HOLD_FLAT
2024-08-22,-0.6,0.1,0.3,True,True,True,-1,0.711111111111111,-0.711111111111111,-735.0,0.0,-0.6,OPEN_SHORT,-0.6,OPEN_SHORT
2024-08-23,-0.6,0.1,0.3,False,False,False,-1,0.6555555555555556,-0.6555555555555556,-630.0,0.0,-0.6,HOLD,-0.6,HOLD
2024-08-26,-0.6,0.1,0.3,False,True,False,1,0.47777777777777786,0.47777777777777786,300.0,0.0,-0.6,HOLD,-0.6,HOLD
2024-08-27,0.0,0.1,0.3,True,False,False,1,0.6888888888888889,0.6888888888888889,540.0,0.0,0.0,CLOSE,0.0,CLOSE
2024-08-28,0.0,0.1,0.3,False,True,False,-1,0.02777777777777779,-0.02777777777777779,-120.0,0.0,0.0,HOLD_FLAT,0.0,HOLD_FLAT
2024-08-29,0.0,0.1,0.3,False,True,False,1,0.48888888888888893,0.48888888888888893,330.0,0.0,0.0,HOLD_FLAT,0.0,HOLD_FLAT
2024-08-30,0.0,0.1,0.3,True,False,False,1,0.7277777777777779,0.7277777777777779,615.0,0.0,0.0,HOLD_FLAT,0.0,HOLD_FLAT
2024-09-02,-1.0,0.1,0.3,True,True,True,-1,0.9166666666666666,-0.9166666666666666,-1110.0,0.0,-1.0,OPEN_SHORT,-1.0,OPEN_SHORT
2024-09-03,-1.0,0.1,0.3,False,False,False,-1,0.016666666666666607,-0.016666666666666607,-90.0,0.0,-1.0,HOLD,-1.0,HOLD
2024-09-04,0.0,0.1,0.3,False,False,False,-1,0.40555555555555556,-0.40555555555555556,-390.0,0.0,0.0,CLOSE,0.0,CLOSE
2024-09-05,-1.0,0.1,0.3,True,True,True,-1,0.7944444444444444,-0.7944444444444444,-855.0,0.0,-1.0,OPEN_SHORT,-1.0,OPEN_SHORT
2024-09-06,-1.0,0.1,0.3,False,True,False,1,0.2055555555555555,0.2055555555555555,135.0,0.0,-0.5,DECREASE,-0.5,DECREASE
2024-09-09,0.0,0.1,0.3,True,False,False,1,0.7388888888888889,0.7388888888888889,585.0,0.0,0.0,CLOSE,0.0,CLOSE
2024-09-10,0.0,0.1,0.3,False,True,False,-1,0.25555555555555554,-0.25555555555555554,-300.0,0.0,0.0,HOLD_FLAT,0.0,HOLD_FLAT
2024-09-11,1.0,0.1,0.3,True,True,True,1,0.9722222222222223,0.9722222222222223,1890.0,0.0,0.5,OPEN_LONG,0.5,OPEN_LONG
2024-09-12,1.0,0.1,0.3,False,True,False,-1,0.49444444444444446,-0.49444444444444446,-450.0,0.0,0.5,HOLD,0.5,HOLD
2024-09-13,0.0,0.1,0.3,False,True,False,1,0.30000000000000004,0.30000000000000004,180.0,0.0,0.0,CLOSE,0.0,CLOSE
2024-09-18,-0.6,0.1,0.3,True,True,True,-1,0.7333333333333334,-0.7333333333333334,-675.0,0.0,-0.3,OPEN_SHORT,-0.3,OPEN_SHORT
2024-09-19,-0.6,0.1,0.3,False,True,False,1,0.16666666666666674,0.16666666666666674,120.0,0.0,-0.3,HOLD,-0.3,HOLD
2024-09-20,0.0,0.1,0.3,False,True,False,-1,0.06666666666666665,-0.06666666666666665,-120.0,0.0,0.0,CLOSE,0.0,CLOSE
2024-09-23,0.0,0.1,0.3,False,False,False,-1,0.08333333333333326,-0.08333333333333326,-135.0,0.0,0.0,HOLD_FLAT,0.0,HOLD_FLAT
2024-09-24,0.6,0.1,0.3,True,True,True,1,0.7666666666666666,0.7666666666666666,585.0,0.0,0.3,OPEN_LONG,0.3,OPEN_LONG
2024-09-25,0.6,0.1,0.3,False,True,False,-1,0.10555555555555551,-0.10555555555555551,-165.0,0.0,0.3,HOLD,0.3,HOLD
2024-09-26,0.0,0.1,0.3,False,True,False,1,0.41666666666666674,0.41666666666666674,240.0,0.0,0.0,CLOSE,0.0,CLOSE
2024-09-27,0.0,0.1,0.3,False,True,False,1,0.04444444444444451,0.04444444444444451,-30.0,0.0,0.0,HOLD_FLAT,0.0,HOLD_FLAT
2024-09-30,1.0,0.1,0.3,True,True,True,1,0.8611111111111112,0.8611111111111112,840.0,0.0,0.5,OPEN_LONG,0.5,OPEN_LONG
2024-10-08,1.0,0.1,0.3,True,True,True,-1,0.85,-0.85,-930.0,0.0,0.5,HOLD,0.5,HOLD
2024-10-09,0.0,0.1,0.3,False,False,False,1,0.011111111111111072,0.011111111111111072,-75.0,0.0,0.0,CLOSE,0.0,CLOSE
2024-10-10,0.0,0.1,0.3,True,False,False,-1,0.8055555555555556,-0.8055555555555556,-810.0,0.0,0.0,HOLD_FLAT,0.0,HOLD_FLAT
2024-10-11,0.0,0.1,0.3,False,True,False,1,0.12222222222222223,0.12222222222222223,60.0,0.0,0.0,HOLD_FLAT,0.0,HOLD_FLAT
2024-10-14,0.0,0.1,0.3,False,True,False,-1,0.1777777777777778,-0.1777777777777778,-240.0,0.0,0.0,HOLD_FLAT,0.0,HOLD_FLAT
2024-10-15,0.0,0.1,0.3,False,True,False,1,0.1611111111111112,0.1611111111111112,90.0,0.0,0.0,HOLD_FLAT,0.0,HOLD_FLAT
2024-10-16,0.0,0.1,0.3,False,True,False,-1,0.7277777777777777,-0.7277777777777777,-675.0,0.0,0.0,HOLD_FLAT,0.0,HOLD_FLAT
2024-10-17,0.0,0.1,0.3,True,False,False,-1,0.7944444444444444,-0.7944444444444444,-765.0,0.0,0.0,HOLD_FLAT,0.0,HOLD_FLAT
2024-10-18,0.6,0.1,0.3,True,True,True,1,0.7833333333333334,0.7833333333333334,615.0,0.0,0.6,OPEN_LONG,0.6,OPEN_LONG
2024-10-21,0.6,0.1,0.3,False,False,False,1,0.7166666666666668,0.7166666666666668,540.0,0.0,0.6,HOLD,0.6,HOLD
2024-10-22,0.6,0.1,0.3,False,False,False,1,0.588888888888889,0.588888888888889,390.0,0.0,0.6,HOLD,0.6,HOLD
2024-10-23,0.6,0.1,0.3,False,False,False,1,0.6444444444444444,0.6444444444444444,450.0,0.0,0.6,HOLD,0.6,HOLD
2024-10-24,0.6,0.1,0.3,False,True,False,-1,0.3555555555555555,-0.3555555555555555,-315.0,0.0,0.6,HOLD,0.6,HOLD
2024-10-25,0.0,0.1,0.3,False,True,False,1,0.2666666666666666,0.2666666666666666,150.0,0.0,0.0,CLOSE,0.0,CLOSE
2024-10-28,0.0,0.1,0.3,True,False,False,1,0.7611111111111111,0.7611111111111111,570.0,0.0,0.0,HOLD_FLAT,0.0,HOLD_FLAT
2024-10-29,0.0,0.1,0.3,False,True,False,-1,0.5611111111111111,-0.5611111111111111,-510.0,0.0,0.0,HOLD_FLAT,0.0,HOLD_FLAT
2024-10-30,0.0,0.1,0.3,False,False,False,-1,0.35,-0.35,-315.0,0.0,0.0,HOLD_FLAT,0.0,HOLD_FLAT
2024-10-31,0.0,0.1,0.3,False,True,False,1,0.4722222222222223,0.4722222222222223,300.0,0.0,0.0,HOLD_FLAT,0.0,HOLD_FLAT
2024-11-01,0.0,0.1,0.3,False,False,False,1,0.6722222222222223,0.6722222222222223,495.0,0.0,0.0,HOLD_FLAT,0.0,HOLD_FLAT
2024-11-04,0.0,0.1,0.3,False,False,False,1,0.3666666666666667,0.3666666666666667,225.0,0.0,0.0,HOLD_FLAT,0.0,HOLD_FLAT
2024-11-05,0.0,0.1,0.3,False,False,False,1,0.03333333333333344,0.03333333333333344,30.0,0.0,0.0,HOLD_FLAT,0.0,HOLD_FLAT
2024-11-06,0.0,0.1,0.3,False,True,False,-1,0.5,-0.5,-435.0,0.0,0.0,HOLD_FLAT,0.0,HOLD_FLAT
2024-11-07,0.0,0.1,0.3,False,True,False,1,0.43333333333333335,0.43333333333333335,285.0,0.0,0.0,HOLD_FLAT,0.0,HOLD_FLAT
2024-11-08,0.0,0.1,0.3,False,True,False,-1,0.1333333333333333,-0.1333333333333333,-135.0,0.0,0.0,HOLD_FLAT,0.0,HOLD_FLAT
2024-11-11,1.0,0.1,0.3,True,True,True,1,0.95,0.95,1365.0,0.0,1.0,OPEN_LONG,1.0,OPEN_LONG
2024-11-12,1.0,0.1,0.3,False,False,False,1,0.10555555555555562,0.10555555555555562,60.0,0.0,1.0,HOLD,1.0,HOLD
2024-11-13,1.0,0.1,0.3,True,True,True,1,0.95,0.95,1605.0,0.0,0.5,DECREASE,0.5,DECREASE
2024-11-14,1.0,0.1,0.3,True,True,True,-1,0.9611111111111111,-0.9611111111111111,-1650.0,0.0,0.5,HOLD,0.5,HOLD
2024-11-15,0.0,0.1,0.3,True,False,False,-1,0.8,-0.8,-810.0,0.0,0.0,CLOSE,0.0,CLOSE
2024-11-18,1.0,0.1,0.3,True,True,True,1,0.8500000000000001,0.8500000000000001,795.0,0.0,0.35,OPEN_LONG,0.35,OPEN_LONG
2024-11-19,1.0,0.1,0.3,False,False,False,1,0.6611111111111112,0.6611111111111112,510.0,0.0,0.5,INCREASE,0.5,INCREASE
2024-11-20,1.0,0.1,0.3,False,False,False,1,0.0277777777777779,0.0277777777777779,15.0,0.0,0.5,HOLD,0.5,HOLD
2024-11-21,0.0,0.1,0.3,False,True,False,-1,0.21666666666666667,-0.21666666666666667,-225.0,0.0,0.0,CLOSE,0.0,CLOSE
2024-11-22,0.0,0.1,0.3,False,False,False,-1,0.75,-0.75,-735.0,0.0,0.0,HOLD_FLAT,0.0,HOLD_FLAT
2024-11-25,0.0,0.1,0.3,False,True,False,1,0.40555555555555567,0.40555555555555567,255.0,0.0,0.0,HOLD_FLAT,0.0,HOLD_FLAT
2024-11-26,0.0,0.1,0.3,False,True,False,-1,0.5555555555555556,-0.5555555555555556,-510.0,0.0,0.0,HOLD_FLAT,0.0,HOLD_FLAT
2024-11-27,0.0,0.1,0.3,False,False,False,1,0.016666666666666607,0.016666666666666607,-45.0,0.0,0.0,HOLD_FLAT,0.0,HOLD_FLAT
2024-11-28,0.0,0.1,0.3,False,True,False,1,0.05555555555555558,0.05555555555555558,0.0,0.0,0.0,HOLD_FLAT,0.0,HOLD_FLAT
2024-11-29,0.0,0.1,0.3,False,True,False,1,0.06666666666666665,0.06666666666666665,15.0,0.0,0.0,HOLD_FLAT,0.0,HOLD_FLAT
2024-12-02,0.0,0.1,0.3,False,True,False,-1,0.02777777777777779,-0.02777777777777779,-75.0,0.0,0.0,HOLD_FLAT,0.0,HOLD_FLAT
2024-12-03,0.0,0.1,0.3,False,False,False,-1,0.07777777777777772,-0.07777777777777772,-90.0,0.0,0.0,HOLD_FLAT,0.0,HOLD_FLAT
2024-12-04,0.0,0.1,0.3,False,False,False,-1,0.5722222222222222,-0.5722222222222222,-510.0,0.0,0.0,HOLD_FLAT,0.0,HOLD_FLAT
2024-12-05,0.0,0.1,0.3,False,True,False,1,0.1777777777777778,0.1777777777777778,60.0,0.0,0.0,HOLD_FLAT,0.0,HOLD_FLAT
2024-12-06,0.0,0.1,0.3,False,False,False,1,0.14444444444444438,0.14444444444444438,45.0,0.0,0.0,HOLD_FLAT,0.0,HOLD_FLAT
2024-12-09,0.0,0.1,0.3,False,False,False,1,0.13888888888888884,0.13888888888888884,45.0,0.0,0.0,HOLD_FLAT,0.0,HOLD_FLAT
2024-12-10,0.0,0.1,0.3,False,True,False,-1,0.005555555555555536,-0.005555555555555536,-60.0,0.0,0.0,HOLD_FLAT,0.0,HOLD_FLAT
2024-12-11,0.0,0.1,0.3,False,True,False,1,0.08333333333333326,0.08333333333333326,15.0,0.0,0.0,HOLD_FLAT,0.0,HOLD_FLAT
2024-12-12,0.0,0.1,0.3,False,False,False,1,0.26111111111111107,0.26111111111111107,120.0,0.0,0.0,HOLD_FLAT,0.0,HOLD_FLAT
2024-12-13,0.0,0.1,0.3,False,True,False,-1,0.47777777777777775,-0.47777777777777775,-375.0,0.0,0.0,HOLD_FLAT,0.0,HOLD_FLAT
2024-12-16,0.0,0.1,0.3,False,True,False,1,0.2055555555555555,0.2055555555555555,60.0,0.0,0.0,HOLD_FLAT,0.0,HOLD_FLAT
2024-12-17,0.0,0.1,0.3,False,True,False,-1,0.25,-0.25,-240.0,0.0,0.0,HOLD_FLAT,0.0,HOLD_FLAT
2024-12-18,0.0,0.1,0.3,False,False,False,-1,0.27222222222222225,-0.27222222222222225,-252.0,0.0,0.0,HOLD_FLAT,0.0,HOLD_FLAT
2024-12-19,0.0,0.1,0.3,False,False,False,-1,0.13888888888888884,-0.13888888888888884,-132.0,0.0,0.0,HOLD_FLAT,0.0,HOLD_FLAT
2024-12-20,1.0,0.1,0.3,True,True,True,1,0.9388888888888889,0.9388888888888889,1188.0,0.0,1.0,OPEN_LONG,1.0,OPEN_LONG
2024-12-23,1.0,0.1,0.3,False,True,False,-1,0.2222222222222222,-0.2222222222222222,-210.0,0.0,1.0,HOLD,1.0,HOLD
2024-12-24,0.0,0.1,0.3,False,True,False,1,0.5611111111111111,0.5611111111111111,306.0,0.0,0.0,CLOSE,0.0,CLOSE
2024-12-25,0.0,0.1,0.3,False,True,False,-1,0.22777777777777775,-0.22777777777777775,-210.0,0.0,0.0,HOLD_FLAT,0.0,HOLD_FLAT
2024-12-26,0.0,0.1,0.3,False,True,False,1,0.08333333333333326,0.08333333333333326,6.0,0.0,0.0,HOLD_FLAT,0.0,HOLD_FLAT
2024-12-27,0.0,0.1,0.3,False,True,False,-1,0.3944444444444444,-0.3944444444444444,-306.0,0.0,0.0,HOLD_FLAT,0.0,HOLD_FLAT
2024-12-30,0.6,0.1,0.3,True,True,True,1,0.8055555555555556,0.8055555555555556,546.0,0.0,0.6,OPEN_LONG,0.6,OPEN_LONG
2024-12-31,0.6,0.1,0.3,False,True,False,-1,0.5055555555555555,-0.5055555555555555,-366.0,0.0,0.6,HOLD,0.6,HOLD
2025-01-02,0.0,0.1,0.3,False,True,False,1,0.41666666666666674,0.41666666666666674,210.0,0.0,0.0,CLOSE,0.0,CLOSE
2025-01-03,0.0,0.1,0.3,False,True,False,-1,0.55,-0.55,-426.0,0.0,0.0,HOLD_FLAT,0.0,HOLD_FLAT
2025-01-06,0.0,0.1,0.3,False,True,False,1,0.6499999999999999,0.6499999999999999,384.0,0.0,0.0,HOLD_FLAT,0.0,HOLD_FLAT
2025-01-07,0.0,0.1,0.3,False,False,False,1,0.6055555555555556,0.6055555555555556,348.0,0.0,0.0,HOLD_FLAT,0.0,HOLD_FLAT
2025-01-08,0.0,0.1,0.3,False,True,False,-1,0.6055555555555555,-0.6055555555555555,-492.0,0.0,0.0,HOLD_FLAT,0.0,HOLD_FLAT
2025-01-09,0.0,0.1,0.3,False,True,False,1,0.5611111111111111,0.5611111111111111,318.0,0.0,0.0,HOLD_FLAT,0.0,HOLD_FLAT
2025-01-10,0.0,0.1,0.3,False,True,False,-1,0.08333333333333326,-0.08333333333333326,-96.0,0.0,0.0,HOLD_FLAT,0.0,HOLD_FLAT
2025-01-13,0.0,0.1,0.3,False,True,False,1,0.44999999999999996,0.44999999999999996,252.0,0.0,0.0,HOLD_FLAT,0.0,HOLD_FLAT
2025-01-14,0.0,0.1,0.3,False,False,False,1,0.23888888888888893,0.23888888888888893,102.0,0.0,0.0,HOLD_FLAT,0.0,HOLD_FLAT
2025-01-15,0.0,0.1,0.3,False,False,False,1,0.6111111111111112,0.6111111111111112,348.0,0.0,0.0,HOLD_FLAT,0.0,HOLD_FLAT
2025-01-16,0.0,0.1,0.3,False,True,False,-1,0.12777777777777777,-0.12777777777777777,-120.0,0.0,0.0,HOLD_FLAT,0.0,HOLD_FLAT
2025-01-17,0.0,0.1,0.3,False,True,False,1,0.4833333333333334,0.4833333333333334,264.0,0.0,0.0,HOLD_FLAT,0.0,HOLD_FLAT
2025-01-20,0.0,0.1,0.3,False,True,False,1,0.050000000000000044,0.050000000000000044,-6.0,0.0,0.0,HOLD_FLAT,0.0,HOLD_FLAT
2025-01-21,0.0,0.1,0.3,False,False,False,-1,0.75,-0.75,-660.0,0.0,0.0,HOLD_FLAT,0.0,HOLD_FLAT
2025-01-22,0.0,0.1,0.3,False,True,False,1,0.3833333333333333,0.3833333333333333,204.0,0.0,0.0,HOLD_FLAT,0.0,HOLD_FLAT
2025-01-23,0.0,0.1,0.3,False,False,False,1,0.25,0.25,114.0,0.0,0.0,HOLD_FLAT,0.0,HOLD_FLAT
2025-01-24,0.0,0.1,0.3,False,True,False,1,0.06666666666666665,0.06666666666666665,0.0,0.0,0.0,HOLD_FLAT,0.0,HOLD_FLAT
2025-01-27,0.0,0.1,0.3,False,True,False,1,0.09444444444444455,0.09444444444444455,12.0,0.0,0.0,HOLD_FLAT,0.0,HOLD_FLAT
2025-02-05,0.0,0.1,0.3,False,True,False,-1,0.5888888888888888,-0.5888888888888888,-450.0,0.0,0.0,HOLD_FLAT,0.0,HOLD_FLAT
2025-02-06,0.0,0.1,0.3,False,False,False,-1,0.21666666666666667,-0.21666666666666667,-186.0,0.0,0.0,HOLD_FLAT,0.0,HOLD_FLAT
2025-02-07,0.0,0.1,0.3,False,True,False,1,0.24444444444444446,0.24444444444444446,90.0,0.0,0.0,HOLD_FLAT,0.0,HOLD_FLAT
2025-02-10,0.0,0.1,0.3,False,False,False,1,0.461111111111111,0.461111111111111,240.0,0.0,0.0,HOLD_FLAT,0.0,HOLD_FLAT
2025-02-11,0.0,0.1,0.3,False,True,False,-1,0.5555555555555556,-0.5555555555555556,-390.0,0.0,0.0,HOLD_FLAT,0.0,HOLD_FLAT
2025-02-12,0.0,0.1,0.3,False,True,False,1,0.18888888888888888,0.18888888888888888,60.0,0.0,0.0,HOLD_FLAT,0.0,HOLD_FLAT
2025-02-13,0.0,0.1,0.3,False,True,False,-1,0.033333333333333326,-0.033333333333333326,-60.0,0.0,0.0,HOLD_FLAT,0.0,HOLD_FLAT
2025-02-14,0.0,0.1,0.3,False,False,False,-1,0.21666666666666667,-0.21666666666666667,-156.0,0.0,0.0,HOLD_FLAT,0.0,HOLD_FLAT
2025-02-17,0.0,0.1,0.3,False,True,False,1,0.2777777777777779,0.2777777777777779,114.0,0.0,0.0,HOLD_FLAT,0.0,HOLD_FLAT
2025-02-18,0.0,0.1,0.3,False,True,False,1,0.005555555555555536,0.005555555555555536,-30.0,0.0,0.0,HOLD_FLAT,0.0,HOLD_FLAT
2025-02-19,0.0,0.1,0.3,False,True,False,1,0.23888888888888893,0.23888888888888893,72.0,0.0,0.0,HOLD_FLAT,0.0,HOLD_FLAT
2025-02-20,0.0,0.1,0.3,False,True,False,-1,0.02777777777777779,-0.02777777777777779,-36.0,0.0,0.0,HOLD_FLAT,0.0,HOLD_FLAT
2025-02-21,0.0,0.1,0.3,False,False,False,-1,0.22777777777777775,-0.22777777777777775,-168.0,0.0,0.0,HOLD_FLAT,0.0,HOLD_FLAT
2025-02-24,0.0,0.1,0.3,False,True,False,1,0.12222222222222223,0.12222222222222223,30.0,0.0,0.0,HOLD_FLAT,0.0,HOLD_FLAT
2025-02-25,0.0,0.1,0.3,False,True,False,1,0.005555555555555536,0.005555555555555536,-24.0,0.0,0.0,HOLD_FLAT,0.0,HOLD_FLAT
2025-02-26,0.0,0.1,0.3,False,False,False,-1,0.27222222222222225,-0.27222222222222225,-192.0,0.0,0.0,HOLD_FLAT,0.0,HOLD_FLAT
2025-02-27,0.0,0.1,0.3,False,True,False,1,0.1499999999999999,0.1499999999999999,42.0,0.0,0.0,HOLD_FLAT,0.0,HOLD_FLAT
2025-02-28,0.0,0.1,0.3,False,True,False,-1,0.3944444444444444,-0.3944444444444444,-282.0,0.0,0.0,HOLD_FLAT,0.0,HOLD_FLAT
2025-03-03,0.0,0.1,0.3,False,True,False,1,0.22222222222222232,0.22222222222222232,60.0,0.0,0.0,HOLD_FLAT,0.0,HOLD_FLAT
2025-03-04,0.0,0.1,0.3,False,True,False,-1,0.04999999999999993,-0.04999999999999993,-42.0,0.0,0.0,HOLD_FLAT,0.0,HOLD_FLAT
2025-03-05,0.0,0.1,0.3,False,True,False,1,0.10555555555555562,0.10555555555555562,24.0,0.0,0.0,HOLD_FLAT,0.0,HOLD_FLAT
2025-03-06,0.0,0.1,0.3,False,False,False,1,0.7277777777777779,0.7277777777777779,438.0,0.0,0.0,HOLD_FLAT,0.0,HOLD_FLAT
2025-03-07,0.0,0.1,0.3,False,True,False,-1,0.3277777777777777,-0.3277777777777777,-204.0,0.0,0.0,HOLD_FLAT,0.0,HOLD_FLAT
2025-03-10,0.0,0.1,0.3,False,False,False,-1,0.18333333333333335,-0.18333333333333335,-108.0,0.0,0.0,HOLD_FLAT,0.0,HOLD_FLAT
2025-03-11,0.0,0.1,0.3,False,True,False,1,0.22777777777777786,0.22777777777777786,60.0,0.0,0.0,HOLD_FLAT,0.0,HOLD_FLAT
2025-03-12,0.0,0.1,0.3,False,True,False,-1,0.18888888888888888,-0.18888888888888888,-108.0,0.0,0.0,HOLD_FLAT,0.0,HOLD_FLAT
2025-03-13,0.0,0.1,0.3,False,False,False,-1,0.15000000000000002,-0.15000000000000002,-78.0,0.0,0.0,HOLD_FLAT,0.0,HOLD_FLAT
2025-03-14,0.0,0.1,0.3,False,True,False,1,0.22222222222222232,0.22222222222222232,60.0,0.0,0.0,HOLD_FLAT,0.0,HOLD_FLAT
2025-03-17,0.0,0.1,0.3,False,False,False,1,0.4722222222222223,0.4722222222222223,210.0,0.0,0.0,HOLD_FLAT,0.0,HOLD_FLAT
2025-03-18,0.0,0.1,0.3,False,True,False,-1,0.43333333333333335,-0.43333333333333335,-252.0,0.0,0.0,HOLD_FLAT,0.0,HOLD_FLAT
2025-03-19,0.0,0.1,0.3,False,False,False,-1,0.09444444444444444,-0.09444444444444444,-60.0,0.0,0.0,HOLD_FLAT,0.0,HOLD_FLAT
2025-03-20,0.0,0.1,0.3,True,False,False,-1,0.7722222222222221,-0.7722222222222221,-582.0,0.0,0.0,HOLD_FLAT,0.0,HOLD_FLAT
2025-03-21,0.0,0.1,0.3,False,False,False,1,0.011111111111111072,0.011111111111111072,-6.0,0.0,0.0,HOLD_FLAT,0.0,HOLD_FLAT
2025-03-24,0.0,0.1,0.3,False,True,False,1,0.3944444444444444,0.3944444444444444,144.0,0.0,0.0,HOLD_FLAT,0.0,HOLD_FLAT
2025-03-25,0.0,0.1,0.3,False,False,False,1,0.11111111111111116,0.11111111111111116,24.0,0.0,0.0,HOLD_FLAT,0.0,HOLD_FLAT
2025-03-26,0.0,0.1,0.3,False,False,False,1,0.48888888888888893,0.48888888888888893,204.0,0.0,0.0,HOLD_FLAT,0.0,HOLD_FLAT
2025-03-27,0.0,0.1,0.3,False,True,False,-1,0.03888888888888886,-0.03888888888888886,-30.0,0.0,0.0,HOLD_FLAT,0.0,HOLD_FLAT
2025-03-28,0.0,0.1,0.3,False,False,False,-1,0.22777777777777775,-0.22777777777777775,-114.0,0.0,0.0,HOLD_FLAT,0.0,HOLD_FLAT
2025-03-31,0.0,0.1,0.3,False,True,False,1,0.2055555555555555,0.2055555555555555,48.0,0.0,0.0,HOLD_FLAT,0.0,HOLD_FLAT
2025-04-01,0.0,0.1,0.3,False,False,False,1,0.26111111111111107,0.26111111111111107,60.0,0.0,0.0,HOLD_FLAT,0.0,HOLD_FLAT
2025-04-02,0.0,0.1,0.3,False,True,False,-1,0.5333333333333333,-0.5333333333333333,-306.0,0.0,0.0,HOLD_FLAT,0.0,HOLD_FLAT
2025-04-03,0.0,0.1,0.3,False,False,False,-1,0.08333333333333326,-0.08333333333333326,-54.0,0.0,0.0,HOLD_FLAT,0.0,HOLD_FLAT
2025-04-07,0.0,0.1,0.3,True,False,False,-1,0.8,-0.8,-630.0,0.0,0.0,HOLD_FLAT,0.0,HOLD_FLAT
2025-04-08,0.0,0.1,0.3,False,False,False,-1,0.3944444444444444,-0.3944444444444444,-234.0,0.0,0.0,HOLD_FLAT,0.0,HOLD_FLAT
2025-04-09,0.0,0.1,0.3,False,False,False,-1,0.2222222222222222,-0.2222222222222222,-114.0,0.0,0.0,HOLD_FLAT,0.0,HOLD_FLAT
2025-04-10,0.0,0.1,0.3,False,True,False,1,0.49444444444444446,0.49444444444444446,192.0,0.0,0.0,HOLD_FLAT,0.0,HOLD_FLAT
2025-04-11,0.0,0.1,0.3,False,True,False,-1,0.1611111111111111,-0.1611111111111111,-84.0,0.0,0.0,HOLD_FLAT,0.0,HOLD_FLAT
2025-04-14,0.0,0.1,0.3,False,True,False,1,0.44999999999999996,0.44999999999999996,150.0,0.0,0.0,HOLD_FLAT,0.0,HOLD_FLAT
2025-04-15,0.0,0.1,0.3,False,True,False,1,0.005555555555555536,0.005555555555555536,-12.0,0.0,0.0,HOLD_FLAT,0.0,HOLD_FLAT
2025-04-16,0.0,0.1,0.3,False,False,False,-1,0.21666666666666667,-0.21666666666666667,-102.0,0.0,0.0,HOLD_FLAT,0.0,HOLD_FLAT
2025-04-17,0.0,0.1,0.3,False,True,False,1,0.12777777777777777,0.12777777777777777,24.0,0.0,0.0,HOLD_FLAT,0.0,HOLD_FLAT
2025-04-18,0.0,0.1,0.3,False,True,False,-1,0.16666666666666663,-0.16666666666666663,-84.0,0.0,0.0,HOLD_FLAT,0.0,HOLD_FLAT
2025-04-21,0.0,0.1,0.3,False,False,False,-1,0.6166666666666667,-0.6166666666666667,-354.0,0.0,0.0,HOLD_FLAT,0.0,HOLD_FLAT
2025-04-22,0.0,0.1,0.3,False,False,False,-1,0.6055555555555555,-0.6055555555555555,-348.0,0.0,0.0,HOLD_FLAT,0.0,HOLD_FLAT
2025-04-23,0.0,0.1,0.3,False,True,False,1,0.7166666666666668,0.7166666666666668,342.0,0.0,0.0,HOLD_FLAT,0.0,HOLD_FLAT
2025-04-24,0.0,0.1,0.3,False,True,False,-1,0.4,-0.4,-204.0,0.0,0.0,HOLD_FLAT,0.0,HOLD_FLAT
2025-04-25,0.0,0.1,0.3,False,False,False,-1,0.0444444444444444,-0.0444444444444444,-36.0,0.0,0.0,HOLD_FLAT,0.0,HOLD_FLAT
2025-04-28,0.0,0.1,0.3,False,False,False,-1,0.6444444444444444,-0.6444444444444444,-366.0,0.0,0.0,HOLD_FLAT,0.0,HOLD_FLAT
2025-04-29,0.0,0.1,0.3,False,False,False,-1,0.4388888888888889,-0.4388888888888889,-210.0,0.0,0.0,HOLD_FLAT,0.0,HOLD_FLAT
2025-04-30,0.0,0.1,0.3,False,False,False,-1,0.19444444444444442,-0.19444444444444442,-90.0,0.0,0.0,HOLD_FLAT,0.0,HOLD_FLAT
2025-05-06,0.0,0.1,0.3,False,False,False,-1,0.4444444444444444,-0.4444444444444444,-210.0,0.0,0.0,HOLD_FLAT,0.0,HOLD_FLAT
2025-05-07,0.0,0.1,0.3,False,True,False,-1,0.6277777777777778,-0.6277777777777778,-330.0,0.0,0.0,HOLD_FLAT,0.0,HOLD_FLAT
2025-05-08,0.0,0.1,0.3,False,True,False,1,0.2055555555555555,0.2055555555555555,36.0,0.0,0.0,HOLD_FLAT,0.0,HOLD_FLAT
2025-05-09,0.0,0.1,0.3,False,True,False,-1,0.6833333333333333,-0.6833333333333333,-378.0,0.0,0.0,HOLD_FLAT,0.0,HOLD_FLAT
2025-05-12,0.0,0.1,0.3,False,True,False,1,0.6888888888888889,0.6888888888888889,306.0,0.0,0.0,HOLD_FLAT,0.0,HOLD_FLAT
2025-05-13,0.0,0.1,0.3,False,True,False,-1,0.5055555555555555,-0.5055555555555555,-246.0,0.0,0.0,HOLD_FLAT,0.0,HOLD_FLAT
2025-05-14,1.0,0.1,0.3,True,True,True,1,0.8944444444444444,0.8944444444444444,594.0,0.0,0.0,HOLD_FLAT,0.0,HOLD_FLAT
2025-05-15,1.0,0.1,0.3,False,True,False,-1,0.6277777777777778,-0.6277777777777778,-324.0,0.0,0.0,HOLD_FLAT,0.0,HOLD_FLAT
2025-05-16,0.0,0.1,0.3,True,False,False,-1,0.8833333333333333,-0.8833333333333333,-696.0,0.0,-1.0,OPEN_SHORT,-1.0,OPEN_SHORT
2025-05-19,0.0,0.1,0.3,False,False,False,-1,0.37777777777777777,-0.37777777777777777,-186.0,0.0,0.0,CLOSE,0.0,CLOSE
2025-05-20,0.0,0.1,0.3,False,False,False,-1,0.21111111111111114,-0.21111111111111114,-96.0,0.0,0.0,HOLD_FLAT,0.0,HOLD_FLAT
2025-05-21,0.0,0.1,0.3,False,True,False,1,0.3555555555555556,0.3555555555555556,72.0,0.0,0.0,HOLD_FLAT,0.0,HOLD_FLAT
2025-05-22,0.0,0.1,0.3,False,False,False,1,0.6833333333333333,0.6833333333333333,312.0,0.0,0.0,HOLD_FLAT,0.0,HOLD_FLAT
2025-05-23,0.0,0.1,0.3,False,True,False,-1,0.6555555555555556,-0.6555555555555556,-354.0,0.0,0.0,HOLD_FLAT,0.0,HOLD_FLAT
2025-05-26,0.0,0.1,0.3,False,False,False,-1,0.5388888888888889,-0.5388888888888889,-258.0,0.0,0.0,HOLD_FLAT,0.0,HOLD_FLAT
2025-05-27,0.0,0.1,0.3,False,True,False,1,0.6055555555555556,0.6055555555555556,246.0,0.0,0.0,HOLD_FLAT,0.0,HOLD_FLAT
2025-05-28,0.0,0.1,0.3,False,True,False,-1,0.35,-0.35,-162.0,0.0,0.0,HOLD_FLAT,0.0,HOLD_FLAT
2025-05-29,0.0,0.1,0.3,True,False,False,-1,0.7944444444444444,-0.7944444444444444,-456.0,0.0,1.0,OPEN_LONG,1.0,OPEN_LONG
2025-05-30,0.0,0.1,0.3,False,True,False,1,0.6611111111111112,0.6611111111111112,282.0,0.0,1.0,HOLD,1.0,HOLD
2025-06-03,0.0,0.1,0.3,False,False,False,1,0.22222222222222232,0.22222222222222232,42.0,0.0,1.0,HOLD,1.0,HOLD
2025-06-04,0.0,0.1,0.3,False,False,False,1,0.7444444444444445,0.7444444444444445,342.0,0.0,1.0,HOLD,1.0,HOLD
2025-06-05,0.0,0.1,0.3,False,True,False,-1,0.5611111111111111,-0.5611111111111111,-294.0,0.0,1.0,HOLD,1.0,HOLD
2025-06-06,0.0,0.1,0.3,False,True,False,1,0.4222222222222223,0.4222222222222223,102.0,0.0,1.0,HOLD,1.0,HOLD
2025-06-09,0.0,0.1,0.3,False,False,False,1,0.3833333333333333,0.3833333333333333,78.0,0.0,1.0,HOLD,1.0,HOLD
2025-06-10,0.0,0.1,0.3,False,False,False,1,0.12777777777777777,0.12777777777777777,18.0,0.0,1.0,HOLD,1.0,HOLD
2025-06-11,0.0,0.1,0.3,False,False,False,1,0.6833333333333333,0.6833333333333333,294.0,0.0,1.0,HOLD,1.0,HOLD
2025-06-12,0.0,0.1,0.3,False,True,False,-1,0.7444444444444445,-0.7444444444444445,-378.0,0.0,1.0,HOLD,1.0,HOLD
2025-06-13,0.0,0.1,0.3,False,False,False,-1,0.41666666666666663,-0.41666666666666663,-204.0,0.0,1.0,HOLD,1.0,HOLD
2025-06-16,0.0,0.1,0.3,False,False,False,1,0.03888888888888897,0.03888888888888897,-6.0,0.0,1.0,HOLD,1.0,HOLD
2025-06-17,0.0,0.1,0.3,False,True,False,1,0.16666666666666674,0.16666666666666674,24.0,0.0,1.0,HOLD,1.0,HOLD
2025-06-18,0.0,0.1,0.3,False,False,False,1,0.07777777777777772,0.07777777777777772,6.0,0.0,1.0,HOLD,1.0,HOLD
2025-06-19,0.0,0.1,0.3,False,False,False,1,0.28333333333333344,0.28333333333333344,54.0,0.0,1.0,HOLD,1.0,HOLD
2025-06-20,0.0,0.1,0.3,False,True,False,-1,0.6888888888888889,-0.6888888888888889,-348.0,0.0,1.0,HOLD,1.0,HOLD
2025-06-23,0.0,0.1,0.3,False,True,False,1,0.3944444444444444,0.3944444444444444,66.0,0.0,1.0,HOLD,1.0,HOLD
2025-06-24,0.0,0.1,0.3,True,False,False,1,0.8500000000000001,0.8500000000000001,474.0,0.0,1.0,HOLD,1.0,HOLD
2025-06-25,0.0,0.1,0.3,False,False,False,1,0.2666666666666666,0.2666666666666666,54.0,0.0,1.0,HOLD,1.0,HOLD
2025-06-26,0.0,0.1,0.3,False,False,False,1,0.538888888888889,0.538888888888889,186.0,0.0,0.7,DECREASE,0.7,DECREASE
2025-06-27,1.0,0.1,0.3,True,True,True,1,0.8888888888888888,0.8888888888888888,540.0,0.0,1.0,INCREASE,1.0,INCREASE
2025-06-30,1.0,0.1,0.3,False,True,False,-1,0.6277777777777778,-0.6277777777777778,-312.0,0.0,1.0,HOLD,1.0,HOLD
2025-07-01,0.0,0.1,0.3,False,True,False,1,0.5277777777777779,0.5277777777777779,156.0,0.0,0.7,DECREASE,0.7,DECREASE
2025-07-02,0.0,0.1,0.3,True,False,False,1,0.8055555555555556,0.8055555555555556,354.0,0.0,0.7,HOLD,0.7,HOLD
2025-07-03,0.0,0.1,0.3,False,False,False,1,0.1777777777777778,0.1777777777777778,36.0,0.0,0.7,HOLD,0.7,HOLD
2025-07-04,0.0,0.1,0.3,False,True,False,-1,0.5277777777777777,-0.5277777777777777,-240.0,0.0,0.7,HOLD,0.7,HOLD
2025-07-07,0.0,0.1,0.3,False,True,False,1,0.461111111111111,0.461111111111111,114.0,0.0,0.7,HOLD,0.7,HOLD
2025-07-08,0.0,0.1,0.3,False,False,False,1,0.3555555555555556,0.3555555555555556,66.0,0.0,0.7,HOLD,0.7,HOLD
2025-07-09,0.0,0.1,0.3,False,False,False,1,0.5222222222222221,0.5222222222222221,156.0,0.0,0.7,HOLD,0.7,HOLD
2025-07-10,0.0,0.1,0.3,False,True,False,-1,0.18333333333333335,-0.18333333333333335,-66.0,0.0,0.7,HOLD,0.7,HOLD
2025-07-11,0.0,0.1,0.3,False,True,False,1,0.13888888888888884,0.13888888888888884,30.0,0.0,0.7,HOLD,0.7,HOLD
2025-07-14,0.0,0.1,0.3,True,False,False,1,0.95,0.95,660.0,0.0,0.7,HOLD,0.7,HOLD
2025-07-15,0.0,0.1,0.3,False,False,False,1,0.23888888888888893,0.23888888888888893,54.0,0.0,0.0,CLOSE,0.0,CLOSE
2025-07-16,0.0,0.1,0.3,False,True,False,-1,0.2055555555555555,-0.2055555555555555,-72.0,0.0,0.0,HOLD_FLAT,0.0,HOLD_FLAT
2025-07-17,1.0,0.1,0.3,True,True,True,1,0.8611111111111112,0.8611111111111112,462.0,0.0,1.0,OPEN_LONG,1.0,OPEN_LONG
2025-07-18,1.0,0.1,0.3,True,True,True,1,0.9388888888888889,0.9388888888888889,600.0,0.0,1.0,HOLD,1.0,HOLD
2025-07-21,1.0,0.1,0.3,True,True,True,1,0.8277777777777777,0.8277777777777777,396.0,0.0,1.0,HOLD,1.0,HOLD
2025-07-22,1.0,0.1,0.3,True,True,True,1,0.8611111111111112,0.8611111111111112,480.0,0.0,1.0,HOLD,1.0,HOLD
2025-07-23,-1.0,0.1,0.3,True,True,True,-1,0.9833333333333333,-0.9833333333333333,-1050.0,0.0,-1.0,REVERSE,-1.0,REVERSE
2025-07-24,-1.0,0.1,0.3,True,True,True,1,0.9944444444444445,0.9944444444444445,2190.0,0.0,-0.15,DECREASE,-0.5,DECREASE
2025-07-25,1.0,0.1,0.3,True,True,True,1,0.95,0.95,1152.0,0.0,0.105,REVERSE,0.35,REVERSE
2025-07-28,1.0,0.1,0.3,True,True,True,-1,0.9944444444444445,-0.9944444444444445,-2220.0,0.0,0.0525,DECREASE,0.175,DECREASE
2025-07-29,0.0,0.1,0.3,True,False,False,-1,0.9277777777777778,-0.9277777777777778,-684.0,0.0,0.0,CLOSE,0.0,CLOSE
2025-07-30,0.0,0.1,0.3,False,False,False,-1,0.19999999999999996,-0.19999999999999996,-72.0,0.0,0.0,HOLD_FLAT,0.0,HOLD_FLAT
2025-07-31,-0.6,0.1,0.3,True,True,True,-1,0.9333333333333333,-0.9333333333333333,-696.0,0.0,-0.105,OPEN_SHORT,-0.105,OPEN_SHORT
2025-08-01,-0.6,0.1,0.3,False,True,False,1,0.5555555555555556,0.5555555555555556,192.0,0.0,-0.105,HOLD,-0.105,HOLD
2025-08-04,0.0,0.1,0.3,False,True,False,1,0.005555555555555536,0.005555555555555536,0.0,0.0,0.0,CLOSE,0.0,CLOSE
2025-08-05,0.0,0.1,0.3,False,True,False,-1,0.6777777777777778,-0.6777777777777778,-324.0,0.0,0.0,HOLD_FLAT,0.0,HOLD_FLAT
2025-08-06,0.6,0.1,0.3,True,True,True,1,0.8833333333333333,0.8833333333333333,534.0,0.0,0.105,OPEN_LONG,0.105,OPEN_LONG
2025-08-07,0.6,0.1,0.3,True,True,True,1,0.95,0.95,804.0,0.0,-0.017499999999999995,REVERSE,-0.017499999999999995,REVERSE
2025-08-08,0.6,0.1,0.3,True,True,True,1,0.9833333333333334,0.9833333333333334,1398.0,0.0,-0.017499999999999995,HOLD,-0.017499999999999995,HOLD
2025-08-11,0.6,0.1,0.3,True,True,True,1,0.9722222222222223,0.9722222222222223,1212.0,0.0,-0.017499999999999995,HOLD,-0.017499999999999995,HOLD
2025-08-12,0.6,0.1,0.3,False,True,False,1,0.8055555555555556,0.8055555555555556,456.0,0.0,-0.017499999999999995,HOLD,-0.017499999999999995,HOLD
2025-08-13,0.6,0.1,0.3,True,True,True,1,0.9277777777777778,0.9277777777777778,774.0,0.0,-0.017499999999999995,HOLD,-0.017499999999999995,HOLD
2025-08-14,0.6,0.1,0.3,False,True,False,1,0.30000000000000004,0.30000000000000004,60.0,0.0,-0.017499999999999995,HOLD,-0.017499999999999995,HOLD
2025-08-15,0.0,0.1,0.3,False,True,False,1,0.8444444444444446,0.8444444444444446,480.0,0.0,-0.12249999999999998,INCREASE,-0.12249999999999998,INCREASE
2025-08-18,0.6,0.1,0.3,True,True,True,1,0.9166666666666667,0.9166666666666667,702.0,0.0,-0.017499999999999995,DECREASE,-0.017499999999999995,DECREASE
2025-08-19,0.6,0.1,0.3,True,True,True,-1,0.8944444444444444,-0.8944444444444444,-510.0,0.0,-0.017499999999999995,HOLD,-0.017499999999999995,HOLD
2025-08-20,0.0,0.1,0.3,True,False,False,-1,0.9833333333333333,-0.9833333333333333,-1968.0,0.0,-0.03674999999999999,INCREASE,-0.12249999999999998,INCREASE
2025-08-21,0.0,0.1,0.3,False,True,False,1,0.8444444444444446,0.8444444444444446,534.0,0.0,-0.03674999999999999,HOLD,-0.12249999999999998,HOLD
2025-08-22,-1.0,0.1,0.3,True,True,True,-1,0.9722222222222222,-0.9722222222222222,-1140.0,0.0,-0.0525,INCREASE,-0.175,INCREASE
2025-08-25,-1.0,0.1,0.3,False,True,False,1,0.44999999999999996,0.44999999999999996,126.0,0.0,-0.105,INCREASE,-0.35,INCREASE
2025-08-26,0.0,0.1,0.3,False,True,False,-1,0.3388888888888889,-0.3388888888888889,-108.0,0.0,-0.07349999999999998,DECREASE,-0.24499999999999997,DECREASE
2025-08-27,0.0,0.1,0.3,False,False,False,-1,0.15000000000000002,-0.15000000000000002,-48.0,0.0,-0.07349999999999998,HOLD,-0.24499999999999997,HOLD
2025-08-28,0.0,0.1,0.3,False,False,False,-1,0.5388888888888889,-0.5388888888888889,-216.0,0.0,-0.07349999999999998,HOLD,-0.24499999999999997,HOLD
2025-08-29,0.0,0.1,0.3,False,False,False,-1,0.6388888888888888,-0.6388888888888888,-288.0,0.0,-0.07349999999999998,HOLD,-0.24499999999999997,HOLD
2025-09-01,0.0,0.1,0.3,False,False,False,-1,0.8611111111111112,-0.8611111111111112,-486.0,0.0,-0.07349999999999998,HOLD,-0.24499999999999997,HOLD
2025-09-02,-0.6,0.1,0.3,True,True,True,-1,0.95,-0.95,-882.0,0.0,-0.105,INCREASE,-0.35,INCREASE
2025-09-03,-0.6,0.1,0.3,False,True,False,-1,0.5166666666666666,-0.5166666666666666,-222.0,0.0,-0.09,DECREASE,-0.3,DECREASE
2025-09-04,0.0,0.1,0.3,False,True,False,1,0.788888888888889,0.788888888888889,462.0,0.0,0.0,CLOSE,0.0,CLOSE
2025-09-05,0.0,0.1,0.3,False,False,False,1,0.588888888888889,0.588888888888889,252.0,0.0,0.0,HOLD_FLAT,0.0,HOLD_FLAT
2025-09-08,0.0,0.1,0.3,False,False,False,1,0.4722222222222223,0.4722222222222223,162.0,0.0,-0.105,OPEN_SHORT,-0.35,OPEN_SHORT
2025-09-09,0.0,0.1,0.3,False,True,False,-1,0.8722222222222222,-0.8722222222222222,-570.0,0.0,-0.07349999999999998,DECREASE,-0.24499999999999997,DECREASE
2025-09-10,0.0,0.1,0.3,False,False,False,-1,0.8944444444444444,-0.8944444444444444,-654.0,0.0,-0.105,INCREASE,-0.35,INCREASE
2025-09-11,0.0,0.1,0.3,False,True,False,1,0.338888888888889,0.338888888888889,84.0,0.0,-0.105,HOLD,-0.35,HOLD
2025-09-12,0.0,0.1,0.3,False,False,False,1,0.16666666666666674,0.16666666666666674,48.0,0.0,-0.21,INCREASE,-0.7,INCREASE
2025-09-15,0.0,0.1,0.3,False,False,False,1,0.7666666666666666,0.7666666666666666,456.0,0.0,-0.21,HOLD,-0.7,HOLD
2025-09-16,0.0,0.1,0.3,False,False,False,1,0.43333333333333335,0.43333333333333335,150.0,0.0,-0.21,HOLD,-0.7,HOLD
2025-09-17,0.0,0.1,0.3,False,False,False,1,0.40555555555555567,0.40555555555555567,138.0,0.0,-0.21,HOLD,-0.7,HOLD
2025-09-18,0.0,0.1,0.3,False,True,False,-1,0.5277777777777777,-0.5277777777777777,-228.0,0.0,-0.21,HOLD,-0.7,HOLD
2025-09-19,0.0,0.1,0.3,False,True,False,1,0.6722222222222223,0.6722222222222223,324.0,0.0,-0.7,INCREASE,-0.7,HOLD
2025-09-22,0.0,0.1,0.3,False,True,False,-1,0.38888888888888884,-0.38888888888888884,-162.0,0.0,-0.48999999999999994,DECREASE,-0.48999999999999994,DECREASE
2025-09-23,0.0,0.1,0.3,False,True,False,1,0.28333333333333344,0.28333333333333344,72.0,0.0,-0.7,INCREASE,-0.7,INCREASE
2025-09-24,0.0,0.1,0.3,False,True,False,-1,0.5444444444444444,-0.5444444444444444,-234.0,0.0,-0.48999999999999994,DECREASE,-0.48999999999999994,DECREASE
2025-09-25,0.0,0.1,0.3,False,True,False,1,0.7166666666666668,0.7166666666666668,348.0,0.0,-0.7,INCREASE,-0.7,INCREASE
2025-09-26,0.0,0.1,0.3,False,True,False,-1,0.7055555555555555,-0.7055555555555555,-348.0,0.0,-0.48999999999999994,DECREASE,-0.48999999999999994,DECREASE
2025-09-29,0.0,0.1,0.3,False,True,False,1,0.6444444444444444,0.6444444444444444,312.0,0.0,-0.48999999999999994,HOLD,-0.48999999999999994,HOLD
2025-09-30,0.0,0.1,0.3,False,True,False,-1,0.6944444444444444,-0.6944444444444444,-336.0,0.0,-0.48999999999999994,HOLD,-0.48999999999999994,HOLD
2025-10-09,0.0,0.1,0.3,False,True,False,1,0.48888888888888893,0.48888888888888893,162.0,0.0,-0.48999999999999994,HOLD,-0.48999999999999994,HOLD
2025-10-10,0.0,0.1,0.3,False,True,False,-1,0.41666666666666663,-0.41666666666666663,-180.0,0.0,-0.48999999999999994,HOLD,-0.48999999999999994,HOLD
2025-10-13,0.0,0.1,0.3,False,False,False,-1,0.36111111111111105,-0.36111111111111105,-138.0,0.0,0.0,CLOSE,0.0,CLOSE
2025-10-14,0.0,0.1,0.3,False,True,False,1,0.40555555555555567,0.40555555555555567,120.0,0.0,0.0,HOLD_FLAT,0.0,HOLD_FLAT
2025-10-15,0.0,0.1,0.3,False,False,False,1,0.3222222222222222,0.3222222222222222,78.0,0.0,0.0,HOLD_FLAT,0.0,HOLD_FLAT
2025-10-16,0.0,0.1,0.3,True,False,False,1,0.9055555555555557,0.9055555555555557,642.0,0.0,0.0,HOLD_FLAT,0.0,HOLD_FLAT
2025-10-17,0.0,0.1,0.3,False,False,False,1,0.5777777777777777,0.5777777777777777,210.0,0.0,0.0,HOLD_FLAT,0.0,HOLD_FLAT
2025-10-20,0.0,0.1,0.3,False,False,False,1,0.13888888888888884,0.13888888888888884,48.0,0.0,0.0,HOLD_FLAT,0.0,HOLD_FLAT
2025-10-21,0.0,0.1,0.3,False,False,False,0,0.0,0.0,12.0,0.0,0.0,HOLD_FLAT,0.0,HOLD_FLAT
2025-10-22,0.0,0.1,0.3,False,False,False,1,0.7055555555555555,0.7055555555555555,342.0,0.0,0.0,HOLD_FLAT,0.0,HOLD_FLAT
2025-10-23,0.0,0.1,0.3,True,False,False,1,0.95,0.95,846.0,0.0,0.0,HOLD_FLAT,0.0,HOLD_FLAT
2025-10-24,0.0,0.1,0.3,False,True,False,-1,0.36111111111111105,-0.36111111111111105,-126.0,0.0,0.0,HOLD_FLAT,0.0,HOLD_FLAT
2025-10-27,0.6,0.1,0.3,True,True,True,1,0.9166666666666667,0.9166666666666667,714.0,0.0,0.18,OPEN_LONG,0.6,OPEN_LONG
2025-10-28,0.6,0.1,0.3,False,True,False,-1,0.23333333333333328,-0.23333333333333328,-78.0,0.0,0.18,HOLD,0.6,HOLD
2025-10-29,0.0,0.1,0.3,False,True,False,1,0.7166666666666668,0.7166666666666668,378.0,0.0,0.0,CLOSE,0.0,CLOSE
2025-10-30,0.0,0.1,0.3,False,False,False,1,0.4277777777777778,0.4277777777777778,150.0,0.0,0.0,HOLD_FLAT,0.0,HOLD_FLAT
2025-10-31,-0.6,0.1,0.3,True,True,True,-1,0.9388888888888889,-0.9388888888888889,-786.0,0.0,-0.18,OPEN_SHORT,-0.6,OPEN_SHORT
2025-11-03,-0.6,0.1,0.3,False,True,False,1,0.7388888888888889,0.7388888888888889,450.0,0.0,-0.18,HOLD,-0.6,HOLD
2025-11-04,-1.0,0.1,0.3,True,True,True,-1,0.9611111111111111,-0.9611111111111111,-1116.0,0.0,-0.3,INCREASE,-1.0,INCREASE
2025-11-05,-1.0,0.1,0.3,False,True,False,1,0.4833333333333334,0.4833333333333334,174.0,0.0,-0.3,HOLD,-1.0,HOLD
2025-11-06,0.0,0.1,0.3,False,False,False,1,0.7166666666666668,0.7166666666666668,408.0,0.0,0.0,CLOSE,0.0,CLOSE
2025-11-07,0.0,0.1,0.3,False,False,False,1,0.8444444444444446,0.8444444444444446,540.0,0.0,0.0,HOLD_FLAT,0.0,HOLD_FLAT
2025-11-10,0.0,0.1,0.3,True,False,False,1,0.9833333333333334,0.9833333333333334,1482.0,0.0,0.0,HOLD_FLAT,0.0,HOLD_FLAT
2025-11-11,0.0,0.1,0.3,False,True,False,-1,0.5055555555555555,-0.5055555555555555,-210.0,0.0,0.0,HOLD_FLAT,0.0,HOLD_FLAT
2025-11-12,0.0,0.1,0.3,False,True,False,-1,0.0444444444444444,-0.0444444444444444,12.0,0.0,0.0,HOLD_FLAT,0.0,HOLD_FLAT
2025-11-13,0.0,0.1,0.3,False,False,False,1,0.6666666666666667,0.6666666666666667,378.0,0.0,0.0,HOLD_FLAT,0.0,HOLD_FLAT
2025-11-14,0.0,0.1,0.3,False,True,False,-1,0.3833333333333333,-0.3833333333333333,-144.0,0.0,0.0,HOLD_FLAT,0.0,HOLD_FLAT
2025-11-17,1.0,0.1,0.3,True,True,True,1,0.9944444444444445,0.9944444444444445,2352.0,0.0,0.15,OPEN_LONG,0.5,OPEN_LONG
2025-11-18,1.0,0.1,0.3,False,True,False,-1,0.8277777777777777,-0.8277777777777777,-504.0,0.0,0.15,HOLD,0.5,HOLD
2025-11-19,1.0,0.1,0.3,True,True,True,1,0.9722222222222223,0.9722222222222223,1734.0,0.0,0.15,HOLD,0.5,HOLD
2025-11-20,1.0,0.1,0.3,False,True,False,-1,0.28888888888888886,-0.28888888888888886,-96.0,0.0,0.15,HOLD,0.5,HOLD
2025-11-21,0.0,0.1,0.3,True,False,False,-1,0.9944444444444445,-0.9944444444444445,-2388.0,0.0,0.0,CLOSE,0.0,CLOSE
2025-11-24,0.0,0.1,0.3,False,False,False,-1,0.40555555555555556,-0.40555555555555556,-162.0,0.0,0.0,HOLD_FLAT,0.0,HOLD_FLAT
2025-11-25,0.6,0.1,0.3,True,True,True,1,0.95,0.95,1476.0,0.0,0.045,OPEN_LONG,0.15,OPEN_LONG
2025-11-26,0.6,0.1,0.3,False,False,False,1,0.5,0.5,282.0,0.0,0.045,HOLD,0.15,HOLD
2025-11-27,0.0,0.1,0.3,False,True,False,-1,0.3833333333333333,-0.3833333333333333,-156.0,0.0,0.0,CLOSE,0.0,CLOSE
2025-11-28,0.0,0.1,0.3,False,True,False,1,0.40555555555555567,0.40555555555555567,180.0,0.0,0.0,HOLD_FLAT,0.0,HOLD_FLAT
2025-12-01,0.0,0.1,0.3,False,False,False,1,0.3500000000000001,0.3500000000000001,156.0,0.0,0.0,HOLD_FLAT,0.0,HOLD_FLAT
2025-12-02,0.0,0.1,0.3,False,True,False,-1,0.3388888888888889,-0.3388888888888889,-114.0,0.0,0.0,HOLD_FLAT,0.0,HOLD_FLAT
2025-12-03,0.0,0.1,0.3,False,False,False,-1,0.9166666666666666,-0.9166666666666666,-870.0,0.0,0.0,HOLD_FLAT,0.0,HOLD_FLAT
2025-12-04,0.0,0.1,0.3,False,True,False,-1,0.04999999999999993,-0.04999999999999993,12.0,0.0,0.0,HOLD_FLAT,0.0,HOLD_FLAT
2025-12-05,0.0,0.1,0.3,False,True,False,-1,0.7833333333333333,-0.7833333333333333,-462.0,0.0,0.0,HOLD_FLAT,0.0,HOLD_FLAT
2025-12-08,0.0,0.1,0.3,False,True,False,1,0.8888888888888888,0.8888888888888888,804.0,0.0,0.0,HOLD_FLAT,0.0,HOLD_FLAT
2025-12-09,0.0,0.1,0.3,False,True,False,-1,0.8388888888888889,-0.8388888888888889,-612.0,0.0,0.0,HOLD_FLAT,0.0,HOLD_FLAT
2025-12-10,0.0,0.1,0.3,False,True,False,1,0.9055555555555557,0.9055555555555557,954.0,0.0,0.0,HOLD_FLAT,0.0,HOLD_FLAT
2025-12-11,0.0,0.1,0.3,False,False,False,1,0.8944444444444444,0.8944444444444444,870.0,0.0,0.0,HOLD_FLAT,0.0,HOLD_FLAT
2025-12-12,0.0,0.1,0.3,False,True,False,-1,0.6888888888888889,-0.6888888888888889,-348.0,0.0,0.0,HOLD_FLAT,0.0,HOLD_FLAT
2025-12-15,0.0,0.1,0.3,False,True,False,1,0.9055555555555557,0.9055555555555557,1002.0,0.0,0.0,HOLD_FLAT,0.0,HOLD_FLAT
2025-12-16,0.0,0.1,0.3,False,True,False,-1,0.34444444444444444,-0.34444444444444444,-138.0,0.0,0.0,HOLD_FLAT,0.0,HOLD_FLAT
2025-12-17,1.0,0.1,0.3,True,True,True,1,0.9944444444444445,0.9944444444444445,2406.0,0.0,0.5,OPEN_LONG,0.5,OPEN_LONG
2025-12-18,1.0,0.1,0.3,False,True,False,-1,0.8944444444444444,-0.8944444444444444,-738.0,0.0,0.5,HOLD,0.5,HOLD
2025-12-19,0.0,0.1,0.3,False,True,False,1,0.95,0.95,1572.0,0.0,0.0,CLOSE,0.0,CLOSE
2025-12-22,0.0,0.1,0.3,False,True,False,1,0.8611111111111112,0.8611111111111112,894.0,0.0,0.0,HOLD_FLAT,0.0,HOLD_FLAT
2025-12-23,0.6,0.1,0.3,True,True,True,1,0.961111111111111,0.961111111111111,1794.0,0.0,0.3,OPEN_LONG,0.3,OPEN_LONG
2025-12-24,0.6,0.1,0.3,False,True,False,1,0.8944444444444444,0.8944444444444444,1308.0,0.0,0.3,HOLD,0.3,HOLD
2025-12-25,0.6,0.1,0.3,False,True,False,-1,0.7166666666666667,-0.7166666666666667,-360.0,0.0,0.09,DECREASE,0.3,HOLD
2025-12-26,0.6,0.1,0.3,True,True,True,1,0.961111111111111,0.961111111111111,2100.0,0.0,0.09,HOLD,0.3,HOLD
2025-12-29,0.6,0.1,0.3,True,True,True,-1,0.9944444444444445,-0.9944444444444445,-3510.0,0.0,0.045,DECREASE,0.15,DECREASE
2025-12-30,0.0,0.1,0.3,False,True,False,1,0.7944444444444445,0.7944444444444445,828.0,0.0,0.0,CLOSE,0.0,CLOSE
2025-12-31,0.0,0.1,0.3,False,True,False,-1,0.1333333333333333,-0.1333333333333333,0.0,0.0,0.0,HOLD_FLAT,0.0,HOLD_FLAT
2026-01-05,1.0,0.1,0.3,True,True,True,1,0.9944444444444445,0.9944444444444445,2520.0,0.0,0.075,OPEN_LONG,0.25,OPEN_LONG
2026-01-06,1.0,0.1,0.3,True,False,False,1,0.9722222222222223,0.9722222222222223,2388.0,0.0,0.075,HOLD,0.25,HOLD
2026-01-07,1.0,0.1,0.3,False,True,False,1,0.8555555555555556,0.8555555555555556,1308.0,0.0,0.075,HOLD,0.25,HOLD
2026-01-08,1.0,0.1,0.3,False,True,False,1,0.75,0.75,810.0,0.0,0.075,HOLD,0.25,HOLD
2026-01-09,0.0,0.1,0.3,False,True,False,-1,0.7722222222222221,-0.7722222222222221,-474.0,0.0,0.0,CLOSE,0.0,CLOSE
2026-01-12,1.0,0.1,0.3,True,True,True,1,0.9944444444444445,0.9944444444444445,3792.0,0.0,0.075,OPEN_LONG,0.25,OPEN_LONG
2026-01-13,1.0,0.1,0.3,True,True,True,1,0.9833333333333334,0.9833333333333334,3276.0,0.0,0.075,HOLD,0.25,HOLD
2026-01-14,1.0,0.1,0.3,False,True,False,-1,0.95,-0.95,-1512.0,0.0,0.075,HOLD,0.25,HOLD
2026-01-15,0.0,0.1,0.3,False,True,False,1,0.461111111111111,0.461111111111111,384.0,0.0,0.0,CLOSE,0.0,CLOSE
2026-01-16,-1.0,0.1,0.3,True,True,True,-1,0.9944444444444445,-0.9944444444444445,-5106.0,0.0,-0.075,OPEN_SHORT,-0.25,OPEN_SHORT
2026-01-19,-1.0,0.1,0.3,False,True,False,1,0.37222222222222223,0.37222222222222223,318.0,0.0,-0.075,HOLD,-0.25,HOLD
2026-01-20,0.0,0.1,0.3,True,False,False,1,0.9944444444444445,0.9944444444444445,3972.0,0.0,0.0,CLOSE,0.0,CLOSE
2026-01-21,0.0,0.1,0.3,False,False,False,1,0.8944444444444444,0.8944444444444444,1872.0,0.0,0.0,HOLD_FLAT,0.0,HOLD_FLAT
2026-01-22,0.0,0.1,0.3,False,False,False,1,0.6166666666666667,0.6166666666666667,612.0,0.0,0.0,HOLD_FLAT,0.0,HOLD_FLAT
2026-01-23,0.6,0.1,0.3,True,True,True,1,0.9833333333333334,0.9833333333333334,3822.0,0.0,0.045,OPEN_LONG,0.15,OPEN_LONG
2026-01-26,0.6,0.1,0.3,True,True,True,-1,0.9833333333333333,-0.9833333333333333,-4752.0,0.0,0.0,CLOSE,0.0,CLOSE
2026-01-27,0.6,0.1,0.3,True,True,True,1,0.9944444444444445,0.9944444444444445,4176.0,0.0,0.0,HOLD_FLAT,0.0,HOLD_FLAT
2026-01-28,0.6,0.1,0.3,False,True,False,-1,0.9722222222222222,-0.9722222222222222,-3996.0,0.0,0.0,HOLD_FLAT,0.0,HOLD_FLAT
2026-01-29,0.0,0.1,0.3,False,False,False,-1,0.6944444444444444,-0.6944444444444444,-438.0,0.0,0.0,HOLD_FLAT,0.0,HOLD_FLAT
2026-01-30,0.0,0.1,0.3,False,True,False,-1,0.9833333333333333,-0.9833333333333333,-4986.0,0.0,0.0,HOLD_FLAT,0.0,HOLD_FLAT
2026-02-02,0.0,0.1,0.3,False,True,False,-1,0.9611111111111111,-0.9611111111111111,-4728.0,0.0,0.0,HOLD_FLAT,0.0,HOLD_FLAT
2026-02-03,0.6,0.1,0.3,True,True,True,1,0.9944444444444445,0.9944444444444445,4698.0,0.0,0.0,HOLD_FLAT,0.0,HOLD_FLAT
2026-02-04,0.6,0.1,0.3,False,True,False,-1,0.5388888888888889,-0.5388888888888889,-264.0,0.0,0.0,HOLD_FLAT,0.0,HOLD_FLAT
2026-02-05,0.0,0.1,0.3,False,True,False,-1,0.95,-0.95,-4332.0,0.0,0.0,HOLD_FLAT,0.0,HOLD_FLAT
2026-02-06,0.0,0.1,0.3,False,True,False,-1,0.11111111111111105,-0.11111111111111105,42.0,0.0,0.0,HOLD_FLAT,0.0,HOLD_FLAT
2026-02-09,0.0,0.1,0.3,False,False,False,1,0.7611111111111111,0.7611111111111111,1224.0,0.0,0.0,HOLD_FLAT,0.0,HOLD_FLAT
2026-02-10,0.0,0.1,0.3,False,False,False,1,0.03333333333333344,0.03333333333333344,102.0,0.0,0.0,HOLD_FLAT,0.0,HOLD_FLAT
2026-02-11,0.0,0.1,0.3,False,False,False,1,0.961111111111111,0.961111111111111,3876.0,0.0,0.0,HOLD_FLAT,0.0,HOLD_FLAT
2026-02-12,0.0,0.1,0.3,False,True,False,-1,0.5277777777777777,-0.5277777777777777,-252.0,0.0,0.0,HOLD_FLAT,0.0,HOLD_FLAT
2026-02-13,0.0,0.1,0.3,False,True,False,1,0.7055555555555555,0.7055555555555555,966.0,0.0,0.0,HOLD_FLAT,0.0,HOLD_FLAT
2026-02-24,0.0,0.1,0.3,False,True,False,1,0.9277777777777778,0.9277777777777778,3444.0,0.0,0.0,HOLD_FLAT,0.0,HOLD_FLAT
2026-02-25,0.0,0.1,0.3,False,True,False,1,0.5722222222222222,0.5722222222222222,708.0,0.0,0.0,HOLD_FLAT,0.0,HOLD_FLAT
2026-02-26,0.0,0.1,0.3,False,False,False,1,0.8500000000000001,0.8500000000000001,2154.0,0.0,0.0,HOLD_FLAT,0.0,HOLD_FLAT
2026-02-27,0.0,0.1,0.3,False,True,False,1,0.5666666666666667,0.5666666666666667,714.0,0.0,0.0,HOLD_FLAT,0.0,HOLD_FLAT
2026-03-02,0.0,0.1,0.3,False,True,False,-1,0.8722222222222222,-0.8722222222222222,-1206.0,0.0,0.0,HOLD_FLAT,0.0,HOLD_FLAT
2026-03-03,0.0,0.1,0.3,True,False,False,-1,0.9944444444444445,-0.9944444444444445,-6348.0,0.0,0.0,HOLD_FLAT,0.0,HOLD_FLAT
2026-03-04,0.0,0.1,0.3,False,True,False,1,0.5222222222222221,0.5222222222222221,660.0,0.0,0.0,HOLD_FLAT,0.0,HOLD_FLAT
2026-03-05,0.0,0.1,0.3,True,False,False,1,1.6222222222222222,1.6222222222222222,840.0,-1402.5139233590687,0.0,HOLD_FLAT,0.0,HOLD_FLAT
2026-03-06,0.0,0.1,0.3,False,False,False,1,0.9666666666666667,0.9666666666666667,90.0,-1397.253516115772,0.0,HOLD_FLAT,0.0,HOLD_FLAT
2026-03-09,0.0,0.1,0.3,True,False,False,1,1.7555555555555555,1.7555555555555555,1470.0,-1963.147885178603,0.0,HOLD_FLAT,0.0,HOLD_FLAT
2026-03-10,0.0,0.1,0.3,True,False,False,1,1.4333333333333331,1.4333333333333331,582.0,-1887.5535160774978,0.0,HOLD_FLAT,0.0,HOLD_FLAT
2026-03-11,0.0,0.1,0.3,False,True,False,1,0.04999999999999993,0.04999999999999993,-2388.0,-858.0237536343398,0.0,HOLD_FLAT,0.0,HOLD_FLAT
2026-03-12,1.0,0.1,0.3,True,True,True,1,1.3944444444444444,1.3944444444444444,582.0,-994.01930189204,0.25,OPEN_LONG,0.25,OPEN_LONG
2026-03-13,1.0,0.30000000000000004,0.3,False,True,False,1,0.09999999999999998,0.09999999999999998,-1470.0,-1390.4596525227216,0.25,HOLD,0.25,HOLD
2026-03-16,1.0,0.30000000000000004,0.3,True,True,True,1,1.8555555555555556,1.8555555555555556,2262.0,-4192.884539083797,0.25,HOLD,0.25,HOLD
2026-03-17,1.0,0.35,0.3,False,True,False,1,0.14444444444444438,0.14444444444444438,-1290.0,-3054.814052190646,0.25,HOLD,0.25,HOLD
2026-03-18,0.0,0.35,0.3,False,False,False,1,0.0888888888888888,0.0888888888888888,-1560.0,-1639.6746777351668,0.0,CLOSE,0.0,CLOSE
2026-03-19,0.0,0.35,0.3,True,False,False,-1,1.8777777777777778,-1.8777777777777778,-2256.0,537.3724710835071,0.0,HOLD_FLAT,0.0,HOLD_FLAT
2026-03-20,1.0,0.55,0.5,True,True,True,1,1.3666666666666667,1.3666666666666667,630.0,-1269.0833251496588,0.25,OPEN_LONG,0.25,OPEN_LONG
2026-03-23,1.0,0.55,0.5,True,False,False,1,1.9000000000000001,1.9000000000000001,2590.0,-5604.723496229227,0.25,HOLD,0.25,HOLD
2026-03-24,1.0,0.55,0.5,True,False,False,1,1.8,1.8,1950.0,-7966.730826681292,0.25,HOLD,0.25,HOLD
2026-03-25,1.0,0.55,0.5,True,False,False,1,1.9000000000000001,1.9000000000000001,3090.0,-9049.121383857637,0.25,HOLD,0.25,HOLD
2026-03-26,1.0,0.55,0.5,False,True,False,1,0.21111111111111114,0.21111111111111114,-960.0,-6781.298422915889,0.25,HOLD,0.25,HOLD
2026-03-27,1.0,0.55,0.5,True,True,True,1,1.988888888888889,1.988888888888889,5620.0,-11769.368471103053,0.25,HOLD,0.25,HOLD
2026-03-30,1.0,0.55,0.5,True,False,False,1,1.7222222222222223,1.7222222222222223,1590.0,-10343.168472115725,0.25,HOLD,0.25,HOLD
2026-03-31,1.0,0.55,0.5,False,True,False,-1,0.0888888888888889,-0.0888888888888889,-7210.0,-2089.4602111783215,0.25,HOLD,0.25,HOLD
2026-04-01,0.6,0.55,0.5,True,True,True,1,1.3777777777777778,1.3777777777777778,710.0,-3642.317835025443,0.15,DECREASE,0.15,DECREASE
2026-04-02,0.6,0.55,0.5,True,False,False,1,1.0444444444444445,1.0444444444444445,260.0,-5879.1789305961565,0.15,HOLD,0.15,HOLD
2026-04-03,0.6,0.55,0.5,False,True,False,1,0.25555555555555554,0.25555555555555554,-640.0,-5121.94447092332,0.15,HOLD,0.15,HOLD
2026-04-07,1.0,0.55,0.5,True,True,True,1,1.6666666666666667,1.6666666666666667,1500.0,-6896.68585461647,0.25,INCREASE,0.25,INCREASE
2026-04-08,1.0,0.55,0.5,False,True,False,1,0.2777777777777779,0.2777777777777779,-620.0,-6186.624994674563,0.25,HOLD,0.25,HOLD
2026-04-09,0.0,0.55,0.5,False,False,False,-1,0.011111111111111072,-0.011111111111111072,-3030.0,-5059.569881173847,0.0,CLOSE,0.0,CLOSE
2026-04-10,1.0,0.55,0.5,True,True,True,1,1.7333333333333334,1.7333333333333334,2020.0,-6978.069617513879,0.25,OPEN_LONG,0.25,OPEN_LONG
2026-04-13,1.0,0.55,0.5,True,False,False,1,1.9666666666666668,1.9666666666666668,4450.0,-12013.836047640823,0.25,HOLD,0.25,HOLD
2026-04-14,1.0,0.55,0.5,False,False,False,1,0.9777777777777777,0.9777777777777777,170.0,-10138.131280060452,0.25,HOLD,0.25,HOLD
2026-04-15,1.0,0.55,0.5,True,False,False,1,1.488888888888889,1.488888888888889,910.0,-8374.6796790328,0.25,HOLD,0.25,HOLD
2026-04-16,1.0,0.55,0.5,True,False,False,1,1.9000000000000001,1.9000000000000001,3670.0,-13039.301246883439,0.25,HOLD,0.25,HOLD
2026-04-17,1.0,0.55,0.5,True,False,False,1,1.4333333333333333,1.4333333333333333,780.0,-13108.761408299735,0.5,INCREASE,0.5,INCREASE
2026-04-20,1.0,0.55,0.5,True,False,False,1,1.6222222222222222,1.6222222222222222,1320.0,-13114.057321974624,0.5,HOLD,0.5,HOLD
2026-04-21,1.0,0.55,0.5,False,True,False,1,0.033333333333333326,0.033333333333333326,-2970.0,-9589.861741339244,0.5,HOLD,0.5,HOLD
2026-04-22,0.0,0.55,0.5,False,True,False,1,1.1888888888888889,1.1888888888888889,490.0,-10481.933068990518,0.0,CLOSE,0.0,CLOSE
2026-04-23,0.0,0.55,0.5,True,False,False,1,1.5777777777777777,1.5777777777777777,1360.0,-10759.835465899841,0.0,HOLD_FLAT,0.0,HOLD_FLAT
2026-04-24,0.0,0.55,0.5,False,True,False,1,0.688888888888889,0.688888888888889,-30.0,-10616.633662689175,0.0,HOLD_FLAT,0.0,HOLD_FLAT
2026-04-27,0.6,0.55,0.5,True,True,True,1,1.5666666666666667,1.5666666666666667,1330.0,-10780.739927837101,0.3,OPEN_LONG,0.3,OPEN_LONG
2026-04-28,0.6,0.55,0.5,False,True,False,1,0.12222222222222223,0.12222222222222223,-970.0,-9793.130166864601,0.3,HOLD,0.3,HOLD
2026-04-29,1.0,0.55,0.5,True,True,True,1,1.8555555555555556,1.8555555555555556,2630.0,-13258.45760661038,1.0,INCREASE,1.0,INCREASE
2026-04-30,1.0,0.55,0.5,True,False,False,1,1.8444444444444446,1.8444444444444446,2600.0,-15371.274446192017,1.0,HOLD,1.0,HOLD
2026-05-06,1.0,0.55,0.5,True,False,False,1,1.9777777777777779,1.9777777777777779,5160.0,-15748.609713193835,1.0,HOLD,1.0,HOLD
2026-05-07,1.0,0.55,0.5,False,True,False,1,0.5666666666666667,0.5666666666666667,-170.0,-13266.200031511966,1.0,HOLD,1.0,HOLD
2026-05-08,0.0,0.55,0.5,False,False,False,1,0.011111111111111072,0.011111111111111072,-1250.0,-8967.99161239758,0.0,CLOSE,0.0,CLOSE
2026-05-11,1.0,0.55,0.5,True,True,True,1,1.922222222222222,1.922222222222222,4230.0,-14194.066484981371,0.5,OPEN_LONG,0.5,OPEN_LONG
2026-05-12,1.0,0.55,0.5,False,False,False,1,0.7833333333333333,0.7833333333333333,120.0,-11143.782980717988,1.0,INCREASE,1.0,INCREASE
2026-05-13,0.0,0.55,0.5,False,True,False,-1,0.05555555555555558,-0.05555555555555558,-1650.0,-8983.59018067368,0.0,CLOSE,0.0,CLOSE
2026-05-14,0.0,0.55,0.5,False,False,False,-1,0.3222222222222223,-0.3222222222222223,-5100.0,-4806.6499909483555,0.0,HOLD_FLAT,0.0,HOLD_FLAT
2026-05-15,0.0,0.55,0.5,False,False,False,-1,0.15555555555555556,-0.15555555555555556,-1480.0,-4734.099132592804,0.0,HOLD_FLAT,0.0,HOLD_FLAT
2026-05-18,0.0,0.55,0.5,False,True,False,1,1.4,1.4,1690.0,-7043.791981299931,0.0,HOLD_FLAT,0.0,HOLD_FLAT
2026-05-19,0.0,0.55,0.5,False,True,False,-1,0.28888888888888886,-0.28888888888888886,-3890.0,-4468.592547271461,0.0,HOLD_FLAT,0.0,HOLD_FLAT
2026-05-20,0.0,0.55,0.5,False,False,False,1,0.12222222222222223,0.12222222222222223,-650.0,-7996.235606675386,0.0,HOLD_FLAT,0.0,HOLD_FLAT
2026-05-21,0.0,0.55,0.5,False,False,False,-1,0.28888888888888886,-0.28888888888888886,-2750.0,-3242.915721213585,0.0,HOLD_FLAT,0.0,HOLD_FLAT
2026-05-22,0.6,0.55,0.5,True,True,True,1,1.6444444444444444,1.6444444444444444,3430.0,-9471.421651454248,0.3,OPEN_LONG,0.3,OPEN_LONG
2026-05-25,0.6,0.55,0.5,False,True,False,-1,0.21111111111111114,-0.21111111111111114,-1630.0,-4722.125174564833,0.3,HOLD,0.3,HOLD
2026-05-26,0.0,0.55,0.5,False,False,False,-1,0.3111111111111112,-0.3111111111111112,-2620.0,-3073.017844677375,0.0,CLOSE,0.0,CLOSE
2026-05-27,0.0,0.55,0.5,False,False,False,-1,0.21666666666666679,-0.21666666666666679,-1480.0,-3181.3078402583037,0.0,HOLD_FLAT,0.0,HOLD_FLAT
2026-05-28,0.0,0.15000000000000002,0.4,False,True,False,1,1.2222222222222223,1.2222222222222223,2344.0,-1920.2330703992923,0.0,HOLD_FLAT,0.0,HOLD_FLAT
2026-05-29,0.0,0.55,0.5,False,False,False,1,0.8666666666666666,0.8666666666666666,440.0,-6659.758973252132,0.0,HOLD_FLAT,0.0,HOLD_FLAT
2026-06-01,0.0,0.55,0.5,False,True,False,1,0.13333333333333341,0.13333333333333341,-420.0,-5206.006416584697,0.0,HOLD_FLAT,0.0,HOLD_FLAT
2026-06-02,0.0,0.55,0.5,False,False,False,-1,0.37777777777777777,-0.37777777777777777,-2960.0,-2842.726307437287,0.0,HOLD_FLAT,0.0,HOLD_FLAT
2026-06-03,0.0,0.55,0.5,False,False,False,-1,0.4111111111111111,-0.4111111111111111,-3110.0,-2288.3154992968734,0.0,HOLD_FLAT,0.0,HOLD_FLAT
2026-06-04,0.0,0.55,0.5,True,False,False,-1,1.8333333333333335,-1.8333333333333335,-3010.0,365.4472744842191,0.0,HOLD_FLAT,0.0,HOLD_FLAT
2026-06-05,0.0,0.55,0.5,False,True,False,1,1.2222222222222223,1.2222222222222223,1810.0,-4619.056404311101,0.0,HOLD_FLAT,0.0,HOLD_FLAT
2026-06-08,0.0,0.55,0.5,False,True,False,0,0.0,0.0,-510.0,-3810.957364613831,0.0,HOLD_FLAT,0.0,HOLD_FLAT
2026-06-09,0.0,0.55,0.5,False,False,False,1,1.4666666666666668,1.4666666666666668,2560.0,-6880.829823576508,0.0,HOLD_FLAT,0.0,HOLD_FLAT
2026-06-10,0.0,0.55,0.5,False,False,False,1,0.07777777777777783,0.07777777777777783,-530.0,-5179.461921459599,0.0,HOLD_FLAT,0.0,HOLD_FLAT
2026-06-11,0.0,0.55,0.5,False,False,False,1,1.6111111111111112,1.6111111111111112,3600.0,-8607.738392323117,0.0,HOLD_FLAT,0.0,HOLD_FLAT
2026-06-12,0.0,0.55,0.5,False,True,False,1,0.8222222222222222,0.8222222222222222,350.0,-7390.0770722074,0.0,HOLD_FLAT,0.0,HOLD_FLAT
2026-06-15,0.0,0.55,0.5,False,True,False,1,0.1444444444444445,0.1444444444444445,-430.0,-6441.22811671422,0.0,HOLD_FLAT,0.0,HOLD_FLAT
2026-06-16,0.0,0.55,0.5,False,False,False,-1,0.29999999999999993,-0.29999999999999993,-2230.0,-4178.280866532535,0.0,HOLD_FLAT,0.0,HOLD_FLAT
2026-06-17,0.0,0.55,0.5,False,True,False,1,0.8166666666666667,0.8166666666666667,660.0,-5010.707412585167,0.0,HOLD_FLAT,0.0,HOLD_FLAT
2026-06-18,-1.0,0.55,0.5,True,True,True,-1,1.9666666666666668,-1.9666666666666668,-5400.0,833.3147893232876,-0.5,OPEN_SHORT,-0.5,OPEN_SHORT
2026-06-22,-1.0,0.55,0.5,False,True,False,1,0.7666666666666666,0.7666666666666666,620.0,-4862.359074290078,-0.5,HOLD,-0.5,HOLD
2026-06-23,0.0,0.55,0.5,False,True,False,-1,0.4666666666666667,-0.4666666666666667,-2260.0,-1672.008170653612,0.0,CLOSE,0.0,CLOSE
2026-06-24,0.0,0.55,0.5,False,True,False,1,1.3888888888888888,1.3888888888888888,2760.0,-5528.7604089838105,0.0,HOLD_FLAT,0.0,HOLD_FLAT
2026-06-25,-1.0,0.55,0.5,True,True,True,-1,1.9666666666666668,-1.9666666666666668,-5950.0,1352.1493833709596,-0.5,OPEN_SHORT,-0.5,OPEN_SHORT
2026-06-26,-1.0,0.55,0.5,False,False,False,-1,0.16666666666666663,-0.16666666666666663,-310.0,-285.6970581594564,-0.5,HOLD,-0.5,HOLD
2026-06-29,0.0,0.55,0.5,False,True,False,1,1.0333333333333332,1.0333333333333332,1850.0,-3499.6650651093923,0.0,CLOSE,0.0,CLOSE
2026-06-30,0.0,0.55,0.5,False,False,False,1,1.577777777777778,1.577777777777778,4720.0,-6191.133851572773,0.0,HOLD_FLAT,0.0,HOLD_FLAT
2026-07-01,0.0,0.55,0.5,False,False,False,1,0.7444444444444445,0.7444444444444445,600.0,-5232.2759694328,0.0,HOLD_FLAT,0.0,HOLD_FLAT
2026-07-02,0.0,0.55,0.5,False,True,False,-1,0.0444444444444444,-0.0444444444444444,-260.0,-2779.338708666011,0.0,HOLD_FLAT,0.0,HOLD_FLAT
2026-07-03,0.0,0.55,0.5,False,True,False,1,1.1111111111111112,1.1111111111111112,2370.0,-3974.620497471857,0.0,HOLD_FLAT,0.0,HOLD_FLAT
2026-07-06,0.0,0.55,0.5,False,True,False,-1,0.5444444444444445,-0.5444444444444445,-2110.0,-1320.0618183390936,0.0,HOLD_FLAT,0.0,HOLD_FLAT
2026-07-07,0.0,0.55,0.5,False,False,False,-1,0.34444444444444444,-0.34444444444444444,-600.0,-924.0467805840221,0.0,HOLD_FLAT,0.0,HOLD_FLAT
2026-07-08,0.0,0.55,0.5,True,False,False,-1,1.7666666666666666,-1.7666666666666666,-2460.0,1907.5400382955793,0.0,HOLD_FLAT,0.0,HOLD_FLAT
2026-07-09,0.0,0.2,0.3,False,False,False,-1,1.6444444444444446,-1.6444444444444446,-1626.0,1181.979763145058,0.0,HOLD_FLAT,0.0,HOLD_FLAT
2026-07-10,0.0,0.2,0.3,False,False,False,-1,1.3222222222222222,-1.3222222222222222,-426.0,764.2347633936851,0.0,HOLD_FLAT,0.0,HOLD_FLAT
2026-07-13,0.0,0.2,0.3,False,True,False,-1,0.9333333333333333,-0.9333333333333333,192.0,398.54555838945674,0.0,HOLD_FLAT,0.0,HOLD_FLAT
2026-07-14,0.0,0.2,0.3,False,False,False,-1,0.8722222222222222,-0.8722222222222222,282.0,146.71442158484714,0.0,HOLD_FLAT,0.0,HOLD_FLAT
2026-07-15,0.0,0.2,0.3,False,True,False,-1,1.5333333333333332,-1.5333333333333332,-1182.0,1027.4644344976173,0.0,HOLD_FLAT,0.0,HOLD_FLAT
2026-07-16,0.0,0.2,0.3,False,True,False,-1,0.6333333333333333,-0.6333333333333333,726.0,713.8623018227809,0.0,HOLD_FLAT,0.0,HOLD_FLAT
2026-07-17,0.0,0.2,0.3,False,True,False,-1,1.3333333333333333,-1.3333333333333333,-456.0,967.3805675188546,0.0,HOLD_FLAT,0.0,HOLD_FLAT
2026-07-20,0.0,0.35,0.5,True,False,False,-1,1.8444444444444446,-1.8444444444444446,-3120.0,4004.7339166970455,0.0,HOLD_FLAT,0.0,HOLD_FLAT
2026-07-21,0.0,0.35,0.5,False,False,False,-1,1.5333333333333334,-1.5333333333333334,-1140.0,2359.261440465148,0.0,HOLD_FLAT,0.0,HOLD_FLAT
2026-07-22,0.0,0.35,0.5,False,True,False,-1,0.5944444444444443,-0.5944444444444443,840.0,1187.1254142858786,0.0,HOLD_FLAT,0.0,HOLD_FLAT
2026-07-23,0.0,0.35,0.5,False,False,False,-1,0.6222222222222222,-0.6222222222222222,850.0,2519.7240230869966,0.0,HOLD_FLAT,0.0,HOLD_FLAT
2026-07-24,0.0,0.35,0.5,False,True,False,-1,1.2722222222222221,-1.2722222222222221,-360.0,2512.774887679281,0.0,HOLD_FLAT,0.0,HOLD_FLAT
2026-07-27,0.0,0.35,0.5,False,True,False,-1,0.4388888888888889,-0.4388888888888889,1470.0,1882.7151206617752,0.0,HOLD_FLAT,0.0,HOLD_FLAT
2026-07-28,0.0,0.35,0.5,False,True,False,-1,1.6666666666666667,-1.6666666666666667,-1870.0,2748.2673244578136,0.0,HOLD_FLAT,0.0,HOLD_FLAT
2026-07-29,0.0,0.35,0.5,False,True,False,-1,0.2333333333333334,-0.2333333333333334,2210.0,1332.4272555736286,0.0,HOLD_FLAT,0.0,HOLD_FLAT
2026-07-30,-0.6,0.35,0.5,True,True,True,-1,1.8444444444444446,-1.8444444444444446,-3420.0,4250.769919834425,-0.6,OPEN_SHORT,-0.6,OPEN_SHORT
2026-07-31,-0.6,0.35,0.5,False,False,False,-1,1.65,-1.65,-1650.0,5346.774877048006,-0.6,HOLD,-0.6,HOLD
2026-08-03,-0.6,0.35,0.5,False,True,False,-1,0.8555555555555556,-0.8555555555555556,570.0,4968.1549827378585,-0.6,HOLD,-0.6,HOLD
2026-08-04,0.0,0.35,0.5,False,False,False,-1,0.9666666666666668,-0.9666666666666668,240.0,4808.73607987043,0.0,CLOSE,0.0,CLOSE
2026-08-05,0.0,0.35,0.5,False,False,False,-1,0.3222222222222222,-0.3222222222222222,1920.0,3533.384856931002,0.0,HOLD_FLAT,0.0,HOLD_FLAT
2026-08-06,0.0,0.35,0.5,False,True,False,-1,1.4333333333333331,-1.4333333333333331,-880.0,4117.920834111574,0.0,HOLD_FLAT,0.0,HOLD_FLAT
2026-08-07,0.0,0.35,0.5,False,False,False,-1,1.411111111111111,-1.411111111111111,-730.0,4602.819997000006,0.0,HOLD_FLAT,0.0,HOLD_FLAT
2026-08-10,0.0,0.35,0.5,False,True,False,-1,0.05555555555555558,-0.05555555555555558,3180.0,2490.5195340065748,0.0,HOLD_FLAT,0.0,HOLD_FLAT
2026-08-11,0.0,0.35,0.5,False,True,False,-1,1.0888888888888888,-1.0888888888888888,-250.0,2656.58089116014,0.0,HOLD_FLAT,0.0,HOLD_FLAT
2026-08-12,0.0,0.4,0.3,False,True,False,-1,0.4222222222222223,-0.4222222222222223,1152.0,1578.5481922522422,0.0,HOLD_FLAT,0.0,HOLD_FLAT
2026-08-13,0.0,0.4,0.3,False,False,False,-1,0.461111111111111,-0.461111111111111,726.0,659.9916566827801,0.0,HOLD_FLAT,0.0,HOLD_FLAT
2026-08-14,0.0,0.35,0.5,False,False,False,1,0.6333333333333333,0.6333333333333333,1560.0,-458.73016904085813,0.0,HOLD_FLAT,0.0,HOLD_FLAT
2026-08-17,0.0,0.35,0.5,False,True,False,-1,1.1166666666666667,-1.1166666666666667,-870.0,119.1633538535767,0.0,HOLD_FLAT,0.0,HOLD_FLAT
2026-08-18,0.0,0.35,0.5,False,True,False,1,0.47777777777777786,0.47777777777777786,950.0,-511.869803330001,0.0,HOLD_FLAT,0.0,HOLD_FLAT
2026-08-19,0.0,0.35,0.5,False,True,False,-1,1.488888888888889,-1.488888888888889,-2370.0,1062.3918624858545,0.0,HOLD_FLAT,0.0,HOLD_FLAT
2026-08-20,0.0,0.35,0.5,False,True,False,-1,0.4444444444444444,-0.4444444444444444,750.0,564.2077910251493,0.0,HOLD_FLAT,0.0,HOLD_FLAT
2026-08-21,0.0,0.35,0.5,False,False,False,1,1.0222222222222221,1.0222222222222221,3260.0,-1601.2323062574242,0.0,HOLD_FLAT,0.0,HOLD_FLAT
2026-08-24,0.0,0.35,0.5,False,False,False,1,0.12777777777777777,0.12777777777777777,90.0,-1661.0143948327138,0.0,HOLD_FLAT,0.0,HOLD_FLAT
2026-08-25,0.0,0.35,0.5,False,True,False,-1,1.6666666666666667,-1.6666666666666667,-4290.0,1188.59849392257,0.0,HOLD_FLAT,0.0,HOLD_FLAT
2026-08-26,0.0,0.35,0.5,False,True,False,-1,0.31666666666666665,-0.31666666666666665,940.0,564.2077910251493,0.0,HOLD_FLAT,0.0,HOLD_FLAT
2026-08-27,0.0,0.35,0.5,False,True,False,-1,0.8111111111111111,-0.8111111111111111,-70.0,610.7049710281455,0.0,HOLD_FLAT,0.0,HOLD_FLAT
2026-08-28,0.0,0.35,0.5,False,True,False,1,1.1111111111111112,1.1111111111111112,3790.0,-1906.7852034199982,0.0,HOLD_FLAT,0.0,HOLD_FLAT
2026-08-31,0.0,0.35,0.5,False,False,False,1,0.43333333333333324,0.43333333333333324,700.0,-2371.7570034500004,0.0,HOLD_FLAT,0.0,HOLD_FLAT
2026-09-01,0.0,0.35,0.5,False,True,False,-1,0.47777777777777775,-0.47777777777777775,-1570.0,-1328.8916805255735,0.0,HOLD_FLAT,0.0,HOLD_FLAT
2026-09-02,0.0,0.35,0.5,False,False,False,-1,0.5444444444444444,-0.5444444444444444,-1540.0,-305.95372045956606,0.0,HOLD_FLAT,0.0,HOLD_FLAT
2026-09-03,0.0,0.35,0.5,False,False,False,-1,1.511111111111111,-1.511111111111111,-2450.0,1321.4475796454324,0.0,HOLD_FLAT,0.0,HOLD_FLAT
2026-09-04,0.0,0.35,0.5,True,False,False,-1,1.777777777777778,-1.777777777777778,-3970.0,3958.501931244145,0.0,HOLD_FLAT,0.0,HOLD_FLAT
2026-09-07,0.0,0.35,0.5,False,True,False,-1,0.9555555555555556,-0.9555555555555556,130.0,3872.1500255242786,0.0,HOLD_FLAT,0.0,HOLD_FLAT
