date,close,P_fund,D_f,D_c,profit_f,profit_c,n_f,n_c,Total_Demand,n_f_minus_n_c,valid
2023-09-15,170100.0,170100.0,0.0,475.0,0.0,156532500.0,7.124576406741286e-218,1.0,475.0,-1.0,1
2023-09-18,167150.0,167150.0,0.0,-1475.0,0.0,156983750.0,7.124576406741286e-218,1.0,-1475.0,-1.0,1
2023-09-19,159400.0,159400.0,0.0,-3875.0,0.0,146755000.0,7.124576406741286e-218,1.0,-3875.0,-1.0,1
2023-09-20,154150.0,154150.0,0.0,-2625.0,0.0,172725000.0,7.124576406741286e-218,1.0,-2625.0,-1.0,1
2023-09-21,159950.0,159950.0,0.0,2900.0,0.0,185061250.0,7.124576406741286e-218,1.0,2900.0,-1.0,1
2023-09-22,156150.0,156150.0,0.0,-1900.0,0.0,201730000.0,7.124576406741286e-218,1.0,-1900.0,-1.0,1
2023-09-25,158750.0,158750.0,0.0,1300.0,0.0,195430000.0,7.124576406741286e-218,1.0,1300.0,-1.0,1
2023-09-26,149100.0,149100.0,0.0,-4825.0,0.0,160528750.0,7.124576406741286e-218,1.0,-4825.0,-1.0,1
2023-09-27,148450.0,148450.0,0.0,-325.0,0.0,206728750.0,7.124576406741286e-218,1.0,-325.0,-1.0,1
2023-09-28,150000.0,150000.0,0.0,775.0,0.0,206908750.0,7.124576406741286e-218,1.0,775.0,-1.0,1
2023-10-09,151900.0,151900.0,0.0,950.0,0.0,207828750.0,7.124576406741286e-218,1.0,950.0,-1.0,1
2023-10-10,151900.0,151900.0,0.0,0.0,0.0,209628750.0,7.124576406741286e-218,1.0,0.0,-1.0,1
2023-10-11,155900.0,155900.0,0.0,2000.0,0.0,204667500.0,7.124576406741286e-218,1.0,2000.0,-1.0,1
2023-10-12,164950.0,164950.0,0.0,4525.0,0.0,212516250.0,7.124576406741286e-218,1.0,4525.0,-1.0,1
2023-10-13,170250.0,170250.0,0.0,2650.0,0.0,253462500.0,7.124576406741286e-218,1.0,2650.0,-1.0,1
2023-10-16,168900.0,168900.0,0.0,-675.0,0.0,250396250.0,7.124576406741286e-218,1.0,-675.0,-1.0,1
2023-10-17,169150.0,169150.0,0.0,125.0,0.0,217687500.0,7.124576406741286e-218,1.0,125.0,-1.0,1
2023-10-18,165900.0,165900.0,0.0,-1625.0,0.0,215407500.0,7.124576406741286e-218,1.0,-1625.0,-1.0,1
2023-10-19,159450.0,159450.0,0.0,-3225.0,0.0,220283750.0,7.124576406741286e-218,1.0,-3225.0,-1.0,1
2023-10-20,151950.0,151950.0,0.0,-3750.0,0.0,239640000.0,7.124576406741286e-218,1.0,-3750.0,-1.0,1
2023-10-23,150800.0,150800.0,0.0,-575.0,0.0,243960000.0,7.124576406741286e-218,1.0,-575.0,-1.0,1
2023-10-24,155000.0,155000.0,0.0,2100.0,0.0,244170000.0,7.124576406741286e-218,1.0,2100.0,-1.0,1
2023-10-25,150950.0,150950.0,0.0,-2025.0,0.0,248638750.0,7.124576406741286e-218,1.0,-2025.0,-1.0,1
2023-10-26,151150.0,151150.0,0.0,100.0,0.0,226808750.0,7.124576406741286e-218,1.0,100.0,-1.0,1
2023-10-27,154050.0,154050.0,0.0,1450.0,0.0,213047500.0,7.124576406741286e-218,1.0,1450.0,-1.0,1
2023-10-30,156850.0,156850.0,0.0,1400.0,0.0,200432500.0,7.124576406741286e-218,1.0,1400.0,-1.0,1
2023-10-31,153750.0,153750.0,0.0,-1550.0,0.0,197132500.0,7.124576406741286e-218,1.0,-1550.0,-1.0,1
2023-11-01,154000.0,154000.0,0.0,125.0,0.0,198557500.0,7.124576406741286e-218,1.0,125.0,-1.0,1
2023-11-02,152400.0,152400.0,0.0,-800.0,0.0,152027500.0,7.124576406741286e-218,1.0,-800.0,-1.0,1
2023-11-03,151400.0,151400.0,0.0,-500.0,0.0,153096250.0,7.124576406741286e-218,1.0,-500.0,-1.0,1
2023-11-06,147150.0,147150.0,0.0,-2125.0,0.0,152395000.0,7.124576406741286e-218,1.0,-2125.0,-1.0,1
2023-11-07,142550.0,142550.0,0.0,-2300.0,0.0,159621250.0,7.124576406741286e-218,1.0,-2300.0,-1.0,1
2023-11-08,145350.0,145350.0,0.0,1400.0,0.0,170201250.0,7.124576406741286e-218,1.0,1400.0,-1.0,1
2023-11-09,144150.0,144150.0,0.0,-600.0,0.0,166121250.0,7.124576406741286e-218,1.0,-600.0,-1.0,1
2023-11-10,148900.0,148900.0,0.0,2375.0,0.0,125890000.0,7.124576406741286e-218,1.0,2375.0,-1.0,1
2023-11-13,141650.0,141650.0,0.0,-3625.0,0.0,123126250.0,7.124576406741286e-218,1.0,-3625.0,-1.0,1
2023-11-14,142550.0,142550.0,0.0,450.0,0.0,148496250.0,7.124576406741286e-218,1.0,450.0,-1.0,1
2023-11-15,142600.0,142600.0,0.0,25.0,0.0,148870000.0,7.124576406741286e-218,1.0,25.0,-1.0,1
2023-11-16,140900.0,140900.0,0.0,-850.0,0.0,143590000.0,7.124576406741286e-218,1.0,-850.0,-1.0,1
2023-11-17,138000.0,138000.0,0.0,-1450.0,0.0,124233750.0,7.124576406741286e-218,1.0,-1450.0,-1.0,1
2023-11-20,137200.0,137200.0,0.0,-400.0,0.0,100313750.0,7.124576406741286e-218,1.0,-400.0,-1.0,1
2023-11-21,132300.0,132300.0,0.0,-2450.0,0.0,99972500.0,7.124576406741286e-218,1.0,-2450.0,-1.0,1
2023-11-22,124700.0,124700.0,0.0,-3800.0,0.0,103157500.0,7.124576406741286e-218,1.0,-3800.0,-1.0,1
2023-11-23,124800.0,124800.0,0.0,50.0,0.0,123836250.0,7.124576406741286e-218,1.0,50.0,-1.0,1
2023-11-24,124050.0,124050.0,0.0,-375.0,0.0,123821250.0,7.124576406741286e-218,1.0,-375.0,-1.0,1
2023-11-27,116650.0,116650.0,0.0,-3700.0,0.0,119897500.0,7.124576406741286e-218,1.0,-3700.0,-1.0,1
2023-11-28,113200.0,113200.0,0.0,-1725.0,0.0,143357500.0,7.124576406741286e-218,1.0,-1725.0,-1.0,1
2023-11-29,109850.0,109850.0,0.0,-1675.0,0.0,144503750.0,7.124576406741286e-218,1.0,-1675.0,-1.0,1
2023-11-30,106200.0,106200.0,0.0,-1825.0,0.0,150083750.0,7.124576406741286e-218,1.0,-1825.0,-1.0,1
2023-12-01,101750.0,101750.0,0.0,-2225.0,0.0,155465000.0,7.124576406741286e-218,1.0,-2225.0,-1.0,1
2023-12-04,96350.0,96350.0,0.0,-2700.0,0.0,164866250.0,7.124576406741286e-218,1.0,-2700.0,-1.0,1
2023-12-05,93050.0,93050.0,0.0,-1650.0,0.0,170415000.0,7.124576406741286e-218,1.0,-1650.0,-1.0,1
2023-12-06,92450.0,92450.0,0.0,-300.0,0.0,165280000.0,7.124576406741286e-218,1.0,-300.0,-1.0,1
2023-12-07,95600.0,95600.0,0.0,1575.0,0.0,161540000.0,7.124576406741286e-218,1.0,1575.0,-1.0,1
2023-12-08,102300.0,102300.0,0.0,3350.0,0.0,165781250.0,7.124576406741286e-218,1.0,3350.0,-1.0,1
2023-12-11,96800.0,96800.0,0.0,-2750.0,0.0,176945000.0,7.124576406741286e-218,1.0,-2750.0,-1.0,1
2023-12-12,93100.0,93100.0,0.0,-1850.0,0.0,165788750.0,7.124576406741286e-218,1.0,-1850.0,-1.0,1
2023-12-13,103550.0,103550.0,0.0,5225.0,0.0,172228750.0,7.124576406741286e-218,1.0,5225.0,-1.0,1
2023-12-14,102550.0,102550.0,0.0,-500.0,0.0,226828750.0,7.124576406741286e-218,1.0,-500.0,-1.0,1
2023-12-15,104600.0,104600.0,0.0,1025.0,0.0,225883750.0,7.124576406741286e-218,1.0,1025.0,-1.0,1
2023-12-18,102750.0,102750.0,0.0,-925.0,0.0,223780000.0,7.124576406741286e-218,1.0,-925.0,-1.0,1
2023-12-19,101900.0,101900.0,0.0,-425.0,0.0,225171250.0,7.124576406741286e-218,1.0,-425.0,-1.0,1
2023-12-20,100800.0,100800.0,0.0,-550.0,0.0,213527500.0,7.124576406741286e-218,1.0,-550.0,-1.0,1
2023-12-21,97600.0,97600.0,0.0,-1600.0,0.0,185252500.0,7.124576406741286e-218,1.0,-1600.0,-1.0,1
2023-12-22,100800.0,100800.0,0.0,1600.0,0.0,190367500.0,7.124576406741286e-218,1.0,1600.0,-1.0,1
2023-12-25,102850.0,102850.0,0.0,1025.0,0.0,195206250.0,7.124576406741286e-218,1.0,1025.0,-1.0,1
2023-12-26,107100.0,107100.0,0.0,2125.0,0.0,169927500.0,7.124576406741286e-218,1.0,2125.0,-1.0,1
2023-12-27,105700.0,105700.0,0.0,-700.0,0.0,173007500.0,7.124576406741286e-218,1.0,-700.0,-1.0,1
2023-12-28,106550.0,106550.0,0.0,425.0,0.0,168376250.0,7.124576406741286e-218,1.0,425.0,-1.0,1
2023-12-29,107700.0,107700.0,0.0,575.0,0.0,162076250.0,7.124576406741286e-218,1.0,575.0,-1.0,1
2024-01-02,108350.0,108350.0,0.0,325.0,0.0,152836250.0,7.124576406741286e-218,1.0,325.0,-1.0,1
2024-01-03,106600.0,106600.0,0.0,-875.0,0.0,138467500.0,7.124576406741286e-218,1.0,-875.0,-1.0,1
2024-01-04,100450.0,100450.0,0.0,-3075.0,0.0,134553750.0,7.124576406741286e-218,1.0,-3075.0,-1.0,1
2024-01-05,98650.0,98650.0,0.0,-900.0,0.0,153285000.0,7.124576406741286e-218,1.0,-900.0,-1.0,1
2024-01-08,97200.0,97200.0,0.0,-725.0,0.0,149943750.0,7.124576406741286e-218,1.0,-725.0,-1.0,1
2024-01-09,98950.0,98950.0,0.0,875.0,0.0,128550000.0,7.124576406741286e-218,1.0,875.0,-1.0,1
2024-01-10,97900.0,97900.0,0.0,-525.0,0.0,114956250.0,7.124576406741286e-218,1.0,-525.0,-1.0,1
2024-01-11,104700.0,104700.0,0.0,3400.0,0.0,108662500.0,7.124576406741286e-218,1.0,3400.0,-1.0,1
2024-01-12,102850.0,102850.0,0.0,-925.0,0.0,77181250.0,7.124576406741286e-218,1.0,-925.0,-1.0,1
2024-01-15,101950.0,101950.0,0.0,-450.0,0.0,78392500.0,7.124576406741286e-218,1.0,-450.0,-1.0,1
2024-01-16,104150.0,104150.0,0.0,1100.0,0.0,76696250.0,7.124576406741286e-218,1.0,1100.0,-1.0,1
2024-01-17,101750.0,101750.0,0.0,-1200.0,0.0,77405000.0,7.124576406741286e-218,1.0,-1200.0,-1.0,1
2024-01-18,102400.0,102400.0,0.0,325.0,0.0,79923750.0,7.124576406741286e-218,1.0,325.0,-1.0,1
2024-01-19,101400.0,101400.0,0.0,-500.0,0.0,79530000.0,7.124576406741286e-218,1.0,-500.0,-1.0,1
2024-01-22,99850.0,99850.0,0.0,-775.0,0.0,74910000.0,7.124576406741286e-218,1.0,-775.0,-1.0,1
2024-01-23,102000.0,102000.0,0.0,1075.0,0.0,70991250.0,7.124576406741286e-218,1.0,1075.0,-1.0,1
2024-01-24,102350.0,102350.0,0.0,175.0,0.0,71201250.0,7.124576406741286e-218,1.0,175.0,-1.0,1
2024-01-25,101350.0,101350.0,0.0,-500.0,0.0,62231250.0,7.124576406741286e-218,1.0,-500.0,-1.0,1
2024-01-26,100650.0,100650.0,0.0,-350.0,0.0,61751250.0,7.124576406741286e-218,1.0,-350.0,-1.0,1
2024-01-29,101950.0,101950.0,0.0,650.0,0.0,61635000.0,7.124576406741286e-218,1.0,650.0,-1.0,1
2024-01-30,101000.0,101000.0,0.0,-475.0,0.0,61818750.0,7.124576406741286e-218,1.0,-475.0,-1.0,1
2024-01-31,99150.0,99150.0,0.0,-925.0,0.0,62058750.0,7.124576406741286e-218,1.0,-925.0,-1.0,1
2024-02-01,99600.0,99600.0,0.0,225.0,0.0,62238750.0,7.124576406741286e-218,1.0,225.0,-1.0,1
2024-02-02,100150.0,100150.0,0.0,275.0,0.0,43428750.0,7.124576406741286e-218,1.0,275.0,-1.0,1
2024-02-05,100450.0,100450.0,0.0,150.0,0.0,41960000.0,7.124576406741286e-218,1.0,150.0,-1.0,1
2024-02-06,97150.0,97150.0,0.0,-1650.0,0.0,40953750.0,7.124576406741286e-218,1.0,-1650.0,-1.0,1
2024-02-07,97650.0,97650.0,0.0,250.0,0.0,44867500.0,7.124576406741286e-218,1.0,250.0,-1.0,1
2024-02-08,96300.0,96300.0,0.0,-675.0,0.0,44441250.0,7.124576406741286e-218,1.0,-675.0,-1.0,1
2024-02-19,94750.0,94750.0,0.0,-775.0,0.0,22232500.0,7.124576406741286e-218,1.0,-775.0,-1.0,1
2024-02-20,92800.0,92800.0,0.0,-975.0,0.0,21722500.0,7.124576406741286e-218,1.0,-975.0,-1.0,1
2024-02-21,96900.0,96900.0,0.0,2050.0,0.0,23218750.0,7.124576406741286e-218,1.0,2050.0,-1.0,1
2024-02-22,97650.0,97650.0,0.0,375.0,0.0,29203750.0,7.124576406741286e-218,1.0,375.0,-1.0,1
2024-02-23,101800.0,101800.0,0.0,2075.0,0.0,26605000.0,7.124576406741286e-218,1.0,2075.0,-1.0,1
2024-02-26,102300.0,102300.0,0.0,250.0,0.0,35005000.0,7.124576406741286e-218,1.0,250.0,-1.0,1
2024-02-27,106650.0,106650.0,0.0,2175.0,0.0,34630000.0,7.124576406741286e-218,1.0,2175.0,-1.0,1
2024-02-28,108000.0,108000.0,0.0,675.0,0.0,42890000.0,7.124576406741286e-218,1.0,675.0,-1.0,1
2024-02-29,119200.0,119200.0,0.0,5600.0,0.0,41490000.0,7.124576406741286e-218,1.0,5600.0,-1.0,1
2024-03-01,119450.0,119450.0,0.0,125.0,0.0,104148750.0,7.124576406741286e-218,1.0,125.0,-1.0,1
2024-03-04,117600.0,117600.0,0.0,-925.0,0.0,103680000.0,7.124576406741286e-218,1.0,-925.0,-1.0,1
2024-03-05,111550.0,111550.0,0.0,-3025.0,0.0,105146250.0,7.124576406741286e-218,1.0,-3025.0,-1.0,1
2024-03-06,114000.0,114000.0,0.0,1225.0,0.0,122602500.0,7.124576406741286e-218,1.0,1225.0,-1.0,1
2024-03-07,113000.0,113000.0,0.0,-500.0,0.0,125152500.0,7.124576406741286e-218,1.0,-500.0,-1.0,1
2024-03-08,113350.0,113350.0,0.0,175.0,0.0,123941250.0,7.124576406741286e-218,1.0,175.0,-1.0,1
2024-03-11,116400.0,116400.0,0.0,1525.0,0.0,123901250.0,7.124576406741286e-218,1.0,1525.0,-1.0,1
2024-03-12,119850.0,119850.0,0.0,1725.0,0.0,128401250.0,7.124576406741286e-218,1.0,1725.0,-1.0,1
2024-03-13,118800.0,118800.0,0.0,-525.0,0.0,134307500.0,7.124576406741286e-218,1.0,-525.0,-1.0,1
2024-03-14,112100.0,112100.0,0.0,-3350.0,0.0,129413750.0,7.124576406741286e-218,1.0,-3350.0,-1.0,1
2024-03-15,115050.0,115050.0,0.0,1475.0,0.0,151733750.0,7.124576406741286e-218,1.0,1475.0,-1.0,1
2024-03-18,116900.0,116900.0,0.0,925.0,0.0,155173750.0,7.124576406741286e-218,1.0,925.0,-1.0,1
2024-03-19,114950.0,114950.0,0.0,-975.0,0.0,155683750.0,7.124576406741286e-218,1.0,-975.0,-1.0,1
2024-03-20,117200.0,117200.0,0.0,1125.0,0.0,155683750.0,7.124576406741286e-218,1.0,1125.0,-1.0,1
2024-03-21,117350.0,117350.0,0.0,75.0,0.0,149810000.0,7.124576406741286e-218,1.0,75.0,-1.0,1
2024-03-22,114350.0,114350.0,0.0,-1500.0,0.0,149540000.0,7.124576406741286e-218,1.0,-1500.0,-1.0,1
2024-03-25,107400.0,107400.0,0.0,-3475.0,0.0,145428750.0,7.124576406741286e-218,1.0,-3475.0,-1.0,1
2024-03-26,108400.0,108400.0,0.0,500.0,0.0,169455000.0,7.124576406741286e-218,1.0,500.0,-1.0,1
2024-03-27,108400.0,108400.0,0.0,0.0,0.0,160493750.0,7.124576406741286e-218,1.0,0.0,-1.0,1
2024-03-28,108500.0,108500.0,0.0,50.0,0.0,159582500.0,7.124576406741286e-218,1.0,50.0,-1.0,1
2024-03-29,107050.0,107050.0,0.0,-725.0,0.0,96867500.0,7.124576406741286e-218,1.0,-725.0,-1.0,1
2024-04-01,112600.0,112600.0,0.0,2775.0,0.0,97887500.0,7.124576406741286e-218,1.0,2775.0,-1.0,1
2024-04-02,111000.0,111000.0,0.0,-800.0,0.0,111577500.0,7.124576406741286e-218,1.0,-800.0,-1.0,1
2024-04-03,111800.0,111800.0,0.0,400.0,0.0,94556250.0,7.124576406741286e-218,1.0,400.0,-1.0,1
2024-04-08,113500.0,113500.0,0.0,850.0,0.0,91875000.0,7.124576406741286e-218,1.0,850.0,-1.0,1
2024-04-09,114150.0,114150.0,0.0,325.0,0.0,92820000.0,7.124576406741286e-218,1.0,325.0,-1.0,1
2024-04-10,115950.0,115950.0,0.0,900.0,0.0,92970000.0,7.124576406741286e-218,1.0,900.0,-1.0,1
2024-04-11,112500.0,112500.0,0.0,-1725.0,0.0,89938750.0,7.124576406741286e-218,1.0,-1725.0,-1.0,1
2024-04-12,112200.0,112200.0,0.0,-150.0,0.0,89938750.0,7.124576406741286e-218,1.0,-150.0,-1.0,1
2024-04-15,111750.0,111750.0,0.0,-225.0,0.0,89432500.0,7.124576406741286e-218,1.0,-225.0,-1.0,1
2024-04-16,108150.0,108150.0,0.0,-1800.0,0.0,67088750.0,7.124576406741286e-218,1.0,-1800.0,-1.0,1
2024-04-17,109400.0,109400.0,0.0,625.0,0.0,69217500.0,7.124576406741286e-218,1.0,625.0,-1.0,1
2024-04-18,108400.0,108400.0,0.0,-500.0,0.0,68287500.0,7.124576406741286e-218,1.0,-500.0,-1.0,1
2024-04-19,107700.0,107700.0,0.0,-350.0,0.0,66886250.0,7.124576406741286e-218,1.0,-350.0,-1.0,1
2024-04-22,108550.0,108550.0,0.0,425.0,0.0,64600000.0,7.124576406741286e-218,1.0,425.0,-1.0,1
2024-04-23,109150.0,109150.0,0.0,300.0,0.0,64950000.0,7.124576406741286e-218,1.0,300.0,-1.0,1
2024-04-24,110400.0,110400.0,0.0,625.0,0.0,60630000.0,7.124576406741286e-218,1.0,625.0,-1.0,1
2024-04-25,109600.0,109600.0,0.0,-400.0,0.0,37260000.0,7.124576406741286e-218,1.0,-400.0,-1.0,1
2024-04-26,109900.0,109900.0,0.0,150.0,0.0,37080000.0,7.124576406741286e-218,1.0,150.0,-1.0,1
2024-04-29,115900.0,115900.0,0.0,3000.0,0.0,37125000.0,7.124576406741286e-218,1.0,3000.0,-1.0,1
2024-04-30,111450.0,111450.0,0.0,-2225.0,0.0,55120000.0,7.124576406741286e-218,1.0,-2225.0,-1.0,1
2024-05-06,112400.0,112400.0,0.0,475.0,0.0,63970000.0,7.124576406741286e-218,1.0,475.0,-1.0,1
2024-05-07,113900.0,113900.0,0.0,750.0,0.0,49020000.0,7.124576406741286e-218,1.0,750.0,-1.0,1
2024-05-08,112050.0,112050.0,0.0,-925.0,0.0,48865000.0,7.124576406741286e-218,1.0,-925.0,-1.0,1
2024-05-09,111700.0,111700.0,0.0,-175.0,0.0,50256250.0,7.124576406741286e-218,1.0,-175.0,-1.0,1
2024-05-10,108350.0,108350.0,0.0,-1675.0,0.0,48872500.0,7.124576406741286e-218,1.0,-1675.0,-1.0,1
2024-05-13,107100.0,107100.0,0.0,-625.0,0.0,54272500.0,7.124576406741286e-218,1.0,-625.0,-1.0,1
2024-05-14,105000.0,105000.0,0.0,-1050.0,0.0,53433750.0,7.124576406741286e-218,1.0,-1050.0,-1.0,1
2024-05-15,103000.0,103000.0,0.0,-1000.0,0.0,49687500.0,7.124576406741286e-218,1.0,-1000.0,-1.0,1
2024-05-16,104000.0,104000.0,0.0,500.0,0.0,51642500.0,7.124576406741286e-218,1.0,500.0,-1.0,1
2024-05-17,106450.0,106450.0,0.0,1225.0,0.0,52041250.0,7.124576406741286e-218,1.0,1225.0,-1.0,1
2024-05-20,106000.0,106000.0,0.0,-225.0,0.0,48562500.0,7.124576406741286e-218,1.0,-225.0,-1.0,1
2024-05-21,106700.0,106700.0,0.0,350.0,0.0,47882500.0,7.124576406741286e-218,1.0,350.0,-1.0,1
2024-05-22,106400.0,106400.0,0.0,-150.0,0.0,47627500.0,7.124576406741286e-218,1.0,-150.0,-1.0,1
2024-05-23,106150.0,106150.0,0.0,-125.0,0.0,47427500.0,7.124576406741286e-218,1.0,-125.0,-1.0,1
2024-05-24,107600.0,107600.0,0.0,725.0,0.0,47097500.0,7.124576406741286e-218,1.0,725.0,-1.0,1
2024-05-27,106200.0,106200.0,0.0,-700.0,0.0,47968750.0,7.124576406741286e-218,1.0,-700.0,-1.0,1
2024-05-28,105000.0,105000.0,0.0,-600.0,0.0,48167500.0,7.124576406741286e-218,1.0,-600.0,-1.0,1
2024-05-29,105200.0,105200.0,0.0,100.0,0.0,48567500.0,7.124576406741286e-218,1.0,100.0,-1.0,1
2024-05-30,106000.0,106000.0,0.0,400.0,0.0,48542500.0,7.124576406741286e-218,1.0,400.0,-1.0,1
2024-05-31,104850.0,104850.0,0.0,-575.0,0.0,30862500.0,7.124576406741286e-218,1.0,-575.0,-1.0,1
2024-06-03,102700.0,102700.0,0.0,-1075.0,0.0,21622500.0,7.124576406741286e-218,1.0,-1075.0,-1.0,1
2024-06-04,101850.0,101850.0,0.0,-425.0,0.0,23482500.0,7.124576406741286e-218,1.0,-425.0,-1.0,1
2024-06-05,99800.0,99800.0,0.0,-1025.0,0.0,22718750.0,7.124576406741286e-218,1.0,-1025.0,-1.0,1
2024-06-06,101150.0,101150.0,0.0,675.0,0.0,23108750.0,7.124576406741286e-218,1.0,675.0,-1.0,1
2024-06-07,100050.0,100050.0,0.0,-550.0,0.0,23958750.0,7.124576406741286e-218,1.0,-550.0,-1.0,1
2024-06-11,97000.0,97000.0,0.0,-1525.0,0.0,18952500.0,7.124576406741286e-218,1.0,-1525.0,-1.0,1
2024-06-12,98450.0,98450.0,0.0,725.0,0.0,22822500.0,7.124576406741286e-218,1.0,725.0,-1.0,1
2024-06-13,97800.0,97800.0,0.0,-325.0,0.0,21668750.0,7.124576406741286e-218,1.0,-325.0,-1.0,1
2024-06-14,96900.0,96900.0,0.0,-450.0,0.0,19880000.0,7.124576406741286e-218,1.0,-450.0,-1.0,1
2024-06-17,95800.0,95800.0,0.0,-550.0,0.0,19785000.0,7.124576406741286e-218,1.0,-550.0,-1.0,1
2024-06-18,92800.0,92800.0,0.0,-1500.0,0.0,17388750.0,7.124576406741286e-218,1.0,-1500.0,-1.0,1
2024-06-19,94000.0,94000.0,0.0,600.0,0.0,21787500.0,7.124576406741286e-218,1.0,600.0,-1.0,1
2024-06-20,94400.0,94400.0,0.0,200.0,0.0,22262500.0,7.124576406741286e-218,1.0,200.0,-1.0,1
2024-06-21,91900.0,91900.0,0.0,-1250.0,0.0,22297500.0,7.124576406741286e-218,1.0,-1250.0,-1.0,1
2024-06-24,88550.0,88550.0,0.0,-1675.0,0.0,25391250.0,7.124576406741286e-218,1.0,-1675.0,-1.0,1
2024-06-25,90250.0,90250.0,0.0,850.0,0.0,29951250.0,7.124576406741286e-218,1.0,850.0,-1.0,1
2024-06-26,92550.0,92550.0,0.0,1150.0,0.0,30416250.0,7.124576406741286e-218,1.0,1150.0,-1.0,1
2024-06-27,94600.0,94600.0,0.0,1025.0,0.0,32341250.0,7.124576406741286e-218,1.0,1025.0,-1.0,1
2024-06-28,94500.0,94500.0,0.0,-50.0,0.0,34422500.0,7.124576406741286e-218,1.0,-50.0,-1.0,1
2024-07-01,95650.0,95650.0,0.0,575.0,0.0,34107500.0,7.124576406741286e-218,1.0,575.0,-1.0,1
2024-07-02,94050.0,94050.0,0.0,-800.0,0.0,34107500.0,7.124576406741286e-218,1.0,-800.0,-1.0,1
2024-07-03,94550.0,94550.0,0.0,250.0,0.0,33076250.0,7.124576406741286e-218,1.0,250.0,-1.0,1
2024-07-04,93950.0,93950.0,0.0,-300.0,0.0,32840000.0,7.124576406741286e-218,1.0,-300.0,-1.0,1
2024-07-05,93900.0,93900.0,0.0,-25.0,0.0,30918750.0,7.124576406741286e-218,1.0,-25.0,-1.0,1
2024-07-08,93650.0,93650.0,0.0,-125.0,0.0,30008750.0,7.124576406741286e-218,1.0,-125.0,-1.0,1
2024-07-09,94150.0,94150.0,0.0,250.0,0.0,29435000.0,7.124576406741286e-218,1.0,250.0,-1.0,1
2024-07-10,91800.0,91800.0,0.0,-1175.0,0.0,24908750.0,7.124576406741286e-218,1.0,-1175.0,-1.0,1
2024-07-11,92500.0,92500.0,0.0,350.0,0.0,26618750.0,7.124576406741286e-218,1.0,350.0,-1.0,1
2024-07-12,91350.0,91350.0,0.0,-575.0,0.0,26652500.0,7.124576406741286e-218,1.0,-575.0,-1.0,1
2024-07-15,87950.0,87950.0,0.0,-1700.0,0.0,26908750.0,7.124576406741286e-218,1.0,-1700.0,-1.0,1
2024-07-16,88800.0,88800.0,0.0,425.0,0.0,32083750.0,7.124576406741286e-218,1.0,425.0,-1.0,1
2024-07-17,86850.0,86850.0,0.0,-975.0,0.0,27945000.0,7.124576406741286e-218,1.0,-975.0,-1.0,1
2024-07-18,87950.0,87950.0,0.0,550.0,0.0,29126250.0,7.124576406741286e-218,1.0,550.0,-1.0,1
2024-07-19,89800.0,89800.0,0.0,925.0,0.0,29651250.0,7.124576406741286e-218,1.0,925.0,-1.0,1
2024-07-22,88950.0,88950.0,0.0,-425.0,0.0,28237500.0,7.124576406741286e-218,1.0,-425.0,-1.0,1
2024-07-23,87900.0,87900.0,0.0,-525.0,0.0,22987500.0,7.124576406741286e-218,1.0,-525.0,-1.0,1
2024-07-24,86900.0,86900.0,0.0,-500.0,0.0,22093750.0,7.124576406741286e-218,1.0,-500.0,-1.0,1
2024-07-25,87050.0,87050.0,0.0,75.0,0.0,19948750.0,7.124576406741286e-218,1.0,75.0,-1.0,1
2024-07-26,85850.0,85850.0,0.0,-600.0,0.0,17858750.0,7.124576406741286e-218,1.0,-600.0,-1.0,1
2024-07-29,83400.0,83400.0,0.0,-1225.0,0.0,18573750.0,7.124576406741286e-218,1.0,-1225.0,-1.0,1
2024-07-30,81150.0,81150.0,0.0,-1125.0,0.0,20913750.0,7.124576406741286e-218,1.0,-1125.0,-1.0,1
2024-07-31,82700.0,82700.0,0.0,775.0,0.0,22165000.0,7.124576406741286e-218,1.0,775.0,-1.0,1
2024-08-01,80850.0,80850.0,0.0,-925.0,0.0,23241250.0,7.124576406741286e-218,1.0,-925.0,-1.0,1
2024-08-02,81000.0,81000.0,0.0,75.0,0.0,24772500.0,7.124576406741286e-218,1.0,75.0,-1.0,1
2024-08-05,81500.0,81500.0,0.0,250.0,0.0,24782500.0,7.124576406741286e-218,1.0,250.0,-1.0,1
2024-08-06,81250.0,81250.0,0.0,-125.0,0.0,24876250.0,7.124576406741286e-218,1.0,-125.0,-1.0,1
2024-08-07,80300.0,80300.0,0.0,-475.0,0.0,24782500.0,7.124576406741286e-218,1.0,-475.0,-1.0,1
2024-08-08,78500.0,78500.0,0.0,-900.0,0.0,22472500.0,7.124576406741286e-218,1.0,-900.0,-1.0,1
2024-08-09,77550.0,77550.0,0.0,-475.0,0.0,23847500.0,7.124576406741286e-218,1.0,-475.0,-1.0,1
2024-08-12,76000.0,76000.0,0.0,-775.0,0.0,23637500.0,7.124576406741286e-218,1.0,-775.0,-1.0,1
2024-08-13,77000.0,77000.0,0.0,500.0,0.0,19058750.0,7.124576406741286e-218,1.0,500.0,-1.0,1
2024-08-14,73450.0,73450.0,0.0,-1775.0,0.0,19197500.0,7.124576406741286e-218,1.0,-1775.0,-1.0,1
2024-08-15,72400.0,72400.0,0.0,-525.0,0.0,23597500.0,7.124576406741286e-218,1.0,-525.0,-1.0,1
2024-08-16,72950.0,72950.0,0.0,275.0,0.0,23543750.0,7.124576406741286e-218,1.0,275.0,-1.0,1
2024-08-19,73400.0,73400.0,0.0,225.0,0.0,21983750.0,7.124576406741286e-218,1.0,225.0,-1.0,1
2024-08-20,75000.0,75000.0,0.0,800.0,0.0,21723750.0,7.124576406741286e-218,1.0,800.0,-1.0,1
2024-08-21,77900.0,77900.0,0.0,1450.0,0.0,22452500.0,7.124576406741286e-218,1.0,1450.0,-1.0,1
2024-08-22,75450.0,75450.0,0.0,-1225.0,0.0,26157500.0,7.124576406741286e-218,1.0,-1225.0,-1.0,1
2024-08-23,73350.0,73350.0,0.0,-1050.0,0.0,29147500.0,7.124576406741286e-218,1.0,-1050.0,-1.0,1
2024-08-26,74350.0,74350.0,0.0,500.0,0.0,30632500.0,7.124576406741286e-218,1.0,500.0,-1.0,1
2024-08-27,76150.0,76150.0,0.0,900.0,0.0,28131250.0,7.124576406741286e-218,1.0,900.0,-1.0,1
2024-08-28,75750.0,75750.0,0.0,-200.0,0.0,27220000.0,7.124576406741286e-218,1.0,-200.0,-1.0,1
2024-08-29,76850.0,76850.0,0.0,550.0,0.0,26098750.0,7.124576406741286e-218,1.0,550.0,-1.0,1
2024-08-30,78900.0,78900.0,0.0,1025.0,0.0,24992500.0,7.124576406741286e-218,1.0,1025.0,-1.0,1
2024-09-02,75200.0,75200.0,0.0,-1850.0,0.0,27082500.0,7.124576406741286e-218,1.0,-1850.0,-1.0,1
2024-09-03,74900.0,74900.0,0.0,-150.0,0.0,33802500.0,7.124576406741286e-218,1.0,-150.0,-1.0,1
2024-09-04,73600.0,73600.0,0.0,-650.0,0.0,33816250.0,7.124576406741286e-218,1.0,-650.0,-1.0,1
2024-09-05,70750.0,70750.0,0.0,-1425.0,0.0,34210000.0,7.124576406741286e-218,1.0,-1425.0,-1.0,1
2024-09-06,71200.0,71200.0,0.0,225.0,0.0,36651250.0,7.124576406741286e-218,1.0,225.0,-1.0,1
2024-09-09,73150.0,73150.0,0.0,975.0,0.0,36301250.0,7.124576406741286e-218,1.0,975.0,-1.0,1
2024-09-10,72150.0,72150.0,0.0,-500.0,0.0,37001250.0,7.124576406741286e-218,1.0,-500.0,-1.0,1
2024-09-11,78450.0,78450.0,0.0,3150.0,0.0,37001250.0,7.124576406741286e-218,1.0,3150.0,-1.0,1
2024-09-12,76950.0,76950.0,0.0,-750.0,0.0,50545000.0,7.124576406741286e-218,1.0,-750.0,-1.0,1
2024-09-13,77550.0,77550.0,0.0,300.0,0.0,51118750.0,7.124576406741286e-218,1.0,300.0,-1.0,1
2024-09-18,75300.0,75300.0,0.0,-1125.0,0.0,51147500.0,7.124576406741286e-218,1.0,-1125.0,-1.0,1
2024-09-19,75700.0,75700.0,0.0,200.0,0.0,53577500.0,7.124576406741286e-218,1.0,200.0,-1.0,1
2024-09-20,75300.0,75300.0,0.0,-200.0,0.0,52377500.0,7.124576406741286e-218,1.0,-200.0,-1.0,1
2024-09-23,74850.0,74850.0,0.0,-225.0,0.0,48252500.0,7.124576406741286e-218,1.0,-225.0,-1.0,1
2024-09-24,76800.0,76800.0,0.0,975.0,0.0,45352500.0,7.124576406741286e-218,1.0,975.0,-1.0,1
2024-09-25,76250.0,76250.0,0.0,-275.0,0.0,45048750.0,7.124576406741286e-218,1.0,-275.0,-1.0,1
2024-09-26,77050.0,77050.0,0.0,400.0,0.0,44700000.0,7.124576406741286e-218,1.0,400.0,-1.0,1
2024-09-27,76950.0,76950.0,0.0,-50.0,0.0,43400000.0,7.124576406741286e-218,1.0,-50.0,-1.0,1
2024-09-30,79750.0,79750.0,0.0,1400.0,0.0,43325000.0,7.124576406741286e-218,1.0,1400.0,-1.0,1
2024-10-08,76650.0,76650.0,0.0,-1550.0,0.0,46640000.0,7.124576406741286e-218,1.0,-1550.0,-1.0,1
2024-10-09,76400.0,76400.0,0.0,-125.0,0.0,49343750.0,7.124576406741286e-218,1.0,-125.0,-1.0,1
2024-10-10,73700.0,73700.0,0.0,-1350.0,0.0,42530000.0,7.124576406741286e-218,1.0,-1350.0,-1.0,1
2024-10-11,73900.0,73900.0,0.0,100.0,0.0,46130000.0,7.124576406741286e-218,1.0,100.0,-1.0,1
2024-10-14,73100.0,73100.0,0.0,-400.0,0.0,45305000.0,7.124576406741286e-218,1.0,-400.0,-1.0,1
2024-10-15,73400.0,73400.0,0.0,150.0,0.0,41563750.0,7.124576406741286e-218,1.0,150.0,-1.0,1
2024-10-16,71150.0,71150.0,0.0,-1125.0,0.0,41507500.0,7.124576406741286e-218,1.0,-1125.0,-1.0,1
2024-10-17,68600.0,68600.0,0.0,-1275.0,0.0,42137500.0,7.124576406741286e-218,1.0,-1275.0,-1.0,1
2024-10-18,70650.0,70650.0,0.0,1025.0,0.0,44888750.0,7.124576406741286e-218,1.0,1025.0,-1.0,1
2024-10-21,72450.0,72450.0,0.0,900.0,0.0,27145000.0,7.124576406741286e-218,1.0,900.0,-1.0,1
2024-10-22,73750.0,73750.0,0.0,650.0,0.0,27640000.0,7.124576406741286e-218,1.0,650.0,-1.0,1
2024-10-23,75250.0,75250.0,0.0,750.0,0.0,28305000.0,7.124576406741286e-218,1.0,750.0,-1.0,1
2024-10-24,74200.0,74200.0,0.0,-525.0,0.0,26898750.0,7.124576406741286e-218,1.0,-525.0,-1.0,1
2024-10-25,74700.0,74700.0,0.0,250.0,0.0,27370000.0,7.124576406741286e-218,1.0,250.0,-1.0,1
2024-10-28,76600.0,76600.0,0.0,950.0,0.0,27415000.0,7.124576406741286e-218,1.0,950.0,-1.0,1
2024-10-29,74900.0,74900.0,0.0,-850.0,0.0,29118750.0,7.124576406741286e-218,1.0,-850.0,-1.0,1
2024-10-30,73850.0,73850.0,0.0,-525.0,0.0,28662500.0,7.124576406741286e-218,1.0,-525.0,-1.0,1
2024-10-31,74850.0,74850.0,0.0,500.0,0.0,29062500.0,7.124576406741286e-218,1.0,500.0,-1.0,1
2024-11-01,76500.0,76500.0,0.0,825.0,0.0,29242500.0,7.124576406741286e-218,1.0,825.0,-1.0,1
2024-11-04,77250.0,77250.0,0.0,375.0,0.0,30598750.0,7.124576406741286e-218,1.0,375.0,-1.0,1
2024-11-05,77350.0,77350.0,0.0,50.0,0.0,26960000.0,7.124576406741286e-218,1.0,50.0,-1.0,1
2024-11-06,75900.0,75900.0,0.0,-725.0,0.0,22160000.0,7.124576406741286e-218,1.0,-725.0,-1.0,1
2024-11-07,76850.0,76850.0,0.0,475.0,0.0,23180000.0,7.124576406741286e-218,1.0,475.0,-1.0,1
2024-11-08,76400.0,76400.0,0.0,-225.0,0.0,19986250.0,7.124576406741286e-218,1.0,-225.0,-1.0,1
2024-11-11,80950.0,80950.0,0.0,2275.0,0.0,20067500.0,7.124576406741286e-218,1.0,2275.0,-1.0,1
2024-11-12,81150.0,81150.0,0.0,100.0,0.0,30098750.0,7.124576406741286e-218,1.0,100.0,-1.0,1
2024-11-13,86500.0,86500.0,0.0,2675.0,0.0,30073750.0,7.124576406741286e-218,1.0,2675.0,-1.0,1
2024-11-14,81000.0,81000.0,0.0,-2750.0,0.0,41853750.0,7.124576406741286e-218,1.0,-2750.0,-1.0,1
2024-11-15,78300.0,78300.0,0.0,-1350.0,0.0,53727500.0,7.124576406741286e-218,1.0,-1350.0,-1.0,1
2024-11-18,80950.0,80950.0,0.0,1325.0,0.0,55271250.0,7.124576406741286e-218,1.0,1325.0,-1.0,1
2024-11-19,82650.0,82650.0,0.0,850.0,0.0,57162500.0,7.124576406741286e-218,1.0,850.0,-1.0,1
2024-11-20,82700.0,82700.0,0.0,25.0,0.0,57762500.0,7.124576406741286e-218,1.0,25.0,-1.0,1
2024-11-21,81950.0,81950.0,0.0,-375.0,0.0,56638750.0,7.124576406741286e-218,1.0,-375.0,-1.0,1
2024-11-22,79500.0,79500.0,0.0,-1225.0,0.0,56368750.0,7.124576406741286e-218,1.0,-1225.0,-1.0,1
2024-11-25,80350.0,80350.0,0.0,425.0,0.0,59245000.0,7.124576406741286e-218,1.0,425.0,-1.0,1
2024-11-26,78650.0,78650.0,0.0,-850.0,0.0,57801250.0,7.124576406741286e-218,1.0,-850.0,-1.0,1
2024-11-27,78500.0,78500.0,0.0,-75.0,0.0,57801250.0,7.124576406741286e-218,1.0,-75.0,-1.0,1
2024-11-28,78500.0,78500.0,0.0,0.0,0.0,57261250.0,7.124576406741286e-218,1.0,0.0,-1.0,1
2024-11-29,78550.0,78550.0,0.0,25.0,0.0,56761250.0,7.124576406741286e-218,1.0,25.0,-1.0,1
2024-12-02,78300.0,78300.0,0.0,-125.0,0.0,55401250.0,7.124576406741286e-218,1.0,-125.0,-1.0,1
2024-12-03,78000.0,78000.0,0.0,-150.0,0.0,55151250.0,7.124576406741286e-218,1.0,-150.0,-1.0,1
2024-12-04,76300.0,76300.0,0.0,-850.0,0.0,55191250.0,7.124576406741286e-218,1.0,-850.0,-1.0,1
2024-12-05,76500.0,76500.0,0.0,100.0,0.0,55585000.0,7.124576406741286e-218,1.0,100.0,-1.0,1
2024-12-06,76650.0,76650.0,0.0,75.0,0.0,55153750.0,7.124576406741286e-218,1.0,75.0,-1.0,1
2024-12-09,76800.0,76800.0,0.0,75.0,0.0,55063750.0,7.124576406741286e-218,1.0,75.0,-1.0,1
2024-12-10,76600.0,76600.0,0.0,-100.0,0.0,44723750.0,7.124576406741286e-218,1.0,-100.0,-1.0,1
2024-12-11,76650.0,76650.0,0.0,25.0,0.0,44723750.0,7.124576406741286e-218,1.0,25.0,-1.0,1
2024-12-12,77050.0,77050.0,0.0,200.0,0.0,30413750.0,7.124576406741286e-218,1.0,200.0,-1.0,1
2024-12-13,75800.0,75800.0,0.0,-625.0,0.0,15368750.0,7.124576406741286e-218,1.0,-625.0,-1.0,1
2024-12-16,76000.0,76000.0,0.0,100.0,0.0,12505000.0,7.124576406741286e-218,1.0,100.0,-1.0,1
2024-12-17,75200.0,75200.0,0.0,-400.0,0.0,9013750.0,7.124576406741286e-218,1.0,-400.0,-1.0,1
2024-12-18,74360.0,74360.0,0.0,-420.0,0.0,7888750.0,7.124576406741286e-218,1.0,-420.0,-1.0,1
2024-12-19,73920.0,73920.0,0.0,-220.0,0.0,8240300.0,7.124576406741286e-218,1.0,-220.0,-1.0,1
2024-12-20,77880.0,77880.0,0.0,1980.0,0.0,8055850.0,7.124576406741286e-218,1.0,1980.0,-1.0,1
2024-12-23,77180.0,77180.0,0.0,-350.0,0.0,12895400.0,7.124576406741286e-218,1.0,-350.0,-1.0,1
2024-12-24,78200.0,78200.0,0.0,510.0,0.0,12779150.0,7.124576406741286e-218,1.0,510.0,-1.0,1
2024-12-25,77500.0,77500.0,0.0,-350.0,0.0,11854350.0,7.124576406741286e-218,1.0,-350.0,-1.0,1
2024-12-26,77520.0,77520.0,0.0,10.0,0.0,12088100.0,7.124576406741286e-218,1.0,10.0,-1.0,1
2024-12-27,76500.0,76500.0,0.0,-510.0,0.0,12088300.0,7.124576406741286e-218,1.0,-510.0,-1.0,1
2024-12-30,78320.0,78320.0,0.0,910.0,0.0,12607250.0,7.124576406741286e-218,1.0,910.0,-1.0,1
2024-12-31,77100.0,77100.0,0.0,-610.0,0.0,14232200.0,7.124576406741286e-218,1.0,-610.0,-1.0,1
2025-01-02,77800.0,77800.0,0.0,350.0,0.0,14931400.0,7.124576406741286e-218,1.0,350.0,-1.0,1
2025-01-03,76380.0,76380.0,0.0,-710.0,0.0,13731400.0,7.124576406741286e-218,1.0,-710.0,-1.0,1
2025-01-06,77660.0,77660.0,0.0,640.0,0.0,14719600.0,7.124576406741286e-218,1.0,640.0,-1.0,1
2025-01-07,78820.0,78820.0,0.0,580.0,0.0,15527550.0,7.124576406741286e-218,1.0,580.0,-1.0,1
2025-01-08,77180.0,77180.0,0.0,-820.0,0.0,16189100.0,7.124576406741286e-218,1.0,-820.0,-1.0,1
2025-01-09,78240.0,78240.0,0.0,530.0,0.0,17513900.0,7.124576406741286e-218,1.0,530.0,-1.0,1
2025-01-10,77920.0,77920.0,0.0,-160.0,0.0,18074450.0,7.124576406741286e-218,1.0,-160.0,-1.0,1
2025-01-13,78760.0,78760.0,0.0,420.0,0.0,18045650.0,7.124576406741286e-218,1.0,420.0,-1.0,1
2025-01-14,79100.0,79100.0,0.0,170.0,0.0,17617200.0,7.124576406741286e-218,1.0,170.0,-1.0,1
2025-01-15,80260.0,80260.0,0.0,580.0,0.0,17655000.0,7.124576406741286e-218,1.0,580.0,-1.0,1
2025-01-16,79860.0,79860.0,0.0,-200.0,0.0,18007800.0,7.124576406741286e-218,1.0,-200.0,-1.0,1
2025-01-17,80740.0,80740.0,0.0,440.0,0.0,17735000.0,7.124576406741286e-218,1.0,440.0,-1.0,1
2025-01-20,80720.0,80720.0,0.0,-10.0,0.0,18025400.0,7.124576406741286e-218,1.0,-10.0,-1.0,1
2025-01-21,78520.0,78520.0,0.0,-1100.0,0.0,10184800.0,7.124576406741286e-218,1.0,-1100.0,-1.0,1
2025-01-22,79200.0,79200.0,0.0,340.0,0.0,12359800.0,7.124576406741286e-218,1.0,340.0,-1.0,1
2025-01-23,79580.0,79580.0,0.0,190.0,0.0,12070800.0,7.124576406741286e-218,1.0,190.0,-1.0,1
2025-01-24,79580.0,79580.0,0.0,0.0,0.0,11898000.0,7.124576406741286e-218,1.0,0.0,-1.0,1
2025-01-27,79620.0,79620.0,0.0,20.0,0.0,11897800.0,7.124576406741286e-218,1.0,20.0,-1.0,1
2025-02-05,78120.0,78120.0,0.0,-750.0,0.0,11378400.0,7.124576406741286e-218,1.0,-750.0,-1.0,1
2025-02-06,77500.0,77500.0,0.0,-310.0,0.0,10847200.0,7.124576406741286e-218,1.0,-310.0,-1.0,1
2025-02-07,77800.0,77800.0,0.0,150.0,0.0,10295200.0,7.124576406741286e-218,1.0,150.0,-1.0,1
2025-02-10,78600.0,78600.0,0.0,400.0,0.0,10095200.0,7.124576406741286e-218,1.0,400.0,-1.0,1
2025-02-11,77300.0,77300.0,0.0,-650.0,0.0,9407000.0,7.124576406741286e-218,1.0,-650.0,-1.0,1
2025-02-12,77500.0,77500.0,0.0,100.0,0.0,9432800.0,7.124576406741286e-218,1.0,100.0,-1.0,1
2025-02-13,77300.0,77300.0,0.0,-100.0,0.0,8780000.0,7.124576406741286e-218,1.0,-100.0,-1.0,1
2025-02-14,76780.0,76780.0,0.0,-260.0,0.0,7455200.0,7.124576406741286e-218,1.0,-260.0,-1.0,1
2025-02-17,77160.0,77160.0,0.0,190.0,0.0,7028600.0,7.124576406741286e-218,1.0,190.0,-1.0,1
2025-02-18,77060.0,77060.0,0.0,-50.0,0.0,7049600.0,7.124576406741286e-218,1.0,-50.0,-1.0,1
2025-02-19,77300.0,77300.0,0.0,120.0,0.0,6701800.0,7.124576406741286e-218,1.0,120.0,-1.0,1
2025-02-20,77180.0,77180.0,0.0,-60.0,0.0,6672800.0,7.124576406741286e-218,1.0,-60.0,-1.0,1
2025-02-21,76620.0,76620.0,0.0,-280.0,0.0,6007200.0,7.124576406741286e-218,1.0,-280.0,-1.0,1
2025-02-24,76720.0,76720.0,0.0,50.0,0.0,6084000.0,7.124576406741286e-218,1.0,50.0,-1.0,1
2025-02-25,76640.0,76640.0,0.0,-40.0,0.0,5701800.0,7.124576406741286e-218,1.0,-40.0,-1.0,1
2025-02-26,76000.0,76000.0,0.0,-320.0,0.0,5704800.0,7.124576406741286e-218,1.0,-320.0,-1.0,1
2025-02-27,76140.0,76140.0,0.0,70.0,0.0,3489600.0,7.124576406741286e-218,1.0,70.0,-1.0,1
2025-02-28,75200.0,75200.0,0.0,-470.0,0.0,3268200.0,7.124576406741286e-218,1.0,-470.0,-1.0,1
2025-03-03,75400.0,75400.0,0.0,100.0,0.0,3637800.0,7.124576406741286e-218,1.0,100.0,-1.0,1
2025-03-04,75260.0,75260.0,0.0,-70.0,0.0,3657800.0,7.124576406741286e-218,1.0,-70.0,-1.0,1
2025-03-05,75340.0,75340.0,0.0,40.0,0.0,3666800.0,7.124576406741286e-218,1.0,40.0,-1.0,1
2025-03-06,76800.0,76800.0,0.0,730.0,0.0,2545000.0,7.124576406741286e-218,1.0,730.0,-1.0,1
2025-03-07,76120.0,76120.0,0.0,-340.0,0.0,3418600.0,7.124576406741286e-218,1.0,-340.0,-1.0,1
2025-03-10,75760.0,75760.0,0.0,-180.0,0.0,3604800.0,7.124576406741286e-218,1.0,-180.0,-1.0,1
2025-03-11,75960.0,75960.0,0.0,100.0,0.0,3349600.0,7.124576406741286e-218,1.0,100.0,-1.0,1
2025-03-12,75600.0,75600.0,0.0,-180.0,0.0,2524600.0,7.124576406741286e-218,1.0,-180.0,-1.0,1
2025-03-13,75340.0,75340.0,0.0,-130.0,0.0,2569400.0,7.124576406741286e-218,1.0,-130.0,-1.0,1
2025-03-14,75540.0,75540.0,0.0,100.0,0.0,2583200.0,7.124576406741286e-218,1.0,100.0,-1.0,1
2025-03-17,76240.0,76240.0,0.0,350.0,0.0,2468000.0,7.124576406741286e-218,1.0,350.0,-1.0,1
2025-03-18,75400.0,75400.0,0.0,-420.0,0.0,2640800.0,7.124576406741286e-218,1.0,-420.0,-1.0,1
2025-03-19,75200.0,75200.0,0.0,-100.0,0.0,2988600.0,7.124576406741286e-218,1.0,-100.0,-1.0,1
2025-03-20,73260.0,73260.0,0.0,-970.0,0.0,2979800.0,7.124576406741286e-218,1.0,-970.0,-1.0,1
2025-03-21,73240.0,73240.0,0.0,-10.0,0.0,4854400.0,7.124576406741286e-218,1.0,-10.0,-1.0,1
2025-03-24,73720.0,73720.0,0.0,240.0,0.0,4697800.0,7.124576406741286e-218,1.0,240.0,-1.0,1
2025-03-25,73800.0,73800.0,0.0,40.0,0.0,4808000.0,7.124576406741286e-218,1.0,40.0,-1.0,1
2025-03-26,74480.0,74480.0,0.0,340.0,0.0,4808000.0,7.124576406741286e-218,1.0,340.0,-1.0,1
2025-03-27,74380.0,74380.0,0.0,-50.0,0.0,4834400.0,7.124576406741286e-218,1.0,-50.0,-1.0,1
2025-03-28,74000.0,74000.0,0.0,-190.0,0.0,4829600.0,7.124576406741286e-218,1.0,-190.0,-1.0,1
2025-03-31,74160.0,74160.0,0.0,80.0,0.0,4460000.0,7.124576406741286e-218,1.0,80.0,-1.0,1
2025-04-01,74360.0,74360.0,0.0,100.0,0.0,4452800.0,7.124576406741286e-218,1.0,100.0,-1.0,1
2025-04-02,73340.0,73340.0,0.0,-510.0,0.0,4463000.0,7.124576406741286e-218,1.0,-510.0,-1.0,1
2025-04-03,73160.0,73160.0,0.0,-90.0,0.0,4980000.0,7.124576406741286e-218,1.0,-90.0,-1.0,1
2025-04-07,71060.0,71060.0,0.0,-1050.0,0.0,3930400.0,7.124576406741286e-218,1.0,-1050.0,-1.0,1
2025-04-08,70280.0,70280.0,0.0,-390.0,0.0,5904200.0,7.124576406741286e-218,1.0,-390.0,-1.0,1
2025-04-09,69900.0,69900.0,0.0,-190.0,0.0,6143600.0,7.124576406741286e-218,1.0,-190.0,-1.0,1
2025-04-10,70540.0,70540.0,0.0,320.0,0.0,6195800.0,7.124576406741286e-218,1.0,320.0,-1.0,1
2025-04-11,70260.0,70260.0,0.0,-140.0,0.0,6335800.0,7.124576406741286e-218,1.0,-140.0,-1.0,1
2025-04-14,70760.0,70760.0,0.0,250.0,0.0,6341200.0,7.124576406741286e-218,1.0,250.0,-1.0,1
2025-04-15,70720.0,70720.0,0.0,-20.0,0.0,6446200.0,7.124576406741286e-218,1.0,-20.0,-1.0,1
2025-04-16,70380.0,70380.0,0.0,-170.0,0.0,6202000.0,7.124576406741286e-218,1.0,-170.0,-1.0,1
2025-04-17,70460.0,70460.0,0.0,40.0,0.0,5907000.0,7.124576406741286e-218,1.0,40.0,-1.0,1
2025-04-18,70180.0,70180.0,0.0,-140.0,0.0,5890200.0,7.124576406741286e-218,1.0,-140.0,-1.0,1
2025-04-21,69000.0,69000.0,0.0,-590.0,0.0,4047600.0,7.124576406741286e-218,1.0,-590.0,-1.0,1
2025-04-22,67840.0,67840.0,0.0,-580.0,0.0,4743600.0,7.124576406741286e-218,1.0,-580.0,-1.0,1
2025-04-23,68980.0,68980.0,0.0,570.0,0.0,5301200.0,7.124576406741286e-218,1.0,570.0,-1.0,1
2025-04-24,68300.0,68300.0,0.0,-340.0,0.0,5947800.0,7.124576406741286e-218,1.0,-340.0,-1.0,1
2025-04-25,68180.0,68180.0,0.0,-60.0,0.0,5947800.0,7.124576406741286e-218,1.0,-60.0,-1.0,1
2025-04-28,66960.0,66960.0,0.0,-610.0,0.0,5950000.0,7.124576406741286e-218,1.0,-610.0,-1.0,1
2025-04-29,66260.0,66260.0,0.0,-350.0,0.0,6622000.0,7.124576406741286e-218,1.0,-350.0,-1.0,1
2025-04-30,65960.0,65960.0,0.0,-150.0,0.0,6854200.0,7.124576406741286e-218,1.0,-150.0,-1.0,1
2025-05-06,65260.0,65260.0,0.0,-350.0,0.0,6879200.0,7.124576406741286e-218,1.0,-350.0,-1.0,1
2025-05-07,64160.0,64160.0,0.0,-550.0,0.0,6604000.0,7.124576406741286e-218,1.0,-550.0,-1.0,1
2025-05-08,64280.0,64280.0,0.0,60.0,0.0,7192800.0,7.124576406741286e-218,1.0,60.0,-1.0,1
2025-05-09,63020.0,63020.0,0.0,-630.0,0.0,4995000.0,7.124576406741286e-218,1.0,-630.0,-1.0,1
2025-05-12,64040.0,64040.0,0.0,510.0,0.0,5484600.0,7.124576406741286e-218,1.0,510.0,-1.0,1
2025-05-13,63220.0,63220.0,0.0,-410.0,0.0,5932600.0,7.124576406741286e-218,1.0,-410.0,-1.0,1
2025-05-14,65200.0,65200.0,0.0,990.0,0.0,6064000.0,7.124576406741286e-218,1.0,990.0,-1.0,1
2025-05-15,64120.0,64120.0,0.0,-540.0,0.0,7985000.0,7.124576406741286e-218,1.0,-540.0,-1.0,1
2025-05-16,61800.0,61800.0,0.0,-1160.0,0.0,8443200.0,7.124576406741286e-218,1.0,-1160.0,-1.0,1
2025-05-19,61180.0,61180.0,0.0,-310.0,0.0,11133600.0,7.124576406741286e-218,1.0,-310.0,-1.0,1
2025-05-20,60860.0,60860.0,0.0,-160.0,0.0,11268000.0,7.124576406741286e-218,1.0,-160.0,-1.0,1
2025-05-21,61100.0,61100.0,0.0,120.0,0.0,11316000.0,7.124576406741286e-218,1.0,120.0,-1.0,1
2025-05-22,62140.0,62140.0,0.0,520.0,0.0,11305600.0,7.124576406741286e-218,1.0,520.0,-1.0,1
2025-05-23,60960.0,60960.0,0.0,-590.0,0.0,11150200.0,7.124576406741286e-218,1.0,-590.0,-1.0,1
2025-05-26,60100.0,60100.0,0.0,-430.0,0.0,11173600.0,7.124576406741286e-218,1.0,-430.0,-1.0,1
2025-05-27,60920.0,60920.0,0.0,410.0,0.0,10893600.0,7.124576406741286e-218,1.0,410.0,-1.0,1
2025-05-28,60380.0,60380.0,0.0,-270.0,0.0,10998600.0,7.124576406741286e-218,1.0,-270.0,-1.0,1
2025-05-29,58860.0,58860.0,0.0,-760.0,0.0,11137200.0,7.124576406741286e-218,1.0,-760.0,-1.0,1
2025-05-30,59800.0,59800.0,0.0,470.0,0.0,11548200.0,7.124576406741286e-218,1.0,470.0,-1.0,1
2025-06-03,59940.0,59940.0,0.0,70.0,0.0,11745000.0,7.124576406741286e-218,1.0,70.0,-1.0,1
2025-06-04,61080.0,61080.0,0.0,570.0,0.0,11709800.0,7.124576406741286e-218,1.0,570.0,-1.0,1
2025-06-05,60100.0,60100.0,0.0,-490.0,0.0,12114600.0,7.124576406741286e-218,1.0,-490.0,-1.0,1
2025-06-06,60440.0,60440.0,0.0,170.0,0.0,11989800.0,7.124576406741286e-218,1.0,170.0,-1.0,1
2025-06-09,60700.0,60700.0,0.0,130.0,0.0,12040400.0,7.124576406741286e-218,1.0,130.0,-1.0,1
2025-06-10,60760.0,60760.0,0.0,30.0,0.0,11280400.0,7.124576406741286e-218,1.0,30.0,-1.0,1
2025-06-11,61740.0,61740.0,0.0,490.0,0.0,10762000.0,7.124576406741286e-218,1.0,490.0,-1.0,1
2025-06-12,60480.0,60480.0,0.0,-630.0,0.0,10906000.0,7.124576406741286e-218,1.0,-630.0,-1.0,1
2025-06-13,59800.0,59800.0,0.0,-340.0,0.0,9739600.0,7.124576406741286e-218,1.0,-340.0,-1.0,1
2025-06-16,59780.0,59780.0,0.0,-10.0,0.0,9387600.0,7.124576406741286e-218,1.0,-10.0,-1.0,1
2025-06-17,59860.0,59860.0,0.0,40.0,0.0,6696600.0,7.124576406741286e-218,1.0,40.0,-1.0,1
2025-06-18,59880.0,59880.0,0.0,10.0,0.0,6507600.0,7.124576406741286e-218,1.0,10.0,-1.0,1
2025-06-19,60060.0,60060.0,0.0,90.0,0.0,6456600.0,7.124576406741286e-218,1.0,90.0,-1.0,1
2025-06-20,58900.0,58900.0,0.0,-580.0,0.0,6444000.0,7.124576406741286e-218,1.0,-580.0,-1.0,1
2025-06-23,59120.0,59120.0,0.0,110.0,0.0,6576000.0,7.124576406741286e-218,1.0,110.0,-1.0,1
2025-06-24,60700.0,60700.0,0.0,790.0,0.0,5904000.0,7.124576406741286e-218,1.0,790.0,-1.0,1
2025-06-25,60880.0,60880.0,0.0,90.0,0.0,6782400.0,7.124576406741286e-218,1.0,90.0,-1.0,1
2025-06-26,61500.0,61500.0,0.0,310.0,0.0,6462400.0,7.124576406741286e-218,1.0,310.0,-1.0,1
2025-06-27,63300.0,63300.0,0.0,900.0,0.0,6508800.0,7.124576406741286e-218,1.0,900.0,-1.0,1
2025-06-30,62260.0,62260.0,0.0,-520.0,0.0,6973600.0,7.124576406741286e-218,1.0,-520.0,-1.0,1
2025-07-01,62780.0,62780.0,0.0,260.0,0.0,7072600.0,7.124576406741286e-218,1.0,260.0,-1.0,1
2025-07-02,63960.0,63960.0,0.0,590.0,0.0,7198000.0,7.124576406741286e-218,1.0,590.0,-1.0,1
2025-07-03,64080.0,64080.0,0.0,60.0,0.0,7244400.0,7.124576406741286e-218,1.0,60.0,-1.0,1
2025-07-04,63280.0,63280.0,0.0,-400.0,0.0,6771400.0,7.124576406741286e-218,1.0,-400.0,-1.0,1
2025-07-07,63660.0,63660.0,0.0,190.0,0.0,7033600.0,7.124576406741286e-218,1.0,190.0,-1.0,1
2025-07-08,63880.0,63880.0,0.0,110.0,0.0,7072000.0,7.124576406741286e-218,1.0,110.0,-1.0,1
2025-07-09,64400.0,64400.0,0.0,260.0,0.0,7094400.0,7.124576406741286e-218,1.0,260.0,-1.0,1
2025-07-10,64180.0,64180.0,0.0,-110.0,0.0,6749400.0,7.124576406741286e-218,1.0,-110.0,-1.0,1
2025-07-11,64280.0,64280.0,0.0,50.0,0.0,5979800.0,7.124576406741286e-218,1.0,50.0,-1.0,1
2025-07-14,66480.0,66480.0,0.0,1100.0,0.0,5753600.0,7.124576406741286e-218,1.0,1100.0,-1.0,1
2025-07-15,66660.0,66660.0,0.0,90.0,0.0,8173400.0,7.124576406741286e-218,1.0,90.0,-1.0,1
2025-07-16,66420.0,66420.0,0.0,-120.0,0.0,8186400.0,7.124576406741286e-218,1.0,-120.0,-1.0,1
2025-07-17,67960.0,67960.0,0.0,770.0,0.0,8215000.0,7.124576406741286e-218,1.0,770.0,-1.0,1
2025-07-18,69960.0,69960.0,0.0,1000.0,0.0,9384600.0,7.124576406741286e-218,1.0,1000.0,-1.0,1
2025-07-21,71280.0,71280.0,0.0,660.0,0.0,10711800.0,7.124576406741286e-218,1.0,660.0,-1.0,1
2025-07-22,72880.0,72880.0,0.0,800.0,0.0,11558800.0,7.124576406741286e-218,1.0,800.0,-1.0,1
2025-07-23,69380.0,69380.0,0.0,-1750.0,0.0,11590600.0,7.124576406741286e-218,1.0,-1750.0,-1.0,1
2025-07-24,76680.0,76680.0,0.0,3650.0,0.0,17699400.0,7.124576406741286e-218,1.0,3650.0,-1.0,1
2025-07-25,80520.0,80520.0,0.0,1920.0,0.0,44152200.0,7.124576406741286e-218,1.0,1920.0,-1.0,1
2025-07-28,73120.0,73120.0,0.0,-3700.0,0.0,49905000.0,7.124576406741286e-218,1.0,-3700.0,-1.0,1
2025-07-29,70840.0,70840.0,0.0,-1140.0,0.0,76744200.0,7.124576406741286e-218,1.0,-1140.0,-1.0,1
2025-07-30,70600.0,70600.0,0.0,-120.0,0.0,79208200.0,7.124576406741286e-218,1.0,-120.0,-1.0,1
2025-07-31,68280.0,68280.0,0.0,-1160.0,0.0,78540800.0,7.124576406741286e-218,1.0,-1160.0,-1.0,1
2025-08-01,68920.0,68920.0,0.0,320.0,0.0,81224800.0,7.124576406741286e-218,1.0,320.0,-1.0,1
2025-08-04,68920.0,68920.0,0.0,0.0,0.0,81109600.0,7.124576406741286e-218,1.0,0.0,-1.0,1
2025-08-05,67840.0,67840.0,0.0,-540.0,0.0,81037400.0,7.124576406741286e-218,1.0,-540.0,-1.0,1
2025-08-06,69620.0,69620.0,0.0,890.0,0.0,81596400.0,7.124576406741286e-218,1.0,890.0,-1.0,1
2025-08-07,72300.0,72300.0,0.0,1340.0,0.0,83045400.0,7.124576406741286e-218,1.0,1340.0,-1.0,1
2025-08-08,76960.0,76960.0,0.0,2330.0,0.0,86612400.0,7.124576406741286e-218,1.0,2330.0,-1.0,1
2025-08-11,81000.0,81000.0,0.0,2020.0,0.0,97465200.0,7.124576406741286e-218,1.0,2020.0,-1.0,1
2025-08-12,82520.0,82520.0,0.0,760.0,0.0,103206000.0,7.124576406741286e-218,1.0,760.0,-1.0,1
2025-08-13,85100.0,85100.0,0.0,1290.0,0.0,104345000.0,7.124576406741286e-218,1.0,1290.0,-1.0,1
2025-08-14,85300.0,85300.0,0.0,100.0,0.0,107644400.0,7.124576406741286e-218,1.0,100.0,-1.0,1
2025-08-15,86900.0,86900.0,0.0,800.0,0.0,106478600.0,7.124576406741286e-218,1.0,800.0,-1.0,1
2025-08-18,89240.0,89240.0,0.0,1170.0,0.0,105758600.0,7.124576406741286e-218,1.0,1170.0,-1.0,1
2025-08-19,87540.0,87540.0,0.0,-850.0,0.0,107625200.0,7.124576406741286e-218,1.0,-850.0,-1.0,1
2025-08-20,80980.0,80980.0,0.0,-3280.0,0.0,107790200.0,7.124576406741286e-218,1.0,-3280.0,-1.0,1
2025-08-21,82760.0,82760.0,0.0,890.0,0.0,123182000.0,7.124576406741286e-218,1.0,890.0,-1.0,1
2025-08-22,78960.0,78960.0,0.0,-1900.0,0.0,98121200.0,7.124576406741286e-218,1.0,-1900.0,-1.0,1
2025-08-25,79380.0,79380.0,0.0,210.0,0.0,97968400.0,7.124576406741286e-218,1.0,210.0,-1.0,1
2025-08-26,79020.0,79020.0,0.0,-180.0,0.0,70676600.0,7.124576406741286e-218,1.0,-180.0,-1.0,1
2025-08-27,78860.0,78860.0,0.0,-80.0,0.0,68142200.0,7.124576406741286e-218,1.0,-80.0,-1.0,1
2025-08-28,78140.0,78140.0,0.0,-360.0,0.0,68126200.0,7.124576406741286e-218,1.0,-360.0,-1.0,1
2025-08-29,77180.0,77180.0,0.0,-480.0,0.0,65694200.0,7.124576406741286e-218,1.0,-480.0,-1.0,1
2025-09-01,75560.0,75560.0,0.0,-810.0,0.0,65950200.0,7.124576406741286e-218,1.0,-810.0,-1.0,1
2025-09-02,72620.0,72620.0,0.0,-1470.0,0.0,67262400.0,7.124576406741286e-218,1.0,-1470.0,-1.0,1
2025-09-03,71880.0,71880.0,0.0,-370.0,0.0,71001000.0,7.124576406741286e-218,1.0,-370.0,-1.0,1
2025-09-04,73420.0,73420.0,0.0,770.0,0.0,69690600.0,7.124576406741286e-218,1.0,770.0,-1.0,1
2025-09-05,74260.0,74260.0,0.0,420.0,0.0,67285200.0,7.124576406741286e-218,1.0,420.0,-1.0,1
2025-09-08,74800.0,74800.0,0.0,270.0,0.0,56780200.0,7.124576406741286e-218,1.0,270.0,-1.0,1
2025-09-09,72900.0,72900.0,0.0,-950.0,0.0,48765200.0,7.124576406741286e-218,1.0,-950.0,-1.0,1
2025-09-10,70720.0,70720.0,0.0,-1090.0,0.0,49415000.0,7.124576406741286e-218,1.0,-1090.0,-1.0,1
2025-09-11,71000.0,71000.0,0.0,140.0,0.0,48463000.0,7.124576406741286e-218,1.0,140.0,-1.0,1
2025-09-12,71160.0,71160.0,0.0,80.0,0.0,48482200.0,7.124576406741286e-218,1.0,80.0,-1.0,1
2025-09-15,72680.0,72680.0,0.0,760.0,0.0,47215000.0,7.124576406741286e-218,1.0,760.0,-1.0,1
2025-09-16,73180.0,73180.0,0.0,250.0,0.0,45632400.0,7.124576406741286e-218,1.0,250.0,-1.0,1
2025-09-17,73640.0,73640.0,0.0,230.0,0.0,44312400.0,7.124576406741286e-218,1.0,230.0,-1.0,1
2025-09-18,72880.0,72880.0,0.0,-380.0,0.0,22901400.0,7.124576406741286e-218,1.0,-380.0,-1.0,1
2025-09-19,73960.0,73960.0,0.0,540.0,0.0,21606000.0,7.124576406741286e-218,1.0,540.0,-1.0,1
2025-09-22,73420.0,73420.0,0.0,-270.0,0.0,14969200.0,7.124576406741286e-218,1.0,-270.0,-1.0,1
2025-09-23,73660.0,73660.0,0.0,120.0,0.0,15026800.0,7.124576406741286e-218,1.0,120.0,-1.0,1
2025-09-24,72880.0,72880.0,0.0,-390.0,0.0,14990800.0,7.124576406741286e-218,1.0,-390.0,-1.0,1
2025-09-25,74040.0,74040.0,0.0,580.0,0.0,15282200.0,7.124576406741286e-218,1.0,580.0,-1.0,1
2025-09-26,72880.0,72880.0,0.0,-580.0,0.0,15695800.0,7.124576406741286e-218,1.0,-580.0,-1.0,1
2025-09-29,73920.0,73920.0,0.0,520.0,0.0,15907800.0,7.124576406741286e-218,1.0,520.0,-1.0,1
2025-09-30,72800.0,72800.0,0.0,-560.0,0.0,15136400.0,7.124576406741286e-218,1.0,-560.0,-1.0,1
2025-10-09,73340.0,73340.0,0.0,270.0,0.0,11441800.0,7.124576406741286e-218,1.0,270.0,-1.0,1
2025-10-10,72740.0,72740.0,0.0,-300.0,0.0,11313800.0,7.124576406741286e-218,1.0,-300.0,-1.0,1
2025-10-13,72280.0,72280.0,0.0,-230.0,0.0,10308000.0,7.124576406741286e-218,1.0,-230.0,-1.0,1
2025-10-14,72680.0,72680.0,0.0,200.0,0.0,10061000.0,7.124576406741286e-218,1.0,200.0,-1.0,1
2025-10-15,72940.0,72940.0,0.0,130.0,0.0,9995200.0,7.124576406741286e-218,1.0,130.0,-1.0,1
2025-10-16,75080.0,75080.0,0.0,1070.0,0.0,8224000.0,7.124576406741286e-218,1.0,1070.0,-1.0,1
2025-10-17,75780.0,75780.0,0.0,350.0,0.0,8137600.0,7.124576406741286e-218,1.0,350.0,-1.0,1
2025-10-20,75940.0,75940.0,0.0,80.0,0.0,8343400.0,7.124576406741286e-218,1.0,80.0,-1.0,1
2025-10-21,75980.0,75980.0,0.0,20.0,0.0,8343400.0,7.124576406741286e-218,1.0,20.0,-1.0,1
2025-10-22,77120.0,77120.0,0.0,570.0,0.0,7189000.0,7.124576406741286e-218,1.0,570.0,-1.0,1
2025-10-23,79940.0,79940.0,0.0,1410.0,0.0,7713800.0,7.124576406741286e-218,1.0,1410.0,-1.0,1
2025-10-24,79520.0,79520.0,0.0,-210.0,0.0,11584200.0,7.124576406741286e-218,1.0,-210.0,-1.0,1
2025-10-27,81900.0,81900.0,0.0,1190.0,0.0,11383600.0,7.124576406741286e-218,1.0,1190.0,-1.0,1
2025-10-28,81640.0,81640.0,0.0,-130.0,0.0,13632600.0,7.124576406741286e-218,1.0,-130.0,-1.0,1
2025-10-29,82900.0,82900.0,0.0,630.0,0.0,13520600.0,7.124576406741286e-218,1.0,630.0,-1.0,1
2025-10-30,83400.0,83400.0,0.0,250.0,0.0,14285600.0,7.124576406741286e-218,1.0,250.0,-1.0,1
2025-10-31,80780.0,80780.0,0.0,-1310.0,0.0,14106400.0,7.124576406741286e-218,1.0,-1310.0,-1.0,1
2025-11-03,82280.0,82280.0,0.0,750.0,0.0,16865800.0,7.124576406741286e-218,1.0,750.0,-1.0,1
2025-11-04,78560.0,78560.0,0.0,-1860.0,0.0,17318000.0,7.124576406741286e-218,1.0,-1860.0,-1.0,1
2025-11-05,79140.0,79140.0,0.0,290.0,0.0,23696400.0,7.124576406741286e-218,1.0,290.0,-1.0,1
2025-11-06,80500.0,80500.0,0.0,680.0,0.0,23237400.0,7.124576406741286e-218,1.0,680.0,-1.0,1
2025-11-07,82300.0,82300.0,0.0,900.0,0.0,24016400.0,7.124576406741286e-218,1.0,900.0,-1.0,1
2025-11-10,87240.0,87240.0,0.0,2470.0,0.0,25456400.0,7.124576406741286e-218,1.0,2470.0,-1.0,1
2025-11-11,86540.0,86540.0,0.0,-350.0,0.0,37552400.0,7.124576406741286e-218,1.0,-350.0,-1.0,1
2025-11-12,86580.0,86580.0,0.0,20.0,0.0,37717400.0,7.124576406741286e-218,1.0,20.0,-1.0,1
2025-11-13,87840.0,87840.0,0.0,630.0,0.0,37684400.0,7.124576406741286e-218,1.0,630.0,-1.0,1
2025-11-14,87360.0,87360.0,0.0,-240.0,0.0,36188400.0,7.124576406741286e-218,1.0,-240.0,-1.0,1
2025-11-17,95200.0,95200.0,0.0,3920.0,0.0,36058600.0,7.124576406741286e-218,1.0,3920.0,-1.0,1
2025-11-18,93520.0,93520.0,0.0,-840.0,0.0,66778600.0,7.124576406741286e-218,1.0,-840.0,-1.0,1
2025-11-19,99300.0,99300.0,0.0,2890.0,0.0,68189000.0,7.124576406741286e-218,1.0,2890.0,-1.0,1
2025-11-20,98980.0,98980.0,0.0,-160.0,0.0,84243400.0,7.124576406741286e-218,1.0,-160.0,-1.0,1
2025-11-21,91020.0,91020.0,0.0,-3980.0,0.0,80318400.0,7.124576406741286e-218,1.0,-3980.0,-1.0,1
2025-11-24,90480.0,90480.0,0.0,-270.0,0.0,111911000.0,7.124576406741286e-218,1.0,-270.0,-1.0,1
2025-11-25,95400.0,95400.0,0.0,2460.0,0.0,109224600.0,7.124576406741286e-218,1.0,2460.0,-1.0,1
2025-11-26,96340.0,96340.0,0.0,470.0,0.0,121294000.0,7.124576406741286e-218,1.0,470.0,-1.0,1
2025-11-27,95820.0,95820.0,0.0,-260.0,0.0,120942000.0,7.124576406741286e-218,1.0,-260.0,-1.0,1
2025-11-28,96420.0,96420.0,0.0,300.0,0.0,120952200.0,7.124576406741286e-218,1.0,300.0,-1.0,1
2025-12-01,96940.0,96940.0,0.0,260.0,0.0,117700000.0,7.124576406741286e-218,1.0,260.0,-1.0,1
2025-12-02,96560.0,96560.0,0.0,-190.0,0.0,116710200.0,7.124576406741286e-218,1.0,-190.0,-1.0,1
2025-12-03,93660.0,93660.0,0.0,-1450.0,0.0,109863200.0,7.124576406741286e-218,1.0,-1450.0,-1.0,1
2025-12-04,93700.0,93700.0,0.0,20.0,0.0,113900000.0,7.124576406741286e-218,1.0,20.0,-1.0,1
2025-12-05,92160.0,92160.0,0.0,-770.0,0.0,112976000.0,7.124576406741286e-218,1.0,-770.0,-1.0,1
2025-12-08,94840.0,94840.0,0.0,1340.0,0.0,112541800.0,7.124576406741286e-218,1.0,1340.0,-1.0,1
2025-12-09,92800.0,92800.0,0.0,-1020.0,0.0,103931200.0,7.124576406741286e-218,1.0,-1020.0,-1.0,1
2025-12-10,95980.0,95980.0,0.0,1590.0,0.0,105767000.0,7.124576406741286e-218,1.0,1590.0,-1.0,1
2025-12-11,98880.0,98880.0,0.0,1450.0,0.0,110822400.0,7.124576406741286e-218,1.0,1450.0,-1.0,1
2025-12-12,97720.0,97720.0,0.0,-580.0,0.0,114233600.0,7.124576406741286e-218,1.0,-580.0,-1.0,1
2025-12-15,101060.0,101060.0,0.0,1670.0,0.0,114791200.0,7.124576406741286e-218,1.0,1670.0,-1.0,1
2025-12-16,100600.0,100600.0,0.0,-230.0,0.0,89636200.0,7.124576406741286e-218,1.0,-230.0,-1.0,1
2025-12-17,108620.0,108620.0,0.0,4010.0,0.0,88330800.0,7.124576406741286e-218,1.0,4010.0,-1.0,1
2025-12-18,106160.0,106160.0,0.0,-1230.0,0.0,103786800.0,7.124576406741286e-218,1.0,-1230.0,-1.0,1
2025-12-19,111400.0,111400.0,0.0,2620.0,0.0,106761400.0,7.124576406741286e-218,1.0,2620.0,-1.0,1
2025-12-22,114380.0,114380.0,0.0,1490.0,0.0,88809400.0,7.124576406741286e-218,1.0,1490.0,-1.0,1
2025-12-23,120360.0,120360.0,0.0,2990.0,0.0,93103800.0,7.124576406741286e-218,1.0,2990.0,-1.0,1
2025-12-24,124720.0,124720.0,0.0,2180.0,0.0,98880800.0,7.124576406741286e-218,1.0,2180.0,-1.0,1
2025-12-25,123520.0,123520.0,0.0,-600.0,0.0,107943800.0,7.124576406741286e-218,1.0,-600.0,-1.0,1
2025-12-26,130520.0,130520.0,0.0,3500.0,0.0,108528600.0,7.124576406741286e-218,1.0,3500.0,-1.0,1
2025-12-29,118820.0,118820.0,0.0,-5850.0,0.0,132848600.0,7.124576406741286e-218,1.0,-5850.0,-1.0,1
2025-12-30,121580.0,121580.0,0.0,1380.0,0.0,201158400.0,7.124576406741286e-218,1.0,1380.0,-1.0,1
2025-12-31,121580.0,121580.0,0.0,0.0,0.0,204895000.0,7.124576406741286e-218,1.0,0.0,-1.0,1
2026-01-05,129980.0,129980.0,0.0,4200.0,0.0,200690000.0,7.124576406741286e-218,1.0,4200.0,-1.0,1
2026-01-06,137940.0,137940.0,0.0,3980.0,0.0,235969200.0,7.124576406741286e-218,1.0,3980.0,-1.0,1
2026-01-07,142300.0,142300.0,0.0,2180.0,0.0,266464200.0,7.124576406741286e-218,1.0,2180.0,-1.0,1
2026-01-08,145000.0,145000.0,0.0,1350.0,0.0,272377800.0,7.124576406741286e-218,1.0,1350.0,-1.0,1
2026-01-09,143420.0,143420.0,0.0,-790.0,0.0,273942000.0,7.124576406741286e-218,1.0,-790.0,-1.0,1
2026-01-12,156060.0,156060.0,0.0,6320.0,0.0,270134000.0,7.124576406741286e-218,1.0,6320.0,-1.0,1
2026-01-13,166980.0,166980.0,0.0,5460.0,0.0,345813800.0,7.124576406741286e-218,1.0,5460.0,-1.0,1
2026-01-14,161940.0,161940.0,0.0,-2520.0,0.0,404764200.0,7.124576406741286e-218,1.0,-2520.0,-1.0,1
2026-01-15,163220.0,163220.0,0.0,640.0,0.0,411887200.0,7.124576406741286e-218,1.0,640.0,-1.0,1
2026-01-16,146200.0,146200.0,0.0,-8510.0,0.0,412600600.0,7.124576406741286e-218,1.0,-8510.0,-1.0,1
2026-01-19,147260.0,147260.0,0.0,530.0,0.0,525280600.0,7.124576406741286e-218,1.0,530.0,-1.0,1
2026-01-20,160500.0,160500.0,0.0,6620.0,0.0,522816600.0,7.124576406741286e-218,1.0,6620.0,-1.0,1
2026-01-21,166740.0,166740.0,0.0,3120.0,0.0,596736600.0,7.124576406741286e-218,1.0,3120.0,-1.0,1
2026-01-22,168780.0,168780.0,0.0,1020.0,0.0,611765200.0,7.124576406741286e-218,1.0,1020.0,-1.0,1
2026-01-23,181520.0,181520.0,0.0,6370.0,0.0,595965800.0,7.124576406741286e-218,1.0,6370.0,-1.0,1
2026-01-26,165680.0,165680.0,0.0,-7920.0,0.0,667614800.0,7.124576406741286e-218,1.0,-7920.0,-1.0,1
2026-01-27,179600.0,179600.0,0.0,6960.0,0.0,792347600.0,7.124576406741286e-218,1.0,6960.0,-1.0,1
2026-01-28,166280.0,166280.0,0.0,-6660.0,0.0,864730800.0,7.124576406741286e-218,1.0,-6660.0,-1.0,1
2026-01-29,164820.0,164820.0,0.0,-730.0,0.0,884997000.0,7.124576406741286e-218,1.0,-730.0,-1.0,1
2026-01-30,148200.0,148200.0,0.0,-8310.0,0.0,882254000.0,7.124576406741286e-218,1.0,-8310.0,-1.0,1
2026-02-02,132440.0,132440.0,0.0,-7880.0,0.0,1020366200.0,7.124576406741286e-218,1.0,-7880.0,-1.0,1
2026-02-03,148100.0,148100.0,0.0,7830.0,0.0,1109275000.0,7.124576406741286e-218,1.0,7830.0,-1.0,1
2026-02-04,147220.0,147220.0,0.0,-440.0,0.0,1200212000.0,7.124576406741286e-218,1.0,-440.0,-1.0,1
2026-02-05,132780.0,132780.0,0.0,-7220.0,0.0,1191094400.0,7.124576406741286e-218,1.0,-7220.0,-1.0,1
2026-02-06,132920.0,132920.0,0.0,70.0,0.0,1291706200.0,7.124576406741286e-218,1.0,70.0,-1.0,1
2026-02-09,137000.0,137000.0,0.0,2040.0,0.0,1290467800.0,7.124576406741286e-218,1.0,2040.0,-1.0,1
2026-02-10,137340.0,137340.0,0.0,170.0,0.0,1218906200.0,7.124576406741286e-218,1.0,170.0,-1.0,1
2026-02-11,150260.0,150260.0,0.0,6460.0,0.0,1159340800.0,7.124576406741286e-218,1.0,6460.0,-1.0,1
2026-02-12,149420.0,149420.0,0.0,-420.0,0.0,1230103200.0,7.124576406741286e-218,1.0,-420.0,-1.0,1
2026-02-13,152640.0,152640.0,0.0,1610.0,0.0,1229636800.0,7.124576406741286e-218,1.0,1610.0,-1.0,1
2026-02-24,164120.0,164120.0,0.0,5740.0,0.0,1089980800.0,7.124576406741286e-218,1.0,5740.0,-1.0,1
2026-02-25,166480.0,166480.0,0.0,1180.0,0.0,1155314200.0,7.124576406741286e-218,1.0,1180.0,-1.0,1
2026-02-26,173660.0,173660.0,0.0,3590.0,0.0,1070450200.0,7.124576406741286e-218,1.0,3590.0,-1.0,1
2026-02-27,176040.0,176040.0,0.0,1190.0,0.0,1076757600.0,7.124576406741286e-218,1.0,1190.0,-1.0,1
2026-03-02,172020.0,172020.0,0.0,-2010.0,0.0,1077509000.0,7.124576406741286e-218,1.0,-2010.0,-1.0,1
2026-03-03,150860.0,150860.0,0.0,-10580.0,0.0,1004435400.0,7.124576406741286e-218,1.0,-10580.0,-1.0,1
2026-03-04,153060.0,153060.0,0.0,1100.0,0.0,1102855400.0,7.124576406741286e-218,1.0,1100.0,-1.0,1
2026-03-05,155860.0,141834.8607664093,-4207.541770077206,1400.0,0.0,1008392200.0,7.124576406741286e-218,1.0,1400.0,-1.0,1
2026-03-06,156160.0,142187.46483884228,-4191.760548347316,150.0,-11781116.956216177,923601000.0,0.0,1.0,150.0,-1.0,1
2026-03-09,161060.0,141428.52114821397,-5889.443655535809,2450.0,-13038645.120720372,922580200.0,0.0,1.0,2450.0,-1.0,1
2026-03-10,163000.0,144124.46483922502,-5662.660548232493,970.0,-41896919.03284584,796473000.0,0.0,1.0,970.0,-1.0,1
2026-03-11,155040.0,146459.7624636566,-2574.071260903019,-3980.0,-52882480.496416874,674166000.0,0.0,1.0,-3980.0,-1.0,1
2026-03-12,156980.0,147039.8069810796,-2982.05790567612,970.0,-32392873.259628844,583229000.0,0.0,1.0,970.0,-1.0,1
2026-03-13,152080.0,147445.13449159093,-1390.4596525227214,-2450.0,-38178065.59664051,584723600.0,0.0,1.0,-2450.0,-1.0,1
2026-03-16,159620.0,145643.718203054,-4192.884539083796,3770.0,-31364813.299279176,492471800.0,0.0,1.0,3770.0,-1.0,1
2026-03-17,155320.0,146591.95985088387,-2618.4120447348396,-2150.0,-62979162.723970994,520887800.0,0.0,1.0,-2150.0,-1.0,1
2026-03-18,150120.0,145435.21520647095,-1405.4354380587145,-2600.0,-51719990.931611195,521809600.0,0.0,1.0,-2600.0,-1.0,1
2026-03-19,142600.0,144135.34991738145,460.60497521443466,-3760.0,-44411726.653705865,535271800.0,0.0,1.0,-3760.0,-1.0,1
2026-03-20,143860.0,141552.57577245517,-692.2272682634502,630.0,-47875476.06731843,480083800.0,0.0,1.0,630.0,-1.0,1
2026-03-23,149040.0,138849.5936432196,-3057.1219070341235,2590.0,-48747682.42533038,480524800.0,0.0,1.0,2590.0,-1.0,1
2026-03-24,152940.0,138455.03486057947,-4345.4895418261585,1950.0,-64583573.90376714,488756800.0,0.0,1.0,1950.0,-1.0,1
2026-03-25,159120.0,142667.05202934975,-4935.8843911950735,3090.0,-81530983.11688915,430466600.0,0.0,1.0,3090.0,-1.0,1
2026-03-26,157200.0,144870.3665037893,-3698.8900488632116,-960.0,-112034748.6544747,446778000.0,0.0,1.0,-960.0,-1.0,1
2026-03-27,168440.0,147041.1482343581,-6419.6555296925735,5620.0,-104932879.76065734,422845000.0,0.0,1.0,5620.0,-1.0,1
2026-03-30,171620.0,152814.23914160777,-5641.728257517668,1590.0,-177089807.9144019,483181600.0,0.0,1.0,1590.0,-1.0,1
2026-03-31,157200.0,153400.98143422123,-1139.7055697336298,-7210.0,-195030503.77330807,480157600.0,0.0,1.0,-7210.0,-1.0,1
2026-04-01,158620.0,151997.60393631738,-1986.718819104787,710.0,-178595949.45774913,360253000.0,0.0,1.0,710.0,-1.0,1
2026-04-02,159140.0,148450.58376255244,-3206.824871234267,260.0,-181417090.18087792,358841200.0,0.0,1.0,260.0,-1.0,1
2026-04-03,157860.0,148547.37368923033,-2793.787893230902,-640.0,-171303522.15770355,355056400.0,0.0,1.0,-640.0,-1.0,1
2026-04-07,160860.0,148320.5711734246,-3761.82864797262,1500.0,-166469945.48986378,355830600.0,0.0,1.0,1500.0,-1.0,1
2026-04-08,159620.0,148371.59091877352,-3374.522724367943,-620.0,-148897157.5216562,348325600.0,0.0,1.0,-620.0,-1.0,1
2026-04-09,153560.0,144360.78203422937,-2759.765389731189,-3030.0,-133727187.87986892,347212600.0,0.0,1.0,-3030.0,-1.0,1
2026-04-10,157600.0,144912.6006954293,-3806.219791371206,2020.0,-137492616.85488597,333893600.0,0.0,1.0,2020.0,-1.0,1
2026-04-13,166500.0,144656.66173156214,-6553.001480531358,4450.0,-147084552.47501394,340172600.0,0.0,1.0,4450.0,-1.0,1
2026-04-14,166840.0,148407.03403625372,-5529.889789123882,170.0,-212219517.94910437,367772600.0,0.0,1.0,170.0,-1.0,1
2026-04-15,168660.0,153433.30967448582,-4568.007097654254,910.0,-182485331.05271465,339404600.0,0.0,1.0,910.0,-1.0,1
2026-04-16,176000.0,152292.17955112102,-7112.346134663693,3670.0,-202058275.76280522,331815800.0,0.0,1.0,3670.0,-1.0,1
2026-04-17,177560.0,153725.88834854594,-7150.233495436219,780.0,-261571160.66914204,345233600.0,0.0,1.0,780.0,-1.0,1
2026-04-20,180200.0,156356.2594145916,-7153.122175622521,1320.0,-269261775.50841,318175200.0,0.0,1.0,1320.0,-1.0,1
2026-04-21,174260.0,156823.88774301956,-5230.833677094132,-2970.0,-287273811.6940415,320866200.0,0.0,1.0,-2970.0,-1.0,1
2026-04-22,175240.0,156181.9398745627,-5717.418037631191,490.0,-240366768.17366558,325091800.0,0.0,1.0,490.0,-1.0,1
2026-04-23,177960.0,158396.66278927302,-5869.001163218095,1360.0,-229022428.6374221,317967000.0,0.0,1.0,1360.0,-1.0,1
2026-04-24,177900.0,158597.0297042015,-5790.89108873955,-30.0,-214482346.26378977,302570000.0,0.0,1.0,-30.0,-1.0,1
2026-04-27,180560.0,160958.65467665982,-5880.403597002054,1330.0,-221236761.69228277,300728600.0,0.0,1.0,1330.0,-1.0,1
2026-04-28,178620.0,160814.3087875189,-5341.707363744327,-970.0,-164721707.10656375,241097600.0,0.0,1.0,-970.0,-1.0,1
2026-04-29,183880.0,159773.71344252658,-7231.885967242025,2630.0,-136418098.96199355,237923200.0,0.0,1.0,2630.0,-1.0,1
2026-04-30,189080.0,161132.22827965088,-8384.331516104736,2600.0,-190892373.46524554,147788800.0,0.0,1.0,2600.0,-1.0,1
2026-05-06,199400.0,170766.1641578294,-8590.150752651181,5160.0,-231669756.62586138,160300600.0,0.0,1.0,5160.0,-1.0,1
2026-05-07,199060.0,174939.63630634188,-7236.109108097435,-170.0,-318652563.46017975,213416600.0,0.0,1.0,-170.0,-1.0,1
2026-05-08,196560.0,180254.56070473167,-4891.631788580497,-1250.0,-319768334.86676216,212655200.0,0.0,1.0,-1250.0,-1.0,1
2026-05-11,205020.0,179212.60639094296,-7742.2180827171105,4230.0,-296253769.45139307,211280200.0,0.0,1.0,4230.0,-1.0,1
2026-05-12,205260.0,184998.57639869457,-6078.42708039163,120.0,-365937342.6093961,246297200.0,0.0,1.0,120.0,-1.0,1
2026-05-13,201960.0,185626.1996715024,-4900.14009854928,-1650.0,-384120343.3704611,227964200.0,0.0,1.0,-1650.0,-1.0,1
2026-05-14,191760.0,183020.6363800939,-2621.80908597183,-5100.0,-352572753.0881088,225248400.0,0.0,1.0,-5100.0,-1.0,1
2026-05-15,188800.0,180192.54703164945,-2582.235890505166,-1480.0,-267508587.23446703,237663400.0,0.0,1.0,-1480.0,-1.0,1
2026-05-18,192180.0,179373.10548854558,-3842.068353436325,1690.0,-257985006.47026962,241986400.0,0.0,1.0,1690.0,-1.0,1
2026-05-19,184400.0,176275.28627768825,-2437.4141166935237,-3890.0,-262657424.58715364,246042400.0,0.0,1.0,-3890.0,-1.0,1
2026-05-20,183100.0,168561.38980604475,-4361.583058186574,-650.0,-191489722.13084653,249368800.0,0.0,1.0,-650.0,-1.0,1
2026-05-21,177600.0,171703.78959779348,-1768.8631206619552,-2750.0,-174665299.90232348,248997000.0,0.0,1.0,-2750.0,-1.0,1
2026-05-22,184460.0,167239.23336099228,-5166.2299917023165,3430.0,-146052310.19503924,260637200.0,0.0,1.0,3430.0,-1.0,1
2026-05-25,181200.0,172614.31786442758,-2575.7046406717272,-1630.0,-212563799.98005635,266525200.0,0.0,1.0,-1630.0,-1.0,1
2026-05-26,175960.0,170372.69482785932,-1676.1915516422043,-2620.0,-198563933.17458788,271358800.0,0.0,1.0,-2620.0,-1.0,1
2026-05-27,173000.0,167215.80392680308,-1735.2588219590746,-1480.0,-173817006.28002954,281388400.0,0.0,1.0,-1480.0,-1.0,1
2026-05-28,178860.0,166058.44619733805,-3840.466140798584,2930.0,-169028093.63235506,285767400.0,0.0,1.0,2930.0,-1.0,1
2026-05-29,179740.0,167631.34732135976,-3632.5958035920717,440.0,-175891351.6494093,299399400.0,0.0,1.0,440.0,-1.0,1
2026-06-01,178900.0,169434.53378802782,-2839.6398635916526,-420.0,-189450948.24223432,297904800.0,0.0,1.0,-420.0,-1.0,1
2026-06-02,172980.0,167811.4067137504,-1550.5779858748836,-2960.0,-149025930.5691243,284423800.0,0.0,1.0,-2960.0,-1.0,1
2026-06-03,166760.0,162599.42636491478,-1248.1720905255672,-3110.0,-96247985.00900033,288427000.0,0.0,1.0,-3110.0,-1.0,1
2026-06-04,160740.0,161404.4495899713,199.33487699139224,-3010.0,166001.1614288995,254520000.0,0.5,0.5,-1405.3325615043038,0.0,1
2026-06-05,164360.0,155961.71562852527,-2519.4853114424186,1810.0,-3494271.8948124154,272582400.0,0.0,1.0,1810.0,-1.0,1
2026-06-08,163340.0,156410.98660979304,-2078.7040170620894,-510.0,-24843888.193685204,276009600.0,0.0,1.0,-510.0,-1.0,1
2026-06-09,168460.0,155949.40032077,-3753.179903769004,2560.0,42775554.88350488,240744000.0,0.5,0.5,-596.5899518845019,0.0,1
2026-06-10,167400.0,157982.7965064371,-2825.1610480688714,-530.0,25018096.275501557,253822400.0,0.5,0.5,-1677.5805240344357,0.0,1
2026-06-11,174600.0,158949.56655941252,-4695.130032176245,3600.0,11842304.661241949,248939200.0,0.5,0.5,-547.5650160881223,0.0,1
2026-06-12,175300.0,161863.49623235018,-4030.951130294945,350.0,-48705084.24733968,222839200.0,0.0,1.0,350.0,-1.0,1
2026-06-15,174440.0,162728.6761514287,-3513.3971545713925,-430.0,-59170168.27444144,218703400.0,0.0,1.0,-430.0,-1.0,1
2026-06-16,169980.0,162383.12569721357,-2279.062290835928,-2230.0,-43162455.68689526,213361000.0,0.0,1.0,-2230.0,-1.0,1
2026-06-17,171300.0,162189.6228862088,-2733.1131341373634,660.0,-51960919.69764264,193042600.0,0.0,1.0,660.0,-1.0,1
2026-06-18,160500.0,162015.1177987696,454.5353396308841,-5400.0,-61238687.01034649,193068800.0,0.0,1.0,-5400.0,-1.0,1
2026-06-22,161740.0,152899.3471376544,-2652.195858703679,620.0,-75876415.8420008,236263800.0,0.0,1.0,620.0,-1.0,1
2026-06-23,157220.0,154179.98514426616,-912.0044567201519,-2260.0,-43724800.96371548,213502800.0,0.0,1.0,-2260.0,-1.0,1
2026-06-24,162740.0,152687.70834730216,-3015.687495809351,2760.0,-47999337.94793023,218404200.0,0.0,1.0,2760.0,-1.0,1
2026-06-25,150840.0,153298.45342431084,737.5360272932506,-5950.0,-73429176.65540299,219910600.0,0.0,1.0,-5950.0,-1.0,1
2026-06-26,150220.0,149700.55080334644,-155.8347589960671,-310.0,-87342221.49319154,286334800.0,0.0,1.0,-310.0,-1.0,1
2026-06-29,153920.0,147556.972608892,-1908.9082173323957,1850.0,-64740472.35753427,269357200.0,0.0,1.0,1850.0,-1.0,1
2026-06-30,163360.0,152103.3929971404,-3376.9821008578756,4720.0,-68606748.45450312,275815000.0,0.0,1.0,4720.0,-1.0,1
2026-07-01,164560.0,155046.77096466764,-2853.9687105997086,600.0,-102870756.97201845,320019000.0,0.0,1.0,600.0,-1.0,1
2026-07-02,164040.0,158986.65689333453,-1516.0029319996422,-260.0,-115474941.10111739,303215800.0,0.0,1.0,-260.0,-1.0,1
2026-07-03,168780.0,161553.4172773239,-2167.974816802831,2370.0,-122450249.97954662,284006800.0,0.0,1.0,2370.0,-1.0,1
2026-07-06,164560.0,162159.88760301983,-720.033719094051,-2110.0,-131526454.65170386,277120400.0,0.0,1.0,-2110.0,-1.0,1
2026-07-07,163360.0,161679.9149443927,-504.0255166821938,-600.0,-119367375.52970539,279472400.0,0.0,1.0,-600.0,-1.0,1
2026-07-08,158440.0,161908.25461508287,1040.4763845248613,-2460.0,-120882823.0070901,279672200.0,0.0,1.0,-2460.0,-1.0,1
2026-07-09,153020.0,158929.8988157253,1772.9696447175868,-2710.0,-106785685.71165513,278668200.0,0.0,1.0,-2710.0,-1.0,1
2026-07-10,151600.0,155421.17381696842,1146.3521450905275,-710.0,-119389851.89697744,292794600.0,0.0,1.0,-710.0,-1.0,1
2026-07-13,152240.0,154232.72779194728,597.8183375841851,320.0,-87212735.71133703,267882800.0,0.0,1.0,320.0,-1.0,1
2026-07-14,153180.0,153913.57210792424,220.07163237727073,470.0,-84008466.1840767,267842600.0,0.0,1.0,470.0,-1.0,1
2026-07-15,149240.0,154377.3221724881,1541.1966517464257,-1970.0,-86823120.40257347,267914600.0,0.0,1.0,-1970.0,-1.0,1
2026-07-16,151660.0,155229.3115091139,1070.7934527341713,1210.0,-103060053.02758263,265730600.0,0.0,1.0,1210.0,-1.0,1
2026-07-17,150140.0,154976.90283759427,1451.0708512782817,-760.0,-96861023.5349046,267787600.0,0.0,1.0,-760.0,-1.0,1
2026-07-20,143900.0,155342.0969048487,3432.6290714546108,-3120.0,-94157669.56083405,210622800.0,0.0,1.0,-3120.0,-1.0,1
2026-07-21,141620.0,148360.74697275757,2022.2240918272698,-1140.0,-112288552.10191825,229322800.0,0.0,1.0,-1140.0,-1.0,1
2026-07-22,143300.0,146691.78689795965,1017.536069387896,840.0,-121021483.17565951,221706800.0,0.0,1.0,840.0,-1.0,1
2026-07-23,145000.0,152199.21149453428,2159.763448360283,850.0,-102665427.60222022,207882800.0,0.0,1.0,850.0,-1.0,1
2026-07-24,144280.0,151459.3568219408,2153.807046582241,-360.0,-90217151.01521805,138522800.0,0.0,1.0,-360.0,-1.0,1
2026-07-27,147220.0,152599.18605903364,1613.755817710093,1470.0,-91864509.63933483,138589800.0,0.0,1.0,1470.0,-1.0,1
2026-07-28,143480.0,151332.19235559375,2355.657706678126,-1870.0,-80057107.1311373,136066600.0,0.0,1.0,-1870.0,-1.0,1
2026-07-29,147900.0,151706.93501592465,1142.0805047773958,2210.0,-56988555.922015145,98503600.0,0.0,1.0,2210.0,-1.0,1
2026-07-30,141060.0,153205.05691381264,3643.5170741437933,-3420.0,-48515797.6381794,107551800.0,0.0,1.0,-3420.0,-1.0,1
2026-07-31,137760.0,153036.4996487086,4582.949894612576,-1650.0,-74225775.94996276,130809400.0,0.0,1.0,-1650.0,-1.0,1
2026-08-03,138900.0,153094.72852210817,4258.41855663245,570.0,-79073309.97053885,125020600.0,0.0,1.0,570.0,-1.0,1
2026-08-04,139380.0,153119.24594248694,4121.773782746083,240.0,-77257255.11055475,116766200.0,0.0,1.0,240.0,-1.0,1
2026-08-05,143220.0,153315.38530551715,3028.6155916551447,1920.0,-75883634.31485525,116161400.0,0.0,1.0,1920.0,-1.0,1
2026-08-06,141460.0,153225.48809746164,3529.6464292384917,-880.0,-59134606.631037176,111431000.0,0.0,1.0,-880.0,-1.0,1
2026-08-07,140000.0,153150.91427714287,3945.2742831428623,-730.0,-55737288.87212761,98291600.0,0.0,1.0,-730.0,-1.0,1
2026-08-10,146360.0,153475.77009716164,2134.731029148493,3180.0,-59869569.27948765,98349200.0,0.0,1.0,3180.0,-1.0,1
2026-08-11,145860.0,153450.2311176004,2277.06933528012,-250.0,-46675283.670157105,118369200.0,0.0,1.0,-250.0,-1.0,1
2026-08-12,149700.0,153646.3704806306,1183.9111441891814,1920.0,-48020685.67223181,118052400.0,0.0,1.0,1920.0,-1.0,1
2026-08-13,152120.0,153769.97914170695,494.99374251208496,1210.0,-37402152.07066443,117663400.0,0.0,1.0,1210.0,-1.0,1
2026-08-14,155240.0,153929.34237416898,-393.197287749307,1560.0,-38795587.36940187,117663400.0,0.0,1.0,1560.0,-1.0,1
2026-08-17,153500.0,153840.46672529593,102.14001758878003,-870.0,-37816735.21323673,121375400.0,0.0,1.0,-870.0,-1.0,1
2026-08-18,155400.0,153937.51484762857,-438.74554571142943,950.0,-16574853.437964434,103420400.0,0.0,1.0,950.0,-1.0,1
2026-08-19,150660.0,153695.40532138816,910.6215964164468,-2370.0,-12797799.045449978,102626200.0,0.0,1.0,-2370.0,-1.0,1
2026-08-20,152160.0,153772.02226007186,483.60667802155655,750.0,-18823606.009035595,112448800.0,0.0,1.0,750.0,-1.0,1
2026-08-21,158680.0,154105.05055355022,-1372.484833934935,3260.0,-21769793.85421574,112128800.0,0.0,1.0,3260.0,-1.0,1
2026-08-24,158860.0,154114.24458619225,-1423.726624142326,90.0,-29167653.897932306,133124800.0,0.0,1.0,90.0,-1.0,1
2026-08-25,150280.0,153675.99569692163,1018.7987090764886,-4290.0,-34168366.7943456,128819200.0,0.0,1.0,-4290.0,-1.0,1
2026-08-26,152160.0,153772.02226007186,483.60667802155655,940.0,-34099499.89524568,158633600.0,0.0,1.0,940.0,-1.0,1
2026-08-27,152020.0,153764.8713457947,523.4614037384105,-70.0,-38238315.17168125,150632600.0,0.0,1.0,-70.0,-1.0,1
2026-08-28,159600.0,154152.04227594286,-1634.3873172171413,3790.0,-13389942.981061075,127249600.0,0.0,1.0,3790.0,-1.0,1
2026-08-31,161000.0,154223.55141871428,-2032.9345743857148,700.0,-10654864.193345506,150532800.0,0.0,1.0,700.0,-1.0,1
2026-09-01,157860.0,154063.1666270698,-1139.050011879063,-1570.0,-18355569.7520465,150863000.0,0.0,1.0,-1570.0,-1.0,1
2026-09-02,154780.0,153905.84651297267,-262.2460461081995,-1540.0,-16757404.13046436,155677600.0,0.0,1.0,-1540.0,-1.0,1
2026-09-03,149880.0,153655.56451327266,1132.669353981799,-2450.0,-27579570.18040686,153048000.0,0.0,1.0,-2450.0,-1.0,1
2026-09-04,141940.0,153250.0055178404,3393.001655352124,-3970.0,-26917472.299457926,163504200.0,0.0,1.0,-3970.0,-1.0,1
2026-09-07,142200.0,153263.28578721223,3318.9857361636678,130.0,-48097804.989565216,193960200.0,0.0,1.0,130.0,-1.0,1
