date,position,close,price_ret,strat_ret,cost_ret,net_ret,equity
2024-02-01,0.0,99600.0,0.0,0.0,0.0,0.0,1.0
2024-02-02,0.0,100150.0,0.005522,0.0,0.0,0.0,1.0
2024-02-05,0.0,100450.0,0.002996,0.0,0.0,0.0,1.0
2024-02-06,0.0,97150.0,-0.032852,-0.0,0.0,-0.0,1.0
2024-02-07,0.0,97650.0,0.005147,0.0,0.0,0.0,1.0
2024-02-08,0.0,96300.0,-0.013825,-0.0,0.0,-0.0,1.0
2024-02-19,0.0,94750.0,-0.016096,-0.0,0.0,-0.0,1.0
2024-02-20,0.0,92800.0,-0.02058,-0.0,0.0,-0.0,1.0
2024-02-21,0.0,96900.0,0.044181,0.0,0.0,0.0,1.0
2024-02-22,0.0,97650.0,0.00774,0.0,0.0,0.0,1.0
2024-02-23,1.0,101800.0,0.042499,0.042499,0.003,0.039499,1.039499
2024-02-26,1.0,102300.0,0.004912,0.004912,0.0,0.004912,1.044604
2024-02-27,1.0,106650.0,0.042522,0.042522,0.0,0.042522,1.089023
2024-02-28,1.0,108000.0,0.012658,0.012658,0.0,0.012658,1.102808
2024-02-29,0.5,119200.0,0.103704,0.051852,0.0015,0.050352,1.158337
2024-03-01,1.0,119450.0,0.002097,0.002097,0.0015,0.000597,1.159028
2024-03-04,1.0,117600.0,-0.015488,-0.015488,0.0,-0.015488,1.141078
2024-03-05,0.5,111550.0,-0.051446,-0.025723,0.0015,-0.027223,1.110014
2024-03-06,0.5,114000.0,0.021963,0.010982,0.0,0.010982,1.122204
2024-03-07,1.0,113000.0,-0.008772,-0.008772,0.0015,-0.010272,1.110677
2024-03-08,1.0,113350.0,0.003097,0.003097,0.0,0.003097,1.114117
2024-03-11,1.0,116400.0,0.026908,0.026908,0.0,0.026908,1.144096
2024-03-12,1.0,119850.0,0.029639,0.029639,0.0,0.029639,1.178006
2024-03-13,1.0,118800.0,-0.008761,-0.008761,0.0,-0.008761,1.167685
2024-03-14,0.5,112100.0,-0.056397,-0.028199,0.0015,-0.029699,1.133007
2024-03-15,0.5,115050.0,0.026316,0.013158,0.0,0.013158,1.147915
2024-03-18,0.5,116900.0,0.01608,0.00804,0.0,0.00804,1.157144
2024-03-19,0.5,114950.0,-0.016681,-0.00834,0.0,-0.00834,1.147493
2024-03-20,1.0,117200.0,0.019574,0.019574,0.0015,0.018074,1.168232
2024-03-21,1.0,117350.0,0.00128,0.00128,0.0,0.00128,1.169727
2024-03-22,1.0,114350.0,-0.025565,-0.025565,0.0,-0.025565,1.139824
2024-03-25,0.5,107400.0,-0.060778,-0.030389,0.0015,-0.031889,1.103476
2024-03-26,0.35,108400.0,0.009311,0.003259,0.00045,0.002809,1.106575
2024-03-27,0.35,108400.0,0.0,0.0,0.0,0.0,1.106575
2024-03-28,0.48999999999999994,108500.0,0.000923,0.000452,0.00042,3.2e-05,1.106611
2024-03-29,0.48999999999999994,107050.0,-0.013364,-0.006548,0.0,-0.006548,1.099364
2024-04-01,0.7,112600.0,0.051845,0.036291,0.00063,0.035661,1.138569
2024-04-02,1.0,111000.0,-0.01421,-0.01421,0.0009,-0.01511,1.121366
2024-04-03,0.7,111800.0,0.007207,0.005045,0.0009,0.004145,1.126014
2024-04-08,0.7,113500.0,0.015206,0.010644,0.0,0.010644,1.137999
2024-04-09,0.7,114150.0,0.005727,0.004009,0.0,0.004009,1.142561
2024-04-10,0.7,115950.0,0.015769,0.011038,0.0,0.011038,1.155173
2024-04-11,0.7,112500.0,-0.029754,-0.020828,0.0,-0.020828,1.131113
2024-04-12,0.0,112200.0,-0.002667,-0.0,0.0021,-0.0021,1.128738
2024-04-15,0.0,111750.0,-0.004011,-0.0,0.0,-0.0,1.128738
2024-04-16,0.0,108150.0,-0.032215,-0.0,0.0,-0.0,1.128738
2024-04-17,0.0,109400.0,0.011558,0.0,0.0,0.0,1.128738
2024-04-18,0.0,108400.0,-0.009141,-0.0,0.0,-0.0,1.128738
2024-04-19,0.0,107700.0,-0.006458,-0.0,0.0,-0.0,1.128738
2024-04-22,0.0,108550.0,0.007892,0.0,0.0,0.0,1.128738
2024-04-23,0.0,109150.0,0.005527,0.0,0.0,0.0,1.128738
2024-04-24,0.0,110400.0,0.011452,0.0,0.0,0.0,1.128738
2024-04-25,0.0,109600.0,-0.007246,-0.0,0.0,-0.0,1.128738
2024-04-26,0.0,109900.0,0.002737,0.0,0.0,0.0,1.128738
2024-04-29,-0.7,115900.0,0.054595,-0.038217,0.0021,-0.040317,1.083231
2024-04-30,-0.48999999999999994,111450.0,-0.038395,0.018814,0.00063,0.018184,1.102928
2024-05-06,-0.48999999999999994,112400.0,0.008524,-0.004177,0.0,-0.004177,1.098321
2024-05-07,-0.48999999999999994,113900.0,0.013345,-0.006539,0.0,-0.006539,1.091139
2024-05-08,-0.48999999999999994,112050.0,-0.016242,0.007959,0.0,0.007959,1.099823
2024-05-09,0.0,111700.0,-0.003124,-0.0,0.00147,-0.00147,1.098206
2024-05-10,0.0,108350.0,-0.029991,-0.0,0.0,-0.0,1.098206
2024-05-13,0.0,107100.0,-0.011537,-0.0,0.0,-0.0,1.098206
2024-05-14,0.0,105000.0,-0.019608,-0.0,0.0,-0.0,1.098206
2024-05-15,0.0,103000.0,-0.019048,-0.0,0.0,-0.0,1.098206
2024-05-16,0.48999999999999994,104000.0,0.009709,0.004757,0.00147,0.003287,1.101817
2024-05-17,0.48999999999999994,106450.0,0.023558,0.011543,0.0,0.011543,1.114535
2024-05-20,0.48999999999999994,106000.0,-0.004227,-0.002071,0.0,-0.002071,1.112227
2024-05-21,0.48999999999999994,106700.0,0.006604,0.003236,0.0,0.003236,1.115826
2024-05-22,0.48999999999999994,106400.0,-0.002812,-0.001378,0.0,-0.001378,1.114288
2024-05-23,0.48999999999999994,106150.0,-0.00235,-0.001151,0.0,-0.001151,1.113005
2024-05-24,0.48999999999999994,107600.0,0.01366,0.006693,0.0,0.006693,1.120455
2024-05-27,0.0,106200.0,-0.013011,-0.0,0.00147,-0.00147,1.118808
2024-05-28,0.0,105000.0,-0.011299,-0.0,0.0,-0.0,1.118808
2024-05-29,0.0,105200.0,0.001905,0.0,0.0,0.0,1.118808
2024-05-30,0.0,106000.0,0.007605,0.0,0.0,0.0,1.118808
2024-05-31,0.0,104850.0,-0.010849,-0.0,0.0,-0.0,1.118808
2024-06-03,0.0,102700.0,-0.020505,-0.0,0.0,-0.0,1.118808
2024-06-04,0.0,101850.0,-0.008277,-0.0,0.0,-0.0,1.118808
2024-06-05,0.0,99800.0,-0.020128,-0.0,0.0,-0.0,1.118808
2024-06-06,0.0,101150.0,0.013527,0.0,0.0,0.0,1.118808
2024-06-07,0.0,100050.0,-0.010875,-0.0,0.0,-0.0,1.118808
2024-06-11,0.0,97000.0,-0.030485,-0.0,0.0,-0.0,1.118808
2024-06-12,0.0,98450.0,0.014948,0.0,0.0,0.0,1.118808
2024-06-13,0.0,97800.0,-0.006602,-0.0,0.0,-0.0,1.118808
2024-06-14,0.0,96900.0,-0.009202,-0.0,0.0,-0.0,1.118808
2024-06-17,0.0,95800.0,-0.011352,-0.0,0.0,-0.0,1.118808
2024-06-18,0.0,92800.0,-0.031315,-0.0,0.0,-0.0,1.118808
2024-06-19,0.0,94000.0,0.012931,0.0,0.0,0.0,1.118808
2024-06-20,0.0,94400.0,0.004255,0.0,0.0,0.0,1.118808
2024-06-21,0.0,91900.0,-0.026483,-0.0,0.0,-0.0,1.118808
2024-06-24,0.0,88550.0,-0.036453,-0.0,0.0,-0.0,1.118808
2024-06-25,0.0,90250.0,0.019198,0.0,0.0,0.0,1.118808
2024-06-26,0.0,92550.0,0.025485,0.0,0.0,0.0,1.118808
2024-06-27,0.0,94600.0,0.02215,0.0,0.0,0.0,1.118808
2024-06-28,0.0,94500.0,-0.001057,-0.0,0.0,-0.0,1.118808
2024-07-01,0.0,95650.0,0.012169,0.0,0.0,0.0,1.118808
2024-07-02,0.0,94050.0,-0.016728,-0.0,0.0,-0.0,1.118808
2024-07-03,0.0,94550.0,0.005316,0.0,0.0,0.0,1.118808
2024-07-04,0.0,93950.0,-0.006346,-0.0,0.0,-0.0,1.118808
2024-07-05,0.0,93900.0,-0.000532,-0.0,0.0,-0.0,1.118808
2024-07-08,0.0,93650.0,-0.002662,-0.0,0.0,-0.0,1.118808
2024-07-09,0.0,94150.0,0.005339,0.0,0.0,0.0,1.118808
2024-07-10,0.0,91800.0,-0.02496,-0.0,0.0,-0.0,1.118808
2024-07-11,0.0,92500.0,0.007625,0.0,0.0,0.0,1.118808
2024-07-12,0.0,91350.0,-0.012432,-0.0,0.0,-0.0,1.118808
2024-07-15,0.0,87950.0,-0.037219,-0.0,0.0,-0.0,1.118808
2024-07-16,0.0,88800.0,0.009665,0.0,0.0,0.0,1.118808
2024-07-17,0.0,86850.0,-0.021959,-0.0,0.0,-0.0,1.118808
2024-07-18,0.0,87950.0,0.012666,0.0,0.0,0.0,1.118808
2024-07-19,0.0,89800.0,0.021035,0.0,0.0,0.0,1.118808
2024-07-22,0.0,88950.0,-0.009465,-0.0,0.0,-0.0,1.118808
2024-07-23,0.0,87900.0,-0.011804,-0.0,0.0,-0.0,1.118808
2024-07-24,0.0,86900.0,-0.011377,-0.0,0.0,-0.0,1.118808
2024-07-25,0.0,87050.0,0.001726,0.0,0.0,0.0,1.118808
2024-07-26,0.0,85850.0,-0.013785,-0.0,0.0,-0.0,1.118808
2024-07-29,0.0,83400.0,-0.028538,-0.0,0.0,-0.0,1.118808
2024-07-30,0.0,81150.0,-0.026978,-0.0,0.0,-0.0,1.118808
2024-07-31,0.0,82700.0,0.0191,0.0,0.0,0.0,1.118808
2024-08-01,0.0,80850.0,-0.02237,-0.0,0.0,-0.0,1.118808
2024-08-02,0.0,81000.0,0.001855,0.0,0.0,0.0,1.118808
2024-08-05,0.0,81500.0,0.006173,0.0,0.0,0.0,1.118808
2024-08-06,0.0,81250.0,-0.003067,-0.0,0.0,-0.0,1.118808
2024-08-07,0.0,80300.0,-0.011692,-0.0,0.0,-0.0,1.118808
2024-08-08,0.0,78500.0,-0.022416,-0.0,0.0,-0.0,1.118808
2024-08-09,0.0,77550.0,-0.012102,-0.0,0.0,-0.0,1.118808
2024-08-12,0.0,76000.0,-0.019987,-0.0,0.0,-0.0,1.118808
2024-08-13,0.0,77000.0,0.013158,0.0,0.0,0.0,1.118808
2024-08-14,-0.6,73450.0,-0.046104,0.027662,0.0018,0.025862,1.147743
2024-08-15,-0.6,72400.0,-0.014295,0.008577,0.0,0.008577,1.157588
2024-08-16,0.0,72950.0,0.007597,0.0,0.0018,-0.0018,1.155504
2024-08-19,0.0,73400.0,0.006169,0.0,0.0,0.0,1.155504
2024-08-20,0.0,75000.0,0.021798,0.0,0.0,0.0,1.155504
2024-08-21,0.0,77900.0,0.038667,0.0,0.0,0.0,1.155504
2024-08-22,0.0,75450.0,-0.031451,-0.0,0.0,-0.0,1.155504
2024-08-23,0.0,73350.0,-0.027833,-0.0,0.0,-0.0,1.155504
2024-08-26,0.0,74350.0,0.013633,0.0,0.0,0.0,1.155504
2024-08-27,0.0,76150.0,0.02421,0.0,0.0,0.0,1.155504
2024-08-28,0.0,75750.0,-0.005253,-0.0,0.0,-0.0,1.155504
2024-08-29,0.0,76850.0,0.014521,0.0,0.0,0.0,1.155504
2024-08-30,0.0,78900.0,0.026675,0.0,0.0,0.0,1.155504
2024-09-02,-1.0,75200.0,-0.046895,0.046895,0.003,0.043895,1.206224
2024-09-03,-1.0,74900.0,-0.003989,0.003989,0.0,0.003989,1.211037
2024-09-04,0.0,73600.0,-0.017356,-0.0,0.003,-0.003,1.207403
2024-09-05,-0.6,70750.0,-0.038723,0.023234,0.0018,0.021434,1.233283
2024-09-06,-0.6,71200.0,0.00636,-0.003816,0.0,-0.003816,1.228576
2024-09-09,0.0,73150.0,0.027388,0.0,0.0018,-0.0018,1.226365
2024-09-10,0.0,72150.0,-0.013671,-0.0,0.0,-0.0,1.226365
2024-09-11,1.0,78450.0,0.087318,0.087318,0.003,0.084318,1.329769
2024-09-12,1.0,76950.0,-0.01912,-0.01912,0.0,-0.01912,1.304344
2024-09-13,0.0,77550.0,0.007797,0.0,0.003,-0.003,1.30043
2024-09-18,0.0,75300.0,-0.029014,-0.0,0.0,-0.0,1.30043
2024-09-19,0.0,75700.0,0.005312,0.0,0.0,0.0,1.30043
2024-09-20,0.0,75300.0,-0.005284,-0.0,0.0,-0.0,1.30043
2024-09-23,0.0,74850.0,-0.005976,-0.0,0.0,-0.0,1.30043
2024-09-24,0.6,76800.0,0.026052,0.015631,0.0018,0.013831,1.318417
2024-09-25,0.6,76250.0,-0.007161,-0.004297,0.0,-0.004297,1.312752
2024-09-26,0.0,77050.0,0.010492,0.0,0.0018,-0.0018,1.310389
2024-09-27,0.0,76950.0,-0.001298,-0.0,0.0,-0.0,1.310389
2024-09-30,1.0,79750.0,0.036387,0.036387,0.003,0.033387,1.354139
2024-10-08,1.0,76650.0,-0.038871,-0.038871,0.0,-0.038871,1.301502
2024-10-09,0.0,76400.0,-0.003262,-0.0,0.003,-0.003,1.297597
2024-10-10,0.0,73700.0,-0.03534,-0.0,0.0,-0.0,1.297597
2024-10-11,0.0,73900.0,0.002714,0.0,0.0,0.0,1.297597
2024-10-14,0.0,73100.0,-0.010825,-0.0,0.0,-0.0,1.297597
2024-10-15,0.0,73400.0,0.004104,0.0,0.0,0.0,1.297597
2024-10-16,0.0,71150.0,-0.030654,-0.0,0.0,-0.0,1.297597
2024-10-17,0.0,68600.0,-0.03584,-0.0,0.0,-0.0,1.297597
2024-10-18,0.0,70650.0,0.029883,0.0,0.0,0.0,1.297597
2024-10-21,0.0,72450.0,0.025478,0.0,0.0,0.0,1.297597
2024-10-22,0.0,73750.0,0.017943,0.0,0.0,0.0,1.297597
2024-10-23,0.0,75250.0,0.020339,0.0,0.0,0.0,1.297597
2024-10-24,0.0,74200.0,-0.013953,-0.0,0.0,-0.0,1.297597
2024-10-25,0.0,74700.0,0.006739,0.0,0.0,0.0,1.297597
2024-10-28,0.0,76600.0,0.025435,0.0,0.0,0.0,1.297597
2024-10-29,0.0,74900.0,-0.022193,-0.0,0.0,-0.0,1.297597
2024-10-30,0.0,73850.0,-0.014019,-0.0,0.0,-0.0,1.297597
2024-10-31,0.0,74850.0,0.013541,0.0,0.0,0.0,1.297597
2024-11-01,0.0,76500.0,0.022044,0.0,0.0,0.0,1.297597
2024-11-04,0.0,77250.0,0.009804,0.0,0.0,0.0,1.297597
2024-11-05,0.0,77350.0,0.001294,0.0,0.0,0.0,1.297597
2024-11-06,0.0,75900.0,-0.018746,-0.0,0.0,-0.0,1.297597
2024-11-07,0.0,76850.0,0.012516,0.0,0.0,0.0,1.297597
2024-11-08,0.0,76400.0,-0.005856,-0.0,0.0,-0.0,1.297597
2024-11-11,1.0,80950.0,0.059555,0.059555,0.003,0.056555,1.370983
2024-11-12,1.0,81150.0,0.002471,0.002471,0.0,0.002471,1.37437
2024-11-13,1.0,86500.0,0.065927,0.065927,0.0,0.065927,1.464979
2024-11-14,1.0,81000.0,-0.063584,-0.063584,0.0,-0.063584,1.37183
2024-11-15,0.0,78300.0,-0.033333,-0.0,0.003,-0.003,1.367714
2024-11-18,0.42,80950.0,0.033844,0.014215,0.00126,0.012955,1.385433
2024-11-19,0.42,82650.0,0.021001,0.00882,0.0,0.00882,1.397652
2024-11-20,0.6,82700.0,0.000605,0.000363,0.00054,-0.000177,1.397405
2024-11-21,0.0,81950.0,-0.009069,-0.0,0.0018,-0.0018,1.39489
2024-11-22,0.0,79500.0,-0.029896,-0.0,0.0,-0.0,1.39489
2024-11-25,0.0,80350.0,0.010692,0.0,0.0,0.0,1.39489
2024-11-26,0.0,78650.0,-0.021157,-0.0,0.0,-0.0,1.39489
2024-11-27,0.0,78500.0,-0.001907,-0.0,0.0,-0.0,1.39489
2024-11-28,0.0,78500.0,0.0,0.0,0.0,0.0,1.39489
2024-11-29,0.0,78550.0,0.000637,0.0,0.0,0.0,1.39489
2024-12-02,0.0,78300.0,-0.003183,-0.0,0.0,-0.0,1.39489
2024-12-03,0.0,78000.0,-0.003831,-0.0,0.0,-0.0,1.39489
2024-12-04,0.0,76300.0,-0.021795,-0.0,0.0,-0.0,1.39489
2024-12-05,0.0,76500.0,0.002621,0.0,0.0,0.0,1.39489
2024-12-06,0.0,76650.0,0.001961,0.0,0.0,0.0,1.39489
2024-12-09,0.0,76800.0,0.001957,0.0,0.0,0.0,1.39489
2024-12-10,0.0,76600.0,-0.002604,-0.0,0.0,-0.0,1.39489
2024-12-11,0.0,76650.0,0.000653,0.0,0.0,0.0,1.39489
2024-12-12,0.0,77050.0,0.005219,0.0,0.0,0.0,1.39489
2024-12-13,0.0,75800.0,-0.016223,-0.0,0.0,-0.0,1.39489
2024-12-16,0.0,76000.0,0.002639,0.0,0.0,0.0,1.39489
2024-12-17,0.0,75200.0,-0.010526,-0.0,0.0,-0.0,1.39489
2024-12-18,0.0,74360.0,-0.01117,-0.0,0.0,-0.0,1.39489
2024-12-19,0.0,73920.0,-0.005917,-0.0,0.0,-0.0,1.39489
2024-12-20,1.0,77880.0,0.053571,0.053571,0.003,0.050571,1.465431
2024-12-23,1.0,77180.0,-0.008988,-0.008988,0.0,-0.008988,1.45226
2024-12-24,0.0,78200.0,0.013216,0.0,0.003,-0.003,1.447903
2024-12-25,0.0,77500.0,-0.008951,-0.0,0.0,-0.0,1.447903
2024-12-26,0.0,77520.0,0.000258,0.0,0.0,0.0,1.447903
2024-12-27,0.0,76500.0,-0.013158,-0.0,0.0,-0.0,1.447903
2024-12-30,0.6,78320.0,0.023791,0.014275,0.0018,0.012475,1.465965
2024-12-31,0.6,77100.0,-0.015577,-0.009346,0.0,-0.009346,1.452263
2025-01-02,0.0,77800.0,0.009079,0.0,0.0018,-0.0018,1.449649
2025-01-03,0.0,76380.0,-0.018252,-0.0,0.0,-0.0,1.449649
2025-01-06,0.0,77660.0,0.016758,0.0,0.0,0.0,1.449649
2025-01-07,0.0,78820.0,0.014937,0.0,0.0,0.0,1.449649
2025-01-08,0.0,77180.0,-0.020807,-0.0,0.0,-0.0,1.449649
2025-01-09,0.0,78240.0,0.013734,0.0,0.0,0.0,1.449649
2025-01-10,0.0,77920.0,-0.00409,-0.0,0.0,-0.0,1.449649
2025-01-13,0.0,78760.0,0.01078,0.0,0.0,0.0,1.449649
2025-01-14,0.0,79100.0,0.004317,0.0,0.0,0.0,1.449649
2025-01-15,0.0,80260.0,0.014665,0.0,0.0,0.0,1.449649
2025-01-16,0.0,79860.0,-0.004984,-0.0,0.0,-0.0,1.449649
2025-01-17,0.0,80740.0,0.011019,0.0,0.0,0.0,1.449649
2025-01-20,0.0,80720.0,-0.000248,-0.0,0.0,-0.0,1.449649
2025-01-21,0.0,78520.0,-0.027255,-0.0,0.0,-0.0,1.449649
2025-01-22,0.0,79200.0,0.00866,0.0,0.0,0.0,1.449649
2025-01-23,0.0,79580.0,0.004798,0.0,0.0,0.0,1.449649
2025-01-24,0.0,79580.0,0.0,0.0,0.0,0.0,1.449649
2025-01-27,0.0,79620.0,0.000503,0.0,0.0,0.0,1.449649
2025-02-05,0.0,78120.0,-0.018839,-0.0,0.0,-0.0,1.449649
2025-02-06,0.0,77500.0,-0.007937,-0.0,0.0,-0.0,1.449649
2025-02-07,0.0,77800.0,0.003871,0.0,0.0,0.0,1.449649
2025-02-10,0.0,78600.0,0.010283,0.0,0.0,0.0,1.449649
2025-02-11,0.0,77300.0,-0.016539,-0.0,0.0,-0.0,1.449649
2025-02-12,0.0,77500.0,0.002587,0.0,0.0,0.0,1.449649
2025-02-13,0.0,77300.0,-0.002581,-0.0,0.0,-0.0,1.449649
2025-02-14,0.0,76780.0,-0.006727,-0.0,0.0,-0.0,1.449649
2025-02-17,0.0,77160.0,0.004949,0.0,0.0,0.0,1.449649
2025-02-18,0.0,77060.0,-0.001296,-0.0,0.0,-0.0,1.449649
2025-02-19,0.0,77300.0,0.003114,0.0,0.0,0.0,1.449649
2025-02-20,0.0,77180.0,-0.001552,-0.0,0.0,-0.0,1.449649
2025-02-21,0.0,76620.0,-0.007256,-0.0,0.0,-0.0,1.449649
2025-02-24,0.0,76720.0,0.001305,0.0,0.0,0.0,1.449649
2025-02-25,0.0,76640.0,-0.001043,-0.0,0.0,-0.0,1.449649
2025-02-26,0.0,76000.0,-0.008351,-0.0,0.0,-0.0,1.449649
2025-02-27,0.0,76140.0,0.001842,0.0,0.0,0.0,1.449649
2025-02-28,0.0,75200.0,-0.012346,-0.0,0.0,-0.0,1.449649
2025-03-03,0.0,75400.0,0.00266,0.0,0.0,0.0,1.449649
2025-03-04,0.0,75260.0,-0.001857,-0.0,0.0,-0.0,1.449649
2025-03-05,0.0,75340.0,0.001063,0.0,0.0,0.0,1.449649
2025-03-06,0.0,76800.0,0.019379,0.0,0.0,0.0,1.449649
2025-03-07,0.0,76120.0,-0.008854,-0.0,0.0,-0.0,1.449649
2025-03-10,0.0,75760.0,-0.004729,-0.0,0.0,-0.0,1.449649
2025-03-11,0.0,75960.0,0.00264,0.0,0.0,0.0,1.449649
2025-03-12,0.0,75600.0,-0.004739,-0.0,0.0,-0.0,1.449649
2025-03-13,0.0,75340.0,-0.003439,-0.0,0.0,-0.0,1.449649
2025-03-14,0.0,75540.0,0.002655,0.0,0.0,0.0,1.449649
2025-03-17,0.0,76240.0,0.009267,0.0,0.0,0.0,1.449649
2025-03-18,0.0,75400.0,-0.011018,-0.0,0.0,-0.0,1.449649
2025-03-19,0.0,75200.0,-0.002653,-0.0,0.0,-0.0,1.449649
2025-03-20,0.0,73260.0,-0.025798,-0.0,0.0,-0.0,1.449649
2025-03-21,0.0,73240.0,-0.000273,-0.0,0.0,-0.0,1.449649
2025-03-24,0.0,73720.0,0.006554,0.0,0.0,0.0,1.449649
2025-03-25,0.0,73800.0,0.001085,0.0,0.0,0.0,1.449649
2025-03-26,0.0,74480.0,0.009214,0.0,0.0,0.0,1.449649
2025-03-27,0.0,74380.0,-0.001343,-0.0,0.0,-0.0,1.449649
2025-03-28,0.0,74000.0,-0.005109,-0.0,0.0,-0.0,1.449649
2025-03-31,0.0,74160.0,0.002162,0.0,0.0,0.0,1.449649
2025-04-01,0.0,74360.0,0.002697,0.0,0.0,0.0,1.449649
2025-04-02,0.0,73340.0,-0.013717,-0.0,0.0,-0.0,1.449649
2025-04-03,0.0,73160.0,-0.002454,-0.0,0.0,-0.0,1.449649
2025-04-07,0.0,71060.0,-0.028704,-0.0,0.0,-0.0,1.449649
2025-04-08,0.0,70280.0,-0.010977,-0.0,0.0,-0.0,1.449649
2025-04-09,0.0,69900.0,-0.005407,-0.0,0.0,-0.0,1.449649
2025-04-10,0.0,70540.0,0.009156,0.0,0.0,0.0,1.449649
2025-04-11,0.0,70260.0,-0.003969,-0.0,0.0,-0.0,1.449649
2025-04-14,0.0,70760.0,0.007116,0.0,0.0,0.0,1.449649
2025-04-15,0.0,70720.0,-0.000565,-0.0,0.0,-0.0,1.449649
2025-04-16,0.0,70380.0,-0.004808,-0.0,0.0,-0.0,1.449649
2025-04-17,0.0,70460.0,0.001137,0.0,0.0,0.0,1.449649
2025-04-18,0.0,70180.0,-0.003974,-0.0,0.0,-0.0,1.449649
2025-04-21,0.0,69000.0,-0.016814,-0.0,0.0,-0.0,1.449649
2025-04-22,0.0,67840.0,-0.016812,-0.0,0.0,-0.0,1.449649
2025-04-23,0.0,68980.0,0.016804,0.0,0.0,0.0,1.449649
2025-04-24,0.0,68300.0,-0.009858,-0.0,0.0,-0.0,1.449649
2025-04-25,0.0,68180.0,-0.001757,-0.0,0.0,-0.0,1.449649
2025-04-28,0.0,66960.0,-0.017894,-0.0,0.0,-0.0,1.449649
2025-04-29,0.0,66260.0,-0.010454,-0.0,0.0,-0.0,1.449649
2025-04-30,0.0,65960.0,-0.004528,-0.0,0.0,-0.0,1.449649
2025-05-06,0.0,65260.0,-0.010612,-0.0,0.0,-0.0,1.449649
2025-05-07,0.0,64160.0,-0.016856,-0.0,0.0,-0.0,1.449649
2025-05-08,0.0,64280.0,0.00187,0.0,0.0,0.0,1.449649
2025-05-09,0.0,63020.0,-0.019602,-0.0,0.0,-0.0,1.449649
2025-05-12,0.0,64040.0,0.016185,0.0,0.0,0.0,1.449649
2025-05-13,0.0,63220.0,-0.012804,-0.0,0.0,-0.0,1.449649
2025-05-14,0.0,65200.0,0.031319,0.0,0.0,0.0,1.449649
2025-05-15,0.0,64120.0,-0.016564,-0.0,0.0,-0.0,1.449649
2025-05-16,-1.0,61800.0,-0.036182,0.036182,0.003,0.033182,1.497752
2025-05-19,0.0,61180.0,-0.010032,-0.0,0.003,-0.003,1.493259
2025-05-20,0.0,60860.0,-0.00523,-0.0,0.0,-0.0,1.493259
2025-05-21,0.0,61100.0,0.003943,0.0,0.0,0.0,1.493259
2025-05-22,0.0,62140.0,0.017021,0.0,0.0,0.0,1.493259
2025-05-23,0.0,60960.0,-0.018989,-0.0,0.0,-0.0,1.493259
2025-05-26,0.0,60100.0,-0.014108,-0.0,0.0,-0.0,1.493259
2025-05-27,0.0,60920.0,0.013644,0.0,0.0,0.0,1.493259
2025-05-28,0.0,60380.0,-0.008864,-0.0,0.0,-0.0,1.493259
2025-05-29,1.0,58860.0,-0.025174,-0.025174,0.003,-0.028174,1.451188
2025-05-30,1.0,59800.0,0.01597,0.01597,0.0,0.01597,1.474363
2025-06-03,1.0,59940.0,0.002341,0.002341,0.0,0.002341,1.477815
2025-06-04,1.0,61080.0,0.019019,0.019019,0.0,0.019019,1.505922
2025-06-05,1.0,60100.0,-0.016045,-0.016045,0.0,-0.016045,1.48176
2025-06-06,1.0,60440.0,0.005657,0.005657,0.0,0.005657,1.490142
2025-06-09,1.0,60700.0,0.004302,0.004302,0.0,0.004302,1.496553
2025-06-10,1.0,60760.0,0.000988,0.000988,0.0,0.000988,1.498032
2025-06-11,1.0,61740.0,0.016129,0.016129,0.0,0.016129,1.522194
2025-06-12,1.0,60480.0,-0.020408,-0.020408,0.0,-0.020408,1.491129
2025-06-13,1.0,59800.0,-0.011243,-0.011243,0.0,-0.011243,1.474363
2025-06-16,1.0,59780.0,-0.000334,-0.000334,0.0,-0.000334,1.47387
2025-06-17,1.0,59860.0,0.001338,0.001338,0.0,0.001338,1.475843
2025-06-18,1.0,59880.0,0.000334,0.000334,0.0,0.000334,1.476336
2025-06-19,1.0,60060.0,0.003006,0.003006,0.0,0.003006,1.480774
2025-06-20,1.0,58900.0,-0.019314,-0.019314,0.0,-0.019314,1.452174
2025-06-23,1.0,59120.0,0.003735,0.003735,0.0,0.003735,1.457598
2025-06-24,1.0,60700.0,0.026725,0.026725,0.0,0.026725,1.496553
2025-06-25,1.0,60880.0,0.002965,0.002965,0.0,0.002965,1.500991
2025-06-26,0.7,61500.0,0.010184,0.007129,0.0009,0.006229,1.51034
2025-06-27,1.0,63300.0,0.029268,0.029268,0.0009,0.028368,1.553186
2025-06-30,1.0,62260.0,-0.01643,-0.01643,0.0,-0.01643,1.527667
2025-07-01,0.7,62780.0,0.008352,0.005846,0.0009,0.004946,1.535224
2025-07-02,0.7,63960.0,0.018796,0.013157,0.0,0.013157,1.555423
2025-07-03,0.7,64080.0,0.001876,0.001313,0.0,0.001313,1.557466
2025-07-04,0.7,63280.0,-0.012484,-0.008739,0.0,-0.008739,1.543855
2025-07-07,0.7,63660.0,0.006005,0.004204,0.0,0.004204,1.550344
2025-07-08,0.7,63880.0,0.003456,0.002419,0.0,0.002419,1.554095
2025-07-09,0.7,64400.0,0.00814,0.005698,0.0,0.005698,1.56295
2025-07-10,0.7,64180.0,-0.003416,-0.002391,0.0,-0.002391,1.559213
2025-07-11,0.7,64280.0,0.001558,0.001091,0.0,0.001091,1.560914
2025-07-14,0.7,66480.0,0.034225,0.023958,0.0,0.023958,1.598309
2025-07-15,0.0,66660.0,0.002708,0.0,0.0021,-0.0021,1.594953
2025-07-16,0.0,66420.0,-0.0036,-0.0,0.0,-0.0,1.594953
2025-07-17,1.0,67960.0,0.023186,0.023186,0.003,0.020186,1.627148
2025-07-18,1.0,69960.0,0.029429,0.029429,0.0,0.029429,1.675034
2025-07-21,1.0,71280.0,0.018868,0.018868,0.0,0.018868,1.706638
2025-07-22,1.0,72880.0,0.022447,0.022447,0.0,0.022447,1.744947
2025-07-23,-1.0,69380.0,-0.048024,0.048024,0.006,0.042024,1.818277
2025-07-24,-1.0,76680.0,0.105218,-0.105218,0.0,-0.105218,1.626962
2025-07-25,0.7,80520.0,0.050078,0.035055,0.0051,0.029955,1.675697
2025-07-28,0.35,73120.0,-0.091903,-0.032166,0.00105,-0.033216,1.620037
2025-07-29,0.0,70840.0,-0.031182,-0.0,0.00105,-0.00105,1.618336
2025-07-30,0.0,70600.0,-0.003388,-0.0,0.0,-0.0,1.618336
2025-07-31,-0.21,68280.0,-0.032861,0.006901,0.00063,0.006271,1.628485
2025-08-01,-0.21,68920.0,0.009373,-0.001968,0.0,-0.001968,1.625279
2025-08-04,0.0,68920.0,0.0,0.0,0.00063,-0.00063,1.624255
2025-08-05,0.0,67840.0,-0.01567,-0.0,0.0,-0.0,1.624255
2025-08-06,0.21,69620.0,0.026238,0.00551,0.00063,0.00488,1.632182
2025-08-07,-0.03499999999999999,72300.0,0.038495,-0.001347,0.000735,-0.002082,1.628783
2025-08-08,-0.03499999999999999,76960.0,0.064454,-0.002256,0.0,-0.002256,1.625108
2025-08-11,-0.03499999999999999,81000.0,0.052495,-0.001837,0.0,-0.001837,1.622123
2025-08-12,-0.03499999999999999,82520.0,0.018765,-0.000657,0.0,-0.000657,1.621057
2025-08-13,-0.03499999999999999,85100.0,0.031265,-0.001094,0.0,-0.001094,1.619283
2025-08-14,-0.03499999999999999,85300.0,0.00235,-8.2e-05,0.0,-8.2e-05,1.61915
2025-08-15,-0.24499999999999997,86900.0,0.018757,-0.004596,0.00063,-0.005226,1.610689
2025-08-18,-0.03499999999999999,89240.0,0.026928,-0.000942,0.00063,-0.001572,1.608156
2025-08-19,-0.03499999999999999,87540.0,-0.01905,0.000667,0.0,0.000667,1.609229
2025-08-20,-0.24499999999999997,80980.0,-0.074937,0.01836,0.00063,0.01773,1.63776
2025-08-21,-0.24499999999999997,82760.0,0.021981,-0.005385,0.0,-0.005385,1.62894
2025-08-22,-0.35,78960.0,-0.045916,0.016071,0.000315,0.015756,1.654605
2025-08-25,-0.7,79380.0,0.005319,-0.003723,0.00105,-0.004773,1.646707
2025-08-26,-0.48999999999999994,79020.0,-0.004535,0.002222,0.00063,0.001592,1.649329
2025-08-27,-0.48999999999999994,78860.0,-0.002025,0.000992,0.0,0.000992,1.650965
2025-08-28,-0.48999999999999994,78140.0,-0.00913,0.004474,0.0,0.004474,1.658351
2025-08-29,-0.48999999999999994,77180.0,-0.012286,0.00602,0.0,0.00602,1.668334
2025-09-01,-0.48999999999999994,75560.0,-0.02099,0.010285,0.0,0.010285,1.685493
2025-09-02,-0.7,72620.0,-0.038909,0.027237,0.00063,0.026607,1.730338
2025-09-03,-0.6,71880.0,-0.01019,0.006114,0.0003,0.005814,1.740399
2025-09-04,0.0,73420.0,0.021425,0.0,0.0018,-0.0018,1.737266
2025-09-05,0.0,74260.0,0.011441,0.0,0.0,0.0,1.737266
2025-09-08,-0.7,74800.0,0.007272,-0.00509,0.0021,-0.00719,1.724775
2025-09-09,-0.48999999999999994,72900.0,-0.025401,0.012447,0.00063,0.011817,1.745155
2025-09-10,-0.7,70720.0,-0.029904,0.020933,0.00063,0.020303,1.780587
2025-09-11,-0.7,71000.0,0.003959,-0.002771,0.0,-0.002771,1.775652
2025-09-12,-0.7,71160.0,0.002254,-0.001577,0.0,-0.001577,1.772851
2025-09-15,-0.7,72680.0,0.02136,-0.014952,0.0,-0.014952,1.746343
2025-09-16,-0.7,73180.0,0.006879,-0.004816,0.0,-0.004816,1.737933
2025-09-17,-0.7,73640.0,0.006286,-0.0044,0.0,-0.0044,1.730286
2025-09-18,-0.7,72880.0,-0.01032,0.007224,0.0,0.007224,1.742786
2025-09-19,-0.7,73960.0,0.014819,-0.010373,0.0,-0.010373,1.724708
2025-09-22,-0.48999999999999994,73420.0,-0.007301,0.003578,0.00063,0.002948,1.729792
2025-09-23,-0.7,73660.0,0.003269,-0.002288,0.00063,-0.002918,1.724744
2025-09-24,-0.48999999999999994,72880.0,-0.010589,0.005189,0.00063,0.004559,1.732606
2025-09-25,-0.7,74040.0,0.015917,-0.011142,0.00063,-0.011772,1.712211
2025-09-26,-0.48999999999999994,72880.0,-0.015667,0.007677,0.00063,0.007047,1.724277
2025-09-29,-0.48999999999999994,73920.0,0.01427,-0.006992,0.0,-0.006992,1.71222
2025-09-30,-0.48999999999999994,72800.0,-0.015152,0.007424,0.0,0.007424,1.724932
2025-10-09,-0.48999999999999994,73340.0,0.007418,-0.003635,0.0,-0.003635,1.718663
2025-10-10,-0.48999999999999994,72740.0,-0.008181,0.004009,0.0,0.004009,1.725552
2025-10-13,0.0,72280.0,-0.006324,-0.0,0.00147,-0.00147,1.723016
2025-10-14,0.0,72680.0,0.005534,0.0,0.0,0.0,1.723016
2025-10-15,0.0,72940.0,0.003577,0.0,0.0,0.0,1.723016
2025-10-16,0.0,75080.0,0.029339,0.0,0.0,0.0,1.723016
2025-10-17,0.0,75780.0,0.009323,0.0,0.0,0.0,1.723016
2025-10-20,0.0,75940.0,0.002111,0.0,0.0,0.0,1.723016
2025-10-21,0.0,75980.0,0.000527,0.0,0.0,0.0,1.723016
2025-10-22,0.0,77120.0,0.015004,0.0,0.0,0.0,1.723016
2025-10-23,0.0,79940.0,0.036566,0.0,0.0,0.0,1.723016
2025-10-24,0.0,79520.0,-0.005254,-0.0,0.0,-0.0,1.723016
2025-10-27,0.6,81900.0,0.02993,0.017958,0.0018,0.016158,1.750856
2025-10-28,0.6,81640.0,-0.003175,-0.001905,0.0,-0.001905,1.747521
2025-10-29,0.0,82900.0,0.015434,0.0,0.0018,-0.0018,1.744375
2025-10-30,0.0,83400.0,0.006031,0.0,0.0,0.0,1.744375
2025-10-31,-0.6,80780.0,-0.031415,0.018849,0.0018,0.017049,1.774115
2025-11-03,-0.6,82280.0,0.018569,-0.011141,0.0,-0.011141,1.754349
2025-11-04,-1.0,78560.0,-0.045211,0.045211,0.0012,0.044011,1.83156
2025-11-05,-1.0,79140.0,0.007383,-0.007383,0.0,-0.007383,1.818038
2025-11-06,0.0,80500.0,0.017185,0.0,0.003,-0.003,1.812584
2025-11-07,0.0,82300.0,0.02236,0.0,0.0,0.0,1.812584
2025-11-10,0.0,87240.0,0.060024,0.0,0.0,0.0,1.812584
2025-11-11,0.0,86540.0,-0.008024,-0.0,0.0,-0.0,1.812584
2025-11-12,0.0,86580.0,0.000462,0.0,0.0,0.0,1.812584
2025-11-13,0.0,87840.0,0.014553,0.0,0.0,0.0,1.812584
2025-11-14,0.0,87360.0,-0.005464,-0.0,0.0,-0.0,1.812584
2025-11-17,1.0,95200.0,0.089744,0.089744,0.003,0.086744,1.969814
2025-11-18,1.0,93520.0,-0.017647,-0.017647,0.0,-0.017647,1.935053
2025-11-19,1.0,99300.0,0.061805,0.061805,0.0,0.061805,2.054648
2025-11-20,1.0,98980.0,-0.003223,-0.003223,0.0,-0.003223,2.048027
2025-11-21,0.0,91020.0,-0.08042,-0.0,0.003,-0.003,2.041883
2025-11-24,0.0,90480.0,-0.005933,-0.0,0.0,-0.0,2.041883
2025-11-25,0.3,95400.0,0.054377,0.016313,0.0009,0.015413,2.073355
2025-11-26,0.3,96340.0,0.009853,0.002956,0.0,0.002956,2.079483
2025-11-27,0.0,95820.0,-0.005398,-0.0,0.0009,-0.0009,2.077612
2025-11-28,0.0,96420.0,0.006262,0.0,0.0,0.0,2.077612
2025-12-01,0.0,96940.0,0.005393,0.0,0.0,0.0,2.077612
2025-12-02,0.0,96560.0,-0.00392,-0.0,0.0,-0.0,2.077612
2025-12-03,0.0,93660.0,-0.030033,-0.0,0.0,-0.0,2.077612
2025-12-04,0.0,93700.0,0.000427,0.0,0.0,0.0,2.077612
2025-12-05,0.0,92160.0,-0.016435,-0.0,0.0,-0.0,2.077612
2025-12-08,0.0,94840.0,0.02908,0.0,0.0,0.0,2.077612
2025-12-09,0.0,92800.0,-0.02151,-0.0,0.0,-0.0,2.077612
2025-12-10,0.0,95980.0,0.034267,0.0,0.0,0.0,2.077612
2025-12-11,0.0,98880.0,0.030215,0.0,0.0,0.0,2.077612
2025-12-12,0.0,97720.0,-0.011731,-0.0,0.0,-0.0,2.077612
2025-12-15,0.0,101060.0,0.034179,0.0,0.0,0.0,2.077612
2025-12-16,0.0,100600.0,-0.004552,-0.0,0.0,-0.0,2.077612
2025-12-17,1.0,108620.0,0.079722,0.079722,0.003,0.076722,2.23701
2025-12-18,1.0,106160.0,-0.022648,-0.022648,0.0,-0.022648,2.186346
2025-12-19,0.0,111400.0,0.049359,0.0,0.003,-0.003,2.179787
2025-12-22,0.0,114380.0,0.02675,0.0,0.0,0.0,2.179787
2025-12-23,0.6,120360.0,0.052282,0.031369,0.0018,0.029569,2.244242
2025-12-24,0.6,124720.0,0.036225,0.021735,0.0,0.021735,2.29302
2025-12-25,0.6,123520.0,-0.009622,-0.005773,0.0,-0.005773,2.279783
2025-12-26,0.6,130520.0,0.056671,0.034003,0.0,0.034003,2.357301
2025-12-29,0.3,118820.0,-0.089641,-0.026892,0.0009,-0.027792,2.291786
2025-12-30,0.0,121580.0,0.023228,0.0,0.0009,-0.0009,2.289723
2025-12-31,0.0,121580.0,0.0,0.0,0.0,0.0,2.289723
2026-01-05,0.5,129980.0,0.06909,0.034545,0.0015,0.033045,2.365388
2026-01-06,0.5,137940.0,0.06124,0.03062,0.0,0.03062,2.437816
2026-01-07,0.5,142300.0,0.031608,0.015804,0.0,0.015804,2.476343
2026-01-08,0.5,145000.0,0.018974,0.009487,0.0,0.009487,2.499836
2026-01-09,0.0,143420.0,-0.010897,-0.0,0.0015,-0.0015,2.496086
2026-01-12,0.5,156060.0,0.088133,0.044066,0.0015,0.042566,2.602336
2026-01-13,0.5,166980.0,0.069973,0.034987,0.0,0.034987,2.693383
2026-01-14,0.5,161940.0,-0.030183,-0.015092,0.0,-0.015092,2.652735
2026-01-15,0.0,163220.0,0.007904,0.0,0.0015,-0.0015,2.648756
2026-01-16,-0.5,146200.0,-0.104276,0.052138,0.0015,0.050638,2.782884
2026-01-19,-0.5,147260.0,0.00725,-0.003625,0.0,-0.003625,2.772796
2026-01-20,0.0,160500.0,0.089909,0.0,0.0015,-0.0015,2.768637
2026-01-21,0.0,166740.0,0.038879,0.0,0.0,0.0,2.768637
2026-01-22,0.0,168780.0,0.012235,0.0,0.0,0.0,2.768637
2026-01-23,0.3,181520.0,0.075483,0.022645,0.0009,0.021745,2.82884
2026-01-26,0.3,165680.0,-0.087263,-0.026179,0.0,-0.026179,2.754784
2026-01-27,0.3,179600.0,0.084017,0.025205,0.0,0.025205,2.824219
2026-01-28,0.3,166280.0,-0.074165,-0.022249,0.0,-0.022249,2.761382
2026-01-29,0.0,164820.0,-0.00878,-0.0,0.0009,-0.0009,2.758897
2026-01-30,0.0,148200.0,-0.100837,-0.0,0.0,-0.0,2.758897
2026-02-02,0.0,132440.0,-0.106343,-0.0,0.0,-0.0,2.758897
2026-02-03,0.3,148100.0,0.118242,0.035473,0.0009,0.034573,2.854279
2026-02-04,0.3,147220.0,-0.005942,-0.001783,0.0,-0.001783,2.849191
2026-02-05,0.0,132780.0,-0.098084,-0.0,0.0009,-0.0009,2.846627
2026-02-06,0.0,132920.0,0.001054,0.0,0.0,0.0,2.846627
2026-02-09,0.0,137000.0,0.030695,0.0,0.0,0.0,2.846627
2026-02-10,0.0,137340.0,0.002482,0.0,0.0,0.0,2.846627
2026-02-11,0.0,150260.0,0.094073,0.0,0.0,0.0,2.846627
2026-02-12,0.0,149420.0,-0.00559,-0.0,0.0,-0.0,2.846627
2026-02-13,0.0,152640.0,0.02155,0.0,0.0,0.0,2.846627
2026-02-24,0.0,164120.0,0.07521,0.0,0.0,0.0,2.846627
2026-02-25,0.0,166480.0,0.01438,0.0,0.0,0.0,2.846627
2026-02-26,0.0,173660.0,0.043128,0.0,0.0,0.0,2.846627
2026-02-27,0.0,176040.0,0.013705,0.0,0.0,0.0,2.846627
2026-03-02,0.0,172020.0,-0.022836,-0.0,0.0,-0.0,2.846627
2026-03-03,0.0,150860.0,-0.123009,-0.0,0.0,-0.0,2.846627
2026-03-04,0.0,153060.0,0.014583,0.0,0.0,0.0,2.846627
2026-03-05,0.0,155860.0,0.018293,0.0,0.0,0.0,2.846627
2026-03-06,0.0,156160.0,0.001925,0.0,0.0,0.0,2.846627
2026-03-09,0.0,161060.0,0.031378,0.0,0.0,0.0,2.846627
2026-03-10,0.0,163000.0,0.012045,0.0,0.0,0.0,2.846627
2026-03-11,0.0,155040.0,-0.048834,-0.0,0.0,-0.0,2.846627
2026-03-12,0.5,156980.0,0.012513,0.006256,0.0015,0.004756,2.860167
2026-03-13,0.5,152080.0,-0.031214,-0.015607,0.0,-0.015607,2.815528
2026-03-16,0.5,159620.0,0.049579,0.02479,0.0,0.02479,2.885323
2026-03-17,0.5,155320.0,-0.026939,-0.013469,0.0,-0.013469,2.84646
2026-03-18,0.0,150120.0,-0.033479,-0.0,0.0015,-0.0015,2.84219
2026-03-19,0.0,142600.0,-0.050093,-0.0,0.0,-0.0,2.84219
2026-03-20,0.5,143860.0,0.008836,0.004418,0.0015,0.002918,2.850483
2026-03-23,0.5,149040.0,0.036007,0.018004,0.0,0.018004,2.901802
2026-03-24,0.5,152940.0,0.026167,0.013084,0.0,0.013084,2.939769
2026-03-25,0.5,159120.0,0.040408,0.020204,0.0,0.020204,2.999164
2026-03-26,0.5,157200.0,-0.012066,-0.006033,0.0,-0.006033,2.981069
2026-03-27,0.5,168440.0,0.071501,0.035751,0.0,0.035751,3.087644
2026-03-30,0.5,171620.0,0.018879,0.00944,0.0,0.00944,3.11679
2026-03-31,0.5,157200.0,-0.084023,-0.042011,0.0,-0.042011,2.98585
2026-04-01,0.3,158620.0,0.009033,0.00271,0.0006,0.00211,2.99215
2026-04-02,0.3,159140.0,0.003278,0.000983,0.0,0.000983,2.995092
2026-04-03,0.0,157860.0,-0.008043,-0.0,0.0009,-0.0009,2.992397
2026-04-07,0.3,160860.0,0.019004,0.005701,0.0009,0.004801,3.006764
2026-04-08,0.3,159620.0,-0.007709,-0.002313,0.0,-0.002313,2.999811
2026-04-09,0.0,153560.0,-0.037965,-0.0,0.0009,-0.0009,2.997111
2026-04-10,0.3,157600.0,0.026309,0.007893,0.0009,0.006993,3.018069
2026-04-13,0.3,166500.0,0.056472,0.016942,0.0,0.016942,3.0692
2026-04-14,0.3,166840.0,0.002042,0.000613,0.0,0.000613,3.07108
2026-04-15,0.0,168660.0,0.010909,0.0,0.0009,-0.0009,3.068316
2026-04-16,0.0,176000.0,0.04352,0.0,0.0,0.0,3.068316
2026-04-17,0.0,177560.0,0.008864,0.0,0.0,0.0,3.068316
2026-04-20,0.0,180200.0,0.014868,0.0,0.0,0.0,3.068316
2026-04-21,0.0,174260.0,-0.032963,-0.0,0.0,-0.0,3.068316
2026-04-22,0.0,175240.0,0.005624,0.0,0.0,0.0,3.068316
2026-04-23,0.0,177960.0,0.015522,0.0,0.0,0.0,3.068316
2026-04-24,0.0,177900.0,-0.000337,-0.0,0.0,-0.0,3.068316
2026-04-27,0.6,180560.0,0.014952,0.008971,0.0018,0.007171,3.09032
2026-04-28,0.6,178620.0,-0.010744,-0.006447,0.0,-0.006447,3.070398
2026-04-29,1.0,183880.0,0.029448,0.029448,0.0012,0.028248,3.15713
2026-04-30,1.0,189080.0,0.028279,0.028279,0.0,0.028279,3.246412
2026-05-06,1.0,199400.0,0.05458,0.05458,0.0,0.05458,3.423601
2026-05-07,1.0,199060.0,-0.001705,-0.001705,0.0,-0.001705,3.417763
2026-05-08,0.0,196560.0,-0.012559,-0.0,0.003,-0.003,3.40751
2026-05-11,1.0,205020.0,0.04304,0.04304,0.003,0.04004,3.543948
2026-05-12,1.0,205260.0,0.001171,0.001171,0.0,0.001171,3.548097
2026-05-13,0.0,201960.0,-0.016077,-0.0,0.003,-0.003,3.537452
2026-05-14,0.0,191760.0,-0.050505,-0.0,0.0,-0.0,3.537452
2026-05-15,0.0,188800.0,-0.015436,-0.0,0.0,-0.0,3.537452
2026-05-18,0.0,192180.0,0.017903,0.0,0.0,0.0,3.537452
2026-05-19,0.0,184400.0,-0.040483,-0.0,0.0,-0.0,3.537452
2026-05-20,0.0,183100.0,-0.00705,-0.0,0.0,-0.0,3.537452
2026-05-21,0.0,177600.0,-0.030038,-0.0,0.0,-0.0,3.537452
2026-05-22,0.6,184460.0,0.038626,0.023176,0.0018,0.021376,3.613068
2026-05-25,0.6,181200.0,-0.017673,-0.010604,0.0,-0.010604,3.574755
2026-05-26,0.0,175960.0,-0.028918,-0.0,0.0018,-0.0018,3.56832
2026-05-27,0.0,173000.0,-0.016822,-0.0,0.0,-0.0,3.56832
2026-05-28,0.0,178860.0,0.033873,0.0,0.0,0.0,3.56832
2026-05-29,0.0,179740.0,0.00492,0.0,0.0,0.0,3.56832
2026-06-01,0.0,178900.0,-0.004673,-0.0,0.0,-0.0,3.56832
2026-06-02,0.0,172980.0,-0.033091,-0.0,0.0,-0.0,3.56832
2026-06-03,0.0,166760.0,-0.035958,-0.0,0.0,-0.0,3.56832
2026-06-04,0.0,160740.0,-0.0361,-0.0,0.0,-0.0,3.56832
2026-06-05,0.0,164360.0,0.022521,0.0,0.0,0.0,3.56832
2026-06-08,0.0,163340.0,-0.006206,-0.0,0.0,-0.0,3.56832
2026-06-09,0.0,168460.0,0.031346,0.0,0.0,0.0,3.56832
2026-06-10,0.0,167400.0,-0.006292,-0.0,0.0,-0.0,3.56832
2026-06-11,0.0,174600.0,0.043011,0.0,0.0,0.0,3.56832
2026-06-12,0.0,175300.0,0.004009,0.0,0.0,0.0,3.56832
2026-06-15,0.0,174440.0,-0.004906,-0.0,0.0,-0.0,3.56832
2026-06-16,0.0,169980.0,-0.025568,-0.0,0.0,-0.0,3.56832
2026-06-17,0.0,171300.0,0.007766,0.0,0.0,0.0,3.56832
2026-06-18,-1.0,160500.0,-0.063047,0.063047,0.003,0.060047,3.782588
2026-06-22,-1.0,161740.0,0.007726,-0.007726,0.0,-0.007726,3.753365
2026-06-23,0.0,157220.0,-0.027946,-0.0,0.003,-0.003,3.742105
2026-06-24,0.0,162740.0,0.03511,0.0,0.0,0.0,3.742105
2026-06-25,-1.0,150840.0,-0.073123,0.073123,0.003,0.070123,4.004511
2026-06-26,-1.0,150220.0,-0.00411,0.00411,0.0,0.00411,4.020971
2026-06-29,0.0,153920.0,0.024631,0.0,0.003,-0.003,4.008908
2026-06-30,0.0,163360.0,0.061331,0.0,0.0,0.0,4.008908
2026-07-01,0.0,164560.0,0.007346,0.0,0.0,0.0,4.008908
2026-07-02,0.0,164040.0,-0.00316,-0.0,0.0,-0.0,4.008908
2026-07-03,0.0,168780.0,0.028895,0.0,0.0,0.0,4.008908
2026-07-06,0.0,164560.0,-0.025003,-0.0,0.0,-0.0,4.008908
2026-07-07,0.0,163360.0,-0.007292,-0.0,0.0,-0.0,4.008908
2026-07-08,0.0,158440.0,-0.030118,-0.0,0.0,-0.0,4.008908
2026-07-09,0.0,153020.0,-0.034209,-0.0,0.0,-0.0,4.008908
2026-07-10,0.0,151600.0,-0.00928,-0.0,0.0,-0.0,4.008908
2026-07-13,0.0,152240.0,0.004222,0.0,0.0,0.0,4.008908
2026-07-14,0.0,153180.0,0.006174,0.0,0.0,0.0,4.008908
2026-07-15,0.0,149240.0,-0.025721,-0.0,0.0,-0.0,4.008908
2026-07-16,0.0,151660.0,0.016215,0.0,0.0,0.0,4.008908
2026-07-17,0.0,150140.0,-0.010022,-0.0,0.0,-0.0,4.008908
2026-07-20,0.0,143900.0,-0.041561,-0.0,0.0,-0.0,4.008908
2026-07-21,0.0,141620.0,-0.015844,-0.0,0.0,-0.0,4.008908
2026-07-22,0.0,143300.0,0.011863,0.0,0.0,0.0,4.008908
2026-07-23,0.0,145000.0,0.011863,0.0,0.0,0.0,4.008908
2026-07-24,0.0,144280.0,-0.004966,-0.0,0.0,-0.0,4.008908
2026-07-27,0.0,147220.0,0.020377,0.0,0.0,0.0,4.008908
2026-07-28,0.0,143480.0,-0.025404,-0.0,0.0,-0.0,4.008908
2026-07-29,0.0,147900.0,0.030806,0.0,0.0,0.0,4.008908
2026-07-30,-0.6,141060.0,-0.046247,0.027748,0.0018,0.025948,4.112933
2026-07-31,-0.6,137760.0,-0.023394,0.014037,0.0,0.014037,4.170665
2026-08-03,-0.6,138900.0,0.008275,-0.004965,0.0,-0.004965,4.149957
2026-08-04,0.0,139380.0,0.003456,0.0,0.0018,-0.0018,4.142487
2026-08-05,0.0,143220.0,0.027551,0.0,0.0,0.0,4.142487
2026-08-06,0.0,141460.0,-0.012289,-0.0,0.0,-0.0,4.142487
2026-08-07,0.0,140000.0,-0.010321,-0.0,0.0,-0.0,4.142487
2026-08-10,0.0,146360.0,0.045429,0.0,0.0,0.0,4.142487
2026-08-11,0.0,145860.0,-0.003416,-0.0,0.0,-0.0,4.142487
2026-08-12,0.0,149700.0,0.026327,0.0,0.0,0.0,4.142487
2026-08-13,0.0,152120.0,0.016166,0.0,0.0,0.0,4.142487
2026-08-14,0.0,155240.0,0.02051,0.0,0.0,0.0,4.142487
2026-08-17,0.0,153500.0,-0.011208,-0.0,0.0,-0.0,4.142487
2026-08-18,0.0,155400.0,0.012378,0.0,0.0,0.0,4.142487
2026-08-19,0.0,150660.0,-0.030502,-0.0,0.0,-0.0,4.142487
2026-08-20,0.0,152160.0,0.009956,0.0,0.0,0.0,4.142487
2026-08-21,0.0,158680.0,0.04285,0.0,0.0,0.0,4.142487
2026-08-24,0.0,158860.0,0.001134,0.0,0.0,0.0,4.142487
2026-08-25,0.0,150280.0,-0.05401,-0.0,0.0,-0.0,4.142487
2026-08-26,0.0,152160.0,0.01251,0.0,0.0,0.0,4.142487
2026-08-27,0.0,152020.0,-0.00092,-0.0,0.0,-0.0,4.142487
2026-08-28,0.0,159600.0,0.049862,0.0,0.0,0.0,4.142487
2026-08-31,0.0,161000.0,0.008772,0.0,0.0,0.0,4.142487
2026-09-01,0.0,157860.0,-0.019503,-0.0,0.0,-0.0,4.142487
2026-09-02,0.0,154780.0,-0.019511,-0.0,0.0,-0.0,4.142487
2026-09-03,0.0,149880.0,-0.031658,-0.0,0.0,-0.0,4.142487
2026-09-04,0.0,141940.0,-0.052976,-0.0,0.0,-0.0,4.142487
2026-09-07,0.0,142200.0,0.001832,0.0,0.0,0.0,4.142487
