trade_no,entry_date,exit_date_A,exit_date_B,direction,size,hold_days_A,hold_days_B,net_ret_A,net_ret_B,exit_reason,exit_price_B,net_ret_diff
1,2024-04-01,2024-04-02,2024-04-03,1,1.0,1,1,-0.017209591474245115,-0.014081560283687945,gmm_transition,111550.0,0.0031280311905571706
2,2024-08-14,2024-08-15,2024-08-16,-1,0.6,1,1,0.011295439074200136,0.002434782608695652,neutral_revert,73200.0,-0.008860656465504484
3,2024-09-02,2024-09-03,2024-09-04,-1,1.0,1,1,0.0009893617021276592,0.013600265604249668,neutral_revert,74050.0,0.012610903902122009
4,2024-09-05,2024-09-06,2024-09-09,-1,0.6,1,1,-0.009360424028268552,0.015156424581005589,neutral_revert,70300.0,0.02451684860927414
5,2024-09-11,2024-09-12,2024-09-13,1,1.0,1,1,-0.022120458891013384,-0.025613065326633166,gmm_transition,77800.0,-0.003492606435619782
6,2024-09-24,2024-09-25,2024-09-26,1,0.6,1,1,-0.010161458333333333,-0.026687580025608195,neutral_revert,76250.0,-0.01652612169227486
7,2024-09-30,2024-10-08,2024-10-09,1,1.0,1,1,-0.041871473354231976,-0.06803067484662577,reverse_signal,76200.0,-0.026159201492393792
8,2024-11-11,2024-11-12,2024-11-13,1,1.0,1,1,-0.0005293390982087707,0.009970969734403954,neutral_revert,82000.0,0.010500308832612725
9,2024-11-13,2024-11-14,2024-11-15,1,1.0,1,1,-0.06658381502890173,-0.06889595375722543,reverse_signal,80800.0,-0.0023121387283236983
10,2024-11-18,2024-11-20,2024-11-21,1,0.6,2,2,0.018618282890673257,0.016728729963008632,neutral_revert,82700.0,-0.0018895529276646249
11,2024-12-20,2024-12-23,2024-12-24,1,1.0,1,1,-0.01198818695428865,-0.0114985835694051,neutral_revert,77000.0,0.0004896033848835503
12,2024-12-30,2024-12-31,2025-01-02,1,0.6,1,1,-0.01857711950970378,-0.014535503716995642,gmm_transition,77120.0,0.004041615792708137
13,2025-05-14,2025-05-15,2025-05-16,1,1.0,1,1,-0.01956441717791411,-0.011967223252937538,reverse_signal,64100.0,0.007597193924976573
14,2025-06-27,2025-06-30,2025-07-01,1,1.0,1,1,-0.019429699842022117,-0.023800504254648597,reverse_signal,62140.0,-0.0043708044126264806
15,2025-07-17,2025-07-22,2025-07-23,1,1.0,3,3,0.06939552678045909,0.06252623948970716,gmm_transition,73500.0,-0.006869287290751924
16,2025-07-23,2025-07-24,2025-07-25,-1,1.0,1,1,-0.10821764197174978,-0.10730322029068111,reverse_signal,77500.0,0.0009144216810686723
17,2025-07-25,2025-07-28,2025-07-29,1,1.0,1,1,-0.09490263288623944,-0.04453005464480875,reverse_signal,70160.0,0.050372578241430696
18,2025-07-31,2025-08-01,2025-08-04,-1,0.6,1,1,-0.012373169302870534,-0.005895193977996526,reverse_signal,69280.0,0.006477975324874008
19,2025-08-06,2025-08-14,2025-08-15,1,0.6,6,6,0.22222263717322607,0.2210343347639485,gmm_transition,85560.0,-0.0011883024092775862
20,2025-08-18,2025-08-19,2025-08-20,1,0.6,1,1,-0.022049753473778574,-0.0459050279329609,reverse_signal,85660.0,-0.023855274459182323
21,2025-08-22,2025-08-25,2025-08-26,-1,1.0,1,1,-0.008319148936170213,0.01848148148148148,gmm_transition,79260.0,0.026800630417651693
22,2025-09-02,2025-09-03,2025-09-05,-1,0.6,1,2,0.0071900302946846595,-0.010136975020587427,gmm_transition,73380.0,-0.017327005315272086
23,2025-10-27,2025-10-28,2025-10-29,1,0.6,1,1,-0.006174603174603175,0.004843137254901961,neutral_revert,82240.0,0.011017740429505134
24,2025-10-31,2025-11-03,2025-11-04,-1,0.6,1,1,-0.021568952711067096,-0.02072089588973665,reverse_signal,82700.0,0.0008480568213304479
25,2025-11-04,2025-11-05,2025-11-06,-1,1.0,1,1,-0.010382892057026477,-0.016258541560428354,gmm_transition,79480.0,-0.005875649503401878
26,2025-11-17,2025-11-18,2025-11-19,1,1.0,1,1,-0.02064705882352941,-0.02794802494802495,reverse_signal,93800.0,-0.007300966124495538
27,2025-11-19,2025-11-20,2025-11-21,1,1.0,1,1,-0.006222557905337362,-0.060726999398677095,neutral_revert,94020.0,-0.05450444149333973
28,2025-11-25,2025-11-26,2025-11-28,1,0.6,1,2,0.006853249475890986,-0.03246593001841621,gmm_transition,94860.0,-0.039319179494307195
29,2025-12-17,2025-12-18,2025-12-19,1,1.0,1,1,-0.025647762842938685,-0.00955430711610487,reverse_signal,106100.0,0.016093455726833815
30,2025-12-23,2025-12-25,2025-12-26,1,0.6,2,2,0.023254569624459955,0.015196721311475411,gmm_transition,124220.0,-0.008057848312984544
31,2025-12-26,2025-12-29,2025-12-30,1,0.6,1,1,-0.09264143426294821,-0.10161325115562404,reverse_signal,117000.0,-0.00897181689267583
32,2026-01-05,2026-01-08,2026-01-09,1,1.0,3,3,0.11255623942144945,0.06788989441930618,gmm_transition,142000.0,-0.04466634500214327
33,2026-01-12,2026-01-14,2026-01-15,1,1.0,2,2,0.03467781622452903,-0.027761904761904762,reverse_signal,163840.0,-0.062439720986433786
34,2026-01-16,2026-01-19,2026-01-20,-1,1.0,1,1,-0.010250341997264021,-0.015872628726287263,neutral_revert,149500.0,-0.005622286729023242
35,2026-01-23,2026-01-26,2026-01-27,1,0.6,1,1,-0.0902631115028647,-0.12201490328717894,reverse_signal,166700.0,-0.03175179178431424
36,2026-01-27,2026-01-28,2026-01-29,1,0.6,1,1,-0.07716481069042316,-0.07332967032967033,reverse_signal,169200.0,0.003835140360752831
37,2026-02-03,2026-02-04,2026-02-05,1,0.6,1,1,-0.008941931127616477,-0.031,neutral_revert,145800.0,-0.022058068872383523
38,2026-03-12,2026-03-13,2026-03-16,1,1.0,1,1,-0.03421416740986113,-0.028814696485623,neutral_revert,152460.0,0.005399470924238127
39,2026-03-16,2026-03-17,2026-03-18,1,1.0,1,1,-0.029938980077684498,-0.03194374138579126,neutral_revert,155000.0,-0.0020047613081067596
40,2026-03-20,2026-03-26,2026-03-27,1,1.0,4,4,0.0897290421242875,0.09806007067137809,neutral_revert,155800.0,0.008331028547090585
41,2026-03-27,2026-03-31,2026-04-01,1,1.0,2,2,-0.06972999287580148,-0.053991501416430596,neutral_revert,160800.0,0.015738491459370882
42,2026-04-01,2026-04-02,2026-04-07,1,0.6,1,2,0.000278275122935317,-0.004134787542554533,gmm_transition,158440.0,-0.0044130626654898504
43,2026-04-07,2026-04-08,2026-04-09,1,0.6,1,1,-0.010708566455302748,-0.009250000000000001,neutral_revert,159000.0,0.0014585664553027466
44,2026-04-10,2026-04-14,2026-04-15,1,0.6,2,2,0.05562944162436548,0.08331144368468585,gmm_transition,168400.0,0.02768200206032037
45,2026-04-27,2026-04-28,2026-04-29,1,0.6,1,1,-0.013744350908285335,-0.004675977653631285,neutral_revert,178700.0,0.009068373254654049
46,2026-04-29,2026-05-07,2026-05-08,1,1.0,3,3,0.07955383946051772,0.06830434782608695,neutral_revert,197120.0,-0.011249491634430772
47,2026-05-11,2026-05-12,2026-05-14,1,1.0,1,2,-0.0018293824992683641,-0.02703846153846154,gmm_transition,203000.0,-0.025209079039193175
48,2026-05-22,2026-05-25,2026-05-26,1,0.6,1,1,-0.02067320828363873,-0.021867924528301885,neutral_revert,182000.0,-0.0011947162446631562
49,2026-06-18,2026-06-22,2026-06-23,-1,1.0,1,1,-0.010725856697819315,-0.007961200865029895,neutral_revert,158000.0,0.0027646558327894203
50,2026-06-25,2026-06-26,2026-06-29,-1,1.0,1,1,0.0011103155661628212,0.003711409395973154,neutral_revert,148000.0,0.002601093829810333
51,2026-07-30,2026-08-03,2026-08-04,-1,0.6,2,2,0.012312632922160782,0.03244620517097581,gmm_transition,138780.0,0.020133572248815026
