date,warehouse_stock,basis_spot_main,spread_near1_near3,hv_20d,oi_main,state_id,proba_max,close
2024-09-02,42448.0,-550.0,-1300.0,0.5015527305113068,229216.0,3,0.8742,75200.0
2024-09-03,42888.0,-850.0,-900.0,0.4410267085660741,233484.0,3,0.5339,74900.0
2024-09-04,43707.0,250.0,-750.0,0.3956715866171447,234032.0,3,0.5622,73600.0
2024-09-05,43237.0,2750.0,-750.0,0.4253624925178997,245150.0,3,0.5005,70750.0
2024-09-06,43447.0,1400.0,-650.0,0.4438633417965885,239300.0,3,0.5797,71200.0
2024-09-09,43692.0,-900.0,-900.0,0.4448312334467599,234926.0,3,0.5551,73150.0
2024-09-10,43582.0,300.0,-250.0,0.4423052633962627,236989.0,3,0.8381,72150.0
2024-09-11,43492.0,-5050.0,-2000.0,0.4780132711798675,254596.0,3,0.9994,78450.0
2024-09-12,42511.0,-3150.0,50.0,0.4773091655411787,246549.0,3,0.9029,76950.0
2024-09-13,42190.0,-3250.0,-2400.0,0.4840846673788166,239306.0,3,0.9999,77550.0
2024-09-18,42034.0,-1000.0,-2300.0,0.4775638173638838,231645.0,3,0.9998,75300.0
2024-09-19,41897.0,-1650.0,-2350.0,0.4782886353583108,226801.0,3,0.9999,75700.0
2024-09-20,41762.0,-1100.0,-2550.0,0.4599817551069098,225720.0,3,1.0,75300.0
2024-09-23,42188.0,-850.0,-2000.0,0.4595532737525264,221399.0,3,0.9978,74850.0
2024-09-24,42233.0,-2150.0,-2150.0,0.4592132975413,231192.0,3,0.9994,76800.0
2024-09-26,42863.0,-2000.0,-2600.0,0.4656251391031939,222721.0,3,1.0,77050.0
2024-09-27,43563.0,-1400.0,-2500.0,0.4713577543205238,222019.0,3,1.0,76950.0
2024-09-30,43563.0,-4100.0,-3350.0,0.507204325087883,217601.0,0,1.0,79750.0
2024-10-08,44683.0,600.0,-2500.0,0.4846816343312692,211822.0,3,1.0,76650.0
2024-10-09,44753.0,600.0,-2250.0,0.4867537233788506,210574.0,3,0.9998,76400.0
2024-10-10,44693.0,3250.0,-2500.0,0.4930479017914659,211131.0,1,1.0,73700.0
2024-10-11,44087.0,2550.0,-4350.0,0.4907214751330832,198642.0,0,1.0,73900.0
2024-10-14,45084.0,2750.0,-3550.0,0.4479869737254339,199837.0,1,1.0,73100.0
2024-10-15,45189.0,2200.0,-3750.0,0.4076208548557963,186900.0,0,1.0,73400.0
2024-10-16,45059.0,4250.0,-2850.0,0.4462263503597686,188680.0,0,1.0,71150.0
2024-10-17,44969.0,6100.0,-3050.0,0.5374949120611768,181603.0,0,1.0,68600.0
2024-10-18,44341.0,3000.0,-3500.0,0.5603269858954655,160820.0,0,1.0,70650.0
2024-10-21,43439.0,1050.0,-2050.0,0.5635298316769288,194121.0,1,0.997,72450.0
2024-10-22,43052.0,-400.0,-3650.0,0.5483434354327662,207436.0,1,1.0,73750.0
2024-10-23,43499.0,-1600.0,-3750.0,0.5481920285561801,216843.0,1,1.0,75250.0
2024-10-24,43340.0,-900.0,-3300.0,0.5454172208144474,221888.0,1,1.0,74200.0
2024-10-25,43416.0,-1400.0,-3550.0,0.5440402208111196,231011.0,1,1.0,74700.0
2024-10-28,44215.0,-3000.0,-3800.0,0.552919721700595,226101.0,1,1.0,76600.0
2024-10-29,44345.0,-850.0,-3600.0,0.5422971602507959,224862.0,1,1.0,74900.0
2024-10-30,44405.0,0.0,-3650.0,0.5354907746311524,223987.0,1,1.0,73850.0
2024-10-31,44852.0,-1150.0,-1900.0,0.5197765063887478,235041.0,1,0.9979,74850.0
2024-11-01,45161.0,-2650.0,-1500.0,0.5149254428035132,232925.0,1,0.9524,76500.0
2024-11-04,46522.0,-2650.0,-1250.0,0.4676209304975845,235708.0,1,0.8021,77250.0
2024-11-05,47861.0,-2400.0,-1350.0,0.4771024152904891,235236.0,1,0.8731,77350.0
2024-11-06,47881.0,-950.0,-1900.0,0.4722537145388019,226178.0,1,0.9967,75900.0
2024-11-07,48301.0,-1900.0,-1250.0,0.4887484563453438,231268.0,0,0.7838,76850.0
2024-11-08,47959.0,-1000.0,-1850.0,0.4985418247162108,229434.0,0,0.9968,76400.0
2024-11-11,49106.0,-5450.0,-2450.0,0.5748192284247644,273799.0,0,1.0,80950.0
2024-11-12,48926.0,-4450.0,-2850.0,0.637524708944819,285848.0,0,1.0,81150.0
2024-11-13,50196.0,-8300.0,-2100.0,0.7739462108358434,322905.0,1,0.9989,86500.0
2024-11-14,50166.0,-2050.0,1250.0,0.7129115783793284,293494.0,1,0.9991,81000.0
2024-11-15,49719.0,400.0,-150.0,0.6547108758044632,276214.0,3,0.9853,78300.0
2024-11-18,53115.0,-2500.0,-100.0,0.6404962289777066,276906.0,3,0.9068,80950.0
2024-11-19,53335.0,-3900.0,-200.0,0.6564893607970083,285988.0,3,0.893,82650.0
2024-11-20,52988.0,-3650.0,-100.0,0.6786587309728589,284814.0,3,0.9465,82700.0
2024-11-21,53287.0,-2550.0,-450.0,0.670940026030685,277950.0,3,0.8186,81950.0
2024-11-22,53317.0,-400.0,-200.0,0.6468938331399106,267851.0,3,0.8422,79500.0
2024-11-25,53300.0,-1250.0,-300.0,0.6423127543048132,260097.0,3,0.8142,80350.0
2024-11-26,52556.0,250.0,-450.0,0.6133926355597573,255424.0,3,0.5647,78650.0
2024-11-27,50385.0,100.0,-450.0,0.5604648107081647,246898.0,0,0.6013,78500.0
2024-11-28,49829.0,-300.0,-400.0,0.5201323005805473,242286.0,0,0.6983,78500.0
2024-11-29,21706.0,-350.0,-850.0,0.5026355029670089,240854.0,1,1.0,78550.0
2024-12-02,22966.0,100.0,-850.0,0.4942595751172163,239434.0,1,0.9999,78300.0
2024-12-03,23096.0,250.0,-1000.0,0.4885991261697894,230115.0,1,0.9995,78000.0
2024-12-04,27686.0,1800.0,-500.0,0.4821274021617204,217701.0,3,0.9993,76300.0
2024-12-05,29446.0,600.0,-450.0,0.4868564598493037,207470.0,0,0.9841,76500.0
2024-12-06,34694.0,250.0,-800.0,0.4833109893475322,197237.0,0,0.7968,76650.0
2024-12-09,36941.0,-300.0,-700.0,0.4972514262601861,187549.0,0,0.8937,76800.0
2024-12-10,38784.0,50.0,1000.0,0.5082275585675943,178957.0,0,0.977,76600.0
2024-12-11,39827.0,-100.0,-650.0,0.4103083014769887,168290.0,0,0.9975,76650.0
2024-12-12,41633.0,-500.0,-950.0,0.405260462489339,159582.0,0,0.9998,77050.0
2024-12-13,42268.0,600.0,200.0,0.4250081207718611,147208.0,0,1.0,75800.0
2024-12-16,42885.0,0.0,-700.0,0.4240368807461394,137204.0,0,1.0,76000.0
2024-12-17,44255.0,700.0,-500.0,0.3960056943217199,125218.0,0,1.0,75200.0
2024-12-18,46453.0,1490.0,-600.0,0.362976586777347,113130.0,0,1.0,74360.0
2024-12-19,46353.0,1580.0,-600.0,0.3368083623453756,101059.0,0,1.0,73920.0
2024-12-20,47721.0,-2330.0,-480.0,0.320057462287004,144633.0,0,1.0,77880.0
2024-12-23,48341.0,-1630.0,-500.0,0.2802522776989972,151398.0,0,1.0,77180.0
2024-12-24,49609.0,-2600.0,-520.0,0.274900437523399,160753.0,0,1.0,78200.0
2024-12-25,50425.0,-1900.0,-380.0,0.2656318699509392,163546.0,0,1.0,77500.0
2024-12-26,51565.0,-1920.0,-480.0,0.2557475249346899,163310.0,0,1.0,77520.0
2024-12-27,52086.0,-950.0,-560.0,0.2411399532144594,171752.0,0,1.0,76500.0
2024-12-30,52406.0,-3270.0,-800.0,0.2414310454287837,181438.0,0,1.0,78320.0
2024-12-31,53356.0,-2050.0,-860.0,0.2339015017760542,183715.0,0,1.0,77100.0
2025-06-17,31713.0,590.0,-200.0,0.1937100076251385,307335.0,0,1.0,59860.0
2025-06-18,29967.0,570.0,40.0,0.1953460114115397,306885.0,0,1.0,59880.0
2025-06-19,29957.0,390.0,-20.0,0.1922266599648157,307261.0,0,1.0,60060.0
2025-06-20,27793.0,1500.0,-60.0,0.1804407179063722,354347.0,0,1.0,58900.0
2025-06-23,26779.0,830.0,-140.0,0.1855540726107029,356954.0,0,1.0,59120.0
2025-06-24,22375.0,-800.0,-60.0,0.1883988900726558,343564.0,0,1.0,60700.0
2025-06-25,22370.0,-680.0,-20.0,0.1878551096863918,350406.0,0,1.0,60880.0
2025-06-26,22590.0,-900.0,-140.0,0.2027189246590973,345216.0,0,1.0,61500.0
2025-06-27,21998.0,-2150.0,80.0,0.2509015153622617,341448.0,0,1.0,63300.0
2025-06-30,22628.0,-960.0,20.0,0.2679452317534279,330824.0,0,1.0,62260.0
2025-07-01,22940.0,-1480.0,100.0,0.2927095749583331,326676.0,0,1.0,62780.0
2025-07-02,23180.0,-2310.0,-80.0,0.344631620392021,325574.0,0,1.0,63960.0
2025-07-03,22880.0,-1980.0,0.0,0.3855482960849108,334057.0,0,1.0,64080.0
2025-07-04,21036.0,-980.0,-120.0,0.4034551701616607,325288.0,0,1.0,63280.0
2025-07-07,15555.0,-1110.0,-80.0,0.4252340313441728,322534.0,0,1.0,63660.0
2025-07-08,12655.0,-980.0,-20.0,0.4466769853848328,338034.0,0,1.0,63880.0
2025-07-09,13281.0,-1100.0,-200.0,0.4751246858384367,326895.0,0,1.0,64400.0
2025-07-10,13191.0,-530.0,-220.0,0.4905453657293045,323683.0,0,1.0,64180.0
2025-07-11,11603.0,-530.0,-100.0,0.4936851067894183,322860.0,0,1.0,64280.0
2025-07-14,11204.0,-1830.0,-120.0,0.5303542055136713,356161.0,0,1.0,66480.0
2025-07-15,11203.0,-1760.0,-40.0,0.5569521817412364,342146.0,0,1.0,66660.0
2025-07-16,10655.0,-1470.0,-160.0,0.5655002106642232,340618.0,2,1.0,66420.0
2025-07-17,10239.0,-3010.0,60.0,0.5951029678851827,363676.0,2,1.0,67960.0
2025-07-18,10239.0,-3310.0,-80.0,0.6248319107211473,377305.0,2,1.0,69960.0
2025-07-21,9969.0,-3280.0,320.0,0.6636796365782262,381185.0,2,1.0,71280.0
2025-07-22,10089.0,-3780.0,220.0,0.7479733351492208,411638.0,1,1.0,72880.0
2025-07-23,10754.0,1070.0,100.0,0.7358065283321056,362054.0,1,1.0,69380.0
2025-07-24,11654.0,-6130.0,360.0,0.8781536171044417,436727.0,1,0.9988,76680.0
2025-07-25,11996.0,-7620.0,580.0,1.090520622551864,491088.0,1,0.9951,80520.0
2025-07-28,12276.0,780.0,80.0,1.093686371161553,378472.0,1,0.9999,73120.0
2025-07-29,12276.0,2310.0,180.0,1.0694606856488853,300620.0,1,1.0,70840.0
2025-07-30,13131.0,2350.0,100.0,1.0517794394164872,272753.0,1,1.0,70600.0
2025-07-31,5545.0,3720.0,20.0,1.024729869541296,229368.0,1,1.0,68280.0
2025-08-01,6605.0,2430.0,140.0,0.9812863766260312,216103.0,1,1.0,68920.0
2025-08-04,12603.0,2430.0,-80.0,0.9378749862301724,207770.0,1,0.8885,68920.0
2025-08-05,14443.0,3360.0,-300.0,0.8953714411801559,232062.0,1,0.9999,67840.0
2025-08-06,15023.0,1330.0,20.0,0.85300928331419,257770.0,1,1.0,69620.0
2025-08-07,16443.0,-1200.0,220.0,0.807207000722079,289832.0,1,1.0,72300.0
2025-08-08,18829.0,-5060.0,600.0,0.8057085282932849,320706.0,1,1.0,76960.0
2025-08-11,19389.0,-6500.0,20.0,0.9013434725908804,317676.0,1,1.0,81000.0
2025-08-12,20829.0,-4520.0,620.0,0.995405524324785,356998.0,1,0.9912,82520.0
2025-08-13,21679.0,-4100.0,860.0,1.10044853554667,392675.0,3,0.7242,85100.0
2025-08-14,21939.0,-3300.0,520.0,1.1904825394408205,389177.0,3,0.9005,85300.0
2025-08-15,23485.0,-4200.0,800.0,1.2977503237808672,401139.0,3,0.9873,86900.0
2025-08-18,23555.0,-4640.0,780.0,1.4237709329902786,421106.0,3,0.9979,89240.0
2025-08-19,23615.0,-1840.0,860.0,1.505375609879788,414097.0,3,0.9961,87540.0
2025-08-20,24045.0,4720.0,-40.0,1.4779108304651,395102.0,2,1.0,80980.0
2025-08-21,24320.0,2440.0,480.0,1.5003067138911623,390069.0,2,1.0,82760.0
2025-08-22,24990.0,4940.0,340.0,1.4946777772274435,362254.0,2,1.0,78960.0
2025-08-25,25630.0,3120.0,280.0,1.485348189278877,368667.0,2,1.0,79380.0
2025-08-26,26690.0,2680.0,440.0,1.4510459897493329,349496.0,2,0.9999,79020.0
2025-08-27,27477.0,2740.0,360.0,1.4072720753713266,351322.0,2,0.9999,78860.0
2025-08-28,28957.0,1860.0,200.0,1.3166734926895398,347063.0,2,0.9987,78140.0
2025-08-29,29887.0,2470.0,340.0,1.226488841660451,346605.0,2,0.9982,77180.0
2025-09-01,31197.0,2790.0,480.0,1.1318270020810564,339133.0,2,0.9952,75560.0
2025-09-02,32007.0,4880.0,220.0,1.0299136025576323,348109.0,2,0.9997,72620.0
2025-09-03,34118.0,4020.0,280.0,0.9806584957978148,346048.0,3,0.9983,71880.0
2025-09-04,34948.0,1580.0,100.0,0.9618321177171332,353674.0,2,0.9495,73420.0
2025-09-05,36631.0,490.0,-20.0,0.9879434649491048,364002.0,2,0.9464,74260.0
2025-09-08,37451.0,-200.0,40.0,1.012156245541814,364137.0,2,0.9323,74800.0
2025-09-09,38101.0,1700.0,-20.0,1.0464417454327055,351340.0,2,0.9853,72900.0
2025-09-10,38101.0,2730.0,160.0,1.0784261829027453,340814.0,1,0.9951,70720.0
2025-09-11,38391.0,1850.0,260.0,1.0828585742089083,323456.0,1,0.9671,71000.0
2025-09-12,38625.0,1290.0,160.0,1.0398108879041352,309402.0,1,0.775,71160.0
2025-09-15,38963.0,-230.0,220.0,0.899814883558626,309446.0,1,0.8961,72680.0
2025-09-16,38824.0,-330.0,280.0,0.7463384764580483,300437.0,1,0.9947,73180.0
2025-09-17,39234.0,-490.0,0.0,0.7022370715569916,294624.0,1,0.9999,73640.0
2025-09-18,39354.0,570.0,260.0,0.6093149677751454,281411.0,1,0.9998,72880.0
2025-09-19,39484.0,-460.0,100.0,0.5722227935284117,281264.0,1,1.0,73960.0
2025-09-22,38909.0,430.0,320.0,0.519643723704063,271624.0,2,0.9998,73420.0
2025-09-23,39449.0,190.0,200.0,0.4613865925828691,255907.0,0,0.9913,73660.0
2025-09-24,39749.0,970.0,180.0,0.3923689619093662,260654.0,0,0.9921,72880.0
2025-09-25,40309.0,-290.0,260.0,0.3233902016208554,261141.0,0,0.9828,74040.0
2025-09-26,40329.0,720.0,100.0,0.2618452635821201,248640.0,0,0.9769,72880.0
2025-09-29,41119.0,-370.0,440.0,0.235874281472359,251749.0,0,0.9863,73920.0
2025-09-30,41709.0,750.0,180.0,0.2353569375956804,231964.0,2,0.983,72800.0
2025-10-09,42379.0,210.0,60.0,0.2288952644619773,229022.0,2,0.9901,73340.0
2025-10-10,42669.0,810.0,60.0,0.228706072948509,221919.0,2,0.991,72740.0
2025-10-13,36718.0,820.0,0.0,0.2229296968315689,207463.0,2,0.9884,72280.0
2025-10-14,35180.0,320.0,100.0,0.2030432131057939,192931.0,2,0.9968,72680.0
2025-10-15,33076.0,60.0,-40.0,0.2030842254865874,212472.0,2,0.9873,72940.0
2025-10-16,30456.0,-2080.0,-60.0,0.199147770671081,233905.0,1,0.9839,75080.0
2025-10-17,30686.0,-2430.0,40.0,0.2091173493113931,271858.0,1,0.9993,75780.0
2025-10-20,30705.0,-1940.0,140.0,0.2145054407058539,293283.0,3,1.0,75940.0
2025-10-21,29892.0,-1880.0,120.0,0.238177885258081,310199.0,3,1.0,75980.0
2025-10-22,29019.0,-2770.0,20.0,0.2840359349060399,353231.0,3,1.0,77120.0
2025-10-23,28759.0,-5140.0,140.0,0.3939938753792592,419147.0,1,0.9937,79940.0
2025-10-24,28699.0,-4120.0,-40.0,0.4556884730152198,431174.0,1,0.9557,79520.0
2025-10-27,27739.0,-5350.0,160.0,0.5604309972286113,483478.0,1,0.9893,81900.0
2025-10-28,27335.0,-3140.0,140.0,0.6297432613667832,488803.0,1,0.998,81640.0
2025-10-29,27525.0,-3750.0,160.0,0.7067698109957111,506882.0,1,0.9996,82900.0
2025-10-30,27641.0,-3400.0,180.0,0.7663562266785632,532871.0,1,0.9999,83400.0
2025-10-31,27621.0,-230.0,160.0,0.7834594031978581,510440.0,1,1.0,80780.0
2025-11-03,27290.0,-1280.0,140.0,0.7991513317870385,525184.0,1,1.0,82280.0
2025-11-04,26490.0,2340.0,-60.0,0.7868634273601071,457374.0,1,1.0,78560.0
2025-11-05,26830.0,1360.0,240.0,0.7591643989578567,453260.0,1,0.9996,79140.0
2025-11-06,26420.0,-100.0,280.0,0.7396371791384532,471983.0,1,0.9993,80500.0
2025-11-07,27332.0,-1900.0,420.0,0.7163039262721652,490951.0,1,0.9978,82300.0
2025-11-10,27491.0,-6490.0,200.0,0.7405907626514695,534483.0,1,0.9999,87240.0
2025-11-11,28099.0,-4240.0,240.0,0.7316780698205444,526493.0,1,0.9997,86540.0
2025-11-12,28287.0,-3280.0,40.0,0.7024950672744379,528966.0,1,1.0,86580.0
2025-11-13,27508.0,-3490.0,-100.0,0.7134759163978445,536514.0,3,1.0,87840.0
2025-11-14,27170.0,-2210.0,40.0,0.7091724625883414,516778.0,3,1.0,87360.0
2025-11-17,26953.0,-9050.0,100.0,0.8328779598675896,562954.0,3,1.0,95200.0
2025-11-18,26611.0,-6120.0,260.0,0.8751530949650975,484357.0,3,0.9986,93520.0
2025-11-19,26766.0,-10400.0,-140.0,1.010283532195146,503132.0,3,1.0,99300.0
2025-11-20,26916.0,-7680.0,60.0,1.123158281058326,479602.0,3,1.0,98980.0
2025-11-21,26848.0,1280.0,-20.0,1.1092524876488854,411327.0,3,0.9993,91020.0
2025-11-24,26510.0,1670.0,20.0,1.1056777094662893,365078.0,2,0.9504,90480.0
2025-11-25,26615.0,-3350.0,-60.0,1.132938392340756,343199.0,3,0.9746,95400.0
2025-11-26,27050.0,-3540.0,-160.0,1.1667089014666625,478054.0,3,1.0,96340.0
2025-11-27,26781.0,-2520.0,40.0,1.186790127643021,507882.0,3,1.0,95820.0
2025-11-28,5441.0,-2670.0,200.0,1.1727095608519422,526998.0,3,0.9979,96420.0
2025-12-01,8222.0,-2590.0,180.0,1.1655570221440752,543633.0,3,0.9999,96940.0
2025-12-02,8992.0,-2160.0,-100.0,1.0756137338101377,552239.0,3,1.0,96560.0
2025-12-03,9652.0,690.0,180.0,0.9500017208696542,562836.0,3,1.0,93660.0
2025-12-04,10422.0,300.0,380.0,0.8221674827911025,560629.0,3,1.0,93700.0
2025-12-05,10922.0,1090.0,300.0,0.7042905919113838,560676.0,3,1.0,92160.0
2025-12-08,13120.0,-2090.0,260.0,0.6672721562270746,593129.0,3,1.0,94840.0
2025-12-09,12920.0,-50.0,40.0,0.6078397926052221,575421.0,3,1.0,92800.0
2025-12-10,13680.0,-3280.0,-40.0,0.5395522217346783,605453.0,3,1.0,95980.0
2025-12-11,14750.0,-5380.0,100.0,0.5010932445343959,634283.0,3,1.0,98880.0
2025-12-12,15050.0,-3220.0,-320.0,0.414843997875995,636384.0,3,1.0,97720.0
2025-12-15,15260.0,-5910.0,20.0,0.4630439318425782,662185.0,3,1.0,101060.0
2025-12-16,15286.0,-4750.0,-160.0,0.4890264414096471,666027.0,3,1.0,100600.0
2025-12-17,15636.0,-11570.0,40.0,0.645312159608747,668589.0,3,1.0,108620.0
2025-12-18,15636.0,-8610.0,60.0,0.7241415919430352,672711.0,3,1.0,106160.0
2025-12-19,15511.0,-13750.0,-220.0,0.8420635669079394,668829.0,3,1.0,111400.0
2025-12-22,16411.0,-15380.0,-540.0,0.9587647323666508,671889.0,3,1.0,114380.0
2025-12-23,16651.0,-20860.0,-160.0,1.1688055159909667,671573.0,3,1.0,120360.0
2025-12-24,17101.0,-23220.0,-680.0,1.3896568132720115,647366.0,3,1.0,124720.0
2025-12-25,17101.0,-18620.0,-340.0,1.534692334851113,607187.0,3,1.0,123520.0
2025-12-26,17861.0,-18620.0,-1260.0,1.7292700006376391,577035.0,3,1.0,130520.0
2025-12-29,18191.0,-820.0,160.0,1.766942153480341,512345.0,3,1.0,118820.0
2025-12-30,19491.0,-3580.0,-100.0,1.8064847888278923,511309.0,3,1.0,121580.0
2025-12-31,20281.0,-3080.0,-860.0,1.800118615099568,490194.0,3,1.0,121580.0
2026-01-05,20281.0,-10480.0,-820.0,1.8355663897823915,515292.0,3,1.0,129980.0
2026-01-06,23141.0,-10440.0,-1100.0,1.88697262072568,534999.0,3,1.0,137940.0
2026-01-07,25180.0,-8800.0,-1120.0,1.962930722470424,506520.0,3,1.0,142300.0
2026-01-08,25770.0,-6500.0,-1240.0,1.9788450023456667,514467.0,3,1.0,145000.0
2026-01-09,25360.0,-3420.0,-900.0,1.96766679708945,510874.0,3,1.0,143420.0
2026-01-12,25970.0,-4060.0,360.0,2.05820017222708,506702.0,3,0.9999,156060.0
2026-01-13,26898.0,-7480.0,80.0,2.1694712108492427,460281.0,3,1.0,166980.0
2026-01-14,27158.0,1060.0,-960.0,2.1990717173152583,452583.0,0,1.0,161940.0
2026-01-15,27205.0,-4220.0,-1120.0,2.166697110858988,443942.0,0,1.0,163220.0
2026-01-16,27458.0,11800.0,280.0,2.08171417247578,416133.0,3,1.0,146200.0
2026-01-19,27698.0,3740.0,-240.0,1.934005896359683,411331.0,3,1.0,147260.0
2026-01-20,27681.0,-8000.0,-760.0,1.882019361341779,415351.0,3,1.0,160500.0
2026-01-21,28656.0,-8240.0,-800.0,1.8625117296524307,427928.0,3,1.0,166740.0
2026-01-22,28886.0,-4280.0,-40.0,1.8765106048283624,436686.0,3,1.0,168780.0
2026-01-23,28156.0,-10520.0,-240.0,1.981621345017271,438728.0,3,1.0,181520.0
2026-01-26,28646.0,15820.0,-1140.0,1.9342601208591468,416719.0,0,1.0,165680.0
2026-01-27,29166.0,-7100.0,200.0,1.9918050673977912,422433.0,3,1.0,179600.0
2026-01-28,29966.0,5720.0,-80.0,1.825667417118878,410985.0,3,1.0,166280.0
2026-01-29,30211.0,3180.0,-940.0,1.6399829894062847,402347.0,3,1.0,164820.0
2026-01-30,30631.0,12300.0,-80.0,1.3926402212086535,372601.0,3,1.0,148200.0
2026-02-02,32241.0,23060.0,460.0,1.3619586303859317,347698.0,3,1.0,132440.0
2026-02-03,33084.0,5400.0,20.0,1.2982581794202568,355770.0,3,1.0,148100.0
2026-02-04,34114.0,5780.0,-740.0,1.2700571040190023,359912.0,3,1.0,147220.0
2026-02-05,33787.0,11220.0,-300.0,1.375609374543754,329777.0,3,1.0,132780.0
2026-02-06,33777.0,1580.0,-780.0,1.4612006256127046,328575.0,3,0.9948,132920.0
2026-02-09,34597.0,-1500.0,100.0,1.5309126626435736,344071.0,3,0.9998,137000.0
2026-02-10,35537.0,-1340.0,-920.0,1.5625546272032151,345989.0,3,0.9992,137340.0
2026-02-11,35527.0,-12260.0,20.0,1.552316764596308,356531.0,3,1.0,150260.0
2026-02-12,37282.0,-6920.0,320.0,1.5363345522729517,353975.0,3,1.0,149420.0
2026-02-13,38759.0,-8890.0,-1420.0,1.528691401746029,342226.0,3,0.9887,152640.0
2026-02-24,38855.0,-12120.0,-620.0,1.5419540004624146,365180.0,3,1.0,164120.0
2026-02-25,38525.0,-4730.0,-1100.0,1.560369861807915,377037.0,3,0.9999,166480.0
2026-02-26,38451.0,-660.0,-820.0,1.5930741392797392,375204.0,3,1.0,173660.0
2026-02-27,38461.0,-4040.0,-220.0,1.6298165614017217,381552.0,3,1.0,176040.0
2026-03-02,38196.0,480.0,-1160.0,1.571862336778362,378336.0,3,1.0,172020.0
2026-03-03,37755.0,10140.0,-1060.0,1.5505274992535314,339604.0,3,1.0,150860.0
2026-03-04,37155.0,940.0,-340.0,1.439043025062562,339011.0,3,0.9997,153060.0
2026-03-05,36840.0,140.0,-420.0,1.4054444816445806,332374.0,3,0.9978,155860.0
2026-03-06,36330.0,-910.0,-240.0,1.377036166814137,333903.0,3,0.9957,156160.0
2026-03-09,36861.0,-6310.0,180.0,1.3916318742052551,330671.0,3,0.9994,161060.0
2026-03-10,37019.0,-4500.0,-640.0,1.316567882295124,332517.0,3,0.7827,163000.0
2026-03-11,36739.0,3960.0,1360.0,1.3103831707243585,330436.0,3,0.6568,155040.0
2026-03-12,36455.0,1020.0,-340.0,1.3019713279352183,325382.0,3,0.9887,156980.0
2026-03-13,36403.0,6920.0,-20.0,1.1824257116512118,316964.0,3,1.0,152080.0
2026-03-16,36393.0,-3120.0,320.0,1.0371388542188626,310683.0,1,0.7875,159620.0
2026-03-17,36465.0,2680.0,860.0,0.9135468154627272,308842.0,1,0.8509,155320.0
2026-03-18,35769.0,5380.0,-160.0,0.7846767625187185,307422.0,1,0.7513,150120.0
2026-03-19,34740.0,9900.0,-500.0,0.8485100333679887,282745.0,1,0.9994,142600.0
2026-03-20,34318.0,5140.0,1680.0,0.8898331515791013,276578.0,1,0.9362,143860.0
2026-03-23,33537.0,-2540.0,-280.0,0.9048986009737804,269477.0,1,1.0,149040.0
2026-03-24,32078.0,-5440.0,480.0,0.8978581271996136,260696.0,3,1.0,152940.0
2026-03-25,31460.0,-6620.0,160.0,0.873867775856823,251957.0,1,1.0,159120.0
2026-03-26,30751.0,-700.0,1280.0,0.7891119202859792,246385.0,1,0.9985,157200.0
2026-03-27,30111.0,-10440.0,-960.0,0.713949678869058,247637.0,1,0.9807,168440.0
2026-03-30,31064.0,-7120.0,-1080.0,0.7098070936817771,237761.0,1,0.505,171620.0
2026-03-31,11318.0,5800.0,1040.0,0.7016144991089104,217916.0,3,0.9996,157200.0
2026-04-01,17658.0,2880.0,3500.0,0.7008285664217405,212931.0,1,1.0,158620.0
2026-04-02,19238.0,360.0,840.0,0.7038783440093759,206515.0,3,0.6422,159140.0
2026-04-03,21238.0,640.0,1200.0,0.7047022083345879,218471.0,3,0.5405,157860.0
2026-04-07,21508.0,-1860.0,3360.0,0.704054480285684,233277.0,1,1.0,160860.0
2026-04-08,23654.0,-1120.0,3300.0,0.6920101693198035,241459.0,1,1.0,159620.0
2026-04-09,24664.0,2190.0,-740.0,0.6941467701255754,252754.0,3,1.0,153560.0
2026-04-10,25453.0,-2050.0,-1940.0,0.6946689282167335,258584.0,1,0.9905,157600.0
2026-04-13,26203.0,-9500.0,-2360.0,0.7215073080999916,298143.0,1,0.6988,166500.0
2026-04-14,27523.0,-5340.0,-2280.0,0.7508334178079619,324231.0,1,1.0,166840.0
2026-04-15,28383.0,-2660.0,-2920.0,0.7875614782567611,348716.0,1,1.0,168660.0
2026-04-16,29423.0,-8500.0,-1280.0,0.8498089831529839,394543.0,1,1.0,176000.0
2026-04-17,30023.0,-8060.0,-1600.0,0.8312521802527113,408749.0,1,1.0,177560.0
2026-04-20,30688.0,-7700.0,-1580.0,0.8140982001416048,435887.0,1,1.0,180200.0
2026-04-21,32268.0,-2260.0,-1520.0,0.7803017930617292,424045.0,3,0.9998,174260.0
2026-04-22,32658.0,-4240.0,-1440.0,0.7688369302125742,430946.0,3,0.9995,175240.0
2026-04-23,33359.0,-4960.0,-1640.0,0.7982766401171294,441139.0,3,0.9992,177960.0
2026-04-24,34298.0,-4900.0,-1680.0,0.8062431233000005,455510.0,3,0.9609,177900.0
2026-04-27,35327.0,-4560.0,-1700.0,0.8502428310971254,466692.0,3,0.7388,180560.0
2026-04-28,36392.0,-4120.0,-1520.0,0.8752621831992506,453086.0,3,0.8136,178620.0
2026-04-29,36962.0,-9380.0,-1660.0,0.8935548690499898,479107.0,3,0.9968,183880.0
2026-04-30,38012.0,-12080.0,-500.0,0.9380943285629094,489790.0,3,1.0,189080.0
2026-05-06,39041.0,-11900.0,-1880.0,1.0436457429539014,511071.0,3,1.0,199400.0
2026-05-07,42631.0,-8560.0,-2520.0,1.0990141106155942,517613.0,1,1.0,199060.0
2026-05-08,43930.0,-2560.0,-1960.0,1.1273782422302483,513252.0,3,1.0,196560.0
2026-05-11,43880.0,-9770.0,-1920.0,1.177994606144248,540666.0,3,1.0,205020.0
2026-05-12,45954.0,-5260.0,-2380.0,1.1332845234377726,537448.0,3,1.0,205260.0
2026-05-13,47720.0,-1460.0,-6340.0,1.0685715629318409,519507.0,1,1.0,201960.0
2026-05-14,49310.0,3240.0,-2780.0,1.0155163332312709,478280.0,1,1.0,191760.0
2026-05-15,50639.0,3200.0,-2800.0,0.9446313037199612,458573.0,1,0.9999,188800.0
2026-05-18,51804.0,-680.0,-1160.0,0.8786619554533076,466957.0,1,0.9983,192180.0
2026-05-19,52579.0,2100.0,-2380.0,0.851226157847819,446424.0,1,0.9988,184400.0
2026-05-20,53083.0,-4100.0,-3480.0,0.83215472797611,447264.0,1,1.0,183100.0
2026-05-21,52337.0,4400.0,-3800.0,0.8430489646592504,448172.0,1,0.9894,177600.0
2026-05-22,53047.0,-6460.0,-4420.0,0.8005872276694795,452850.0,1,0.8298,184460.0
2026-05-25,52143.0,2050.0,-3280.0,0.769918997277533,449777.0,1,0.9864,181200.0
2026-05-26,53763.0,4040.0,-3640.0,0.7818043594207513,441930.0,1,0.9968,175960.0
2026-05-27,54249.0,4000.0,-3420.0,0.8137884020664873,428592.0,1,0.9936,173000.0
2026-05-28,54033.0,-3360.0,-4080.0,0.8206760907084694,426476.0,1,0.9641,178860.0
2026-05-29,54195.0,-2240.0,-4120.0,0.8158517019202447,427826.0,1,0.9848,179740.0
2026-06-01,55215.0,100.0,-3120.0,0.8315118166413337,433713.0,1,0.9994,178900.0
2026-06-02,55990.0,2770.0,-4180.0,0.8803206013875441,432273.0,1,0.994,172980.0
2026-06-03,56045.0,3740.0,-4420.0,0.9352497583283312,427311.0,1,1.0,166760.0
2026-06-04,56599.0,7510.0,-4940.0,1.0224005433478152,425107.0,1,1.0,160740.0
2026-06-05,55687.0,-1360.0,-4760.0,1.0589441953488856,422004.0,1,1.0,164360.0
2026-06-08,55940.0,410.0,-4480.0,1.0272443182320012,423382.0,1,0.9999,163340.0
2026-06-09,55544.0,-4710.0,-5020.0,0.9293363712757796,438866.0,1,0.9997,168460.0
2026-06-10,55581.0,-1650.0,-3760.0,0.8303500438475069,443549.0,1,1.0,167400.0
2026-06-11,54683.0,-8100.0,-4700.0,0.7728345085241802,448867.0,1,1.0,174600.0
2026-06-12,53787.0,-4800.0,-1520.0,0.7261446546599075,447123.0,1,0.6618,175300.0
2026-06-15,53885.0,-3940.0,-5040.0,0.6399598256982918,450397.0,1,0.9293,174440.0
2026-06-16,53285.0,-980.0,-4760.0,0.6091290133154897,449952.0,1,0.9843,169980.0
2026-06-17,52685.0,-1800.0,-5300.0,0.5767938244773824,455847.0,1,0.9984,171300.0
2026-06-18,51975.0,6750.0,-5340.0,0.6220063825939306,450964.0,1,1.0,160500.0
2026-06-22,50415.0,-4740.0,-4600.0,0.6012084029629976,447324.0,1,0.9717,161740.0
2026-06-23,50460.0,1280.0,-4500.0,0.6266962122877846,449841.0,1,0.7435,157220.0
2026-06-24,49115.0,-5240.0,-4280.0,0.6276031392586537,452152.0,1,0.9989,162740.0
2026-06-25,49007.0,6160.0,-4320.0,0.7343624954941964,454628.0,1,0.9624,150840.0
2026-06-26,48544.0,2280.0,-4260.0,0.7904974343731475,443472.0,1,0.849,150220.0
2026-06-29,48489.0,-2170.0,-4720.0,0.781441785124007,437057.0,1,0.999,153920.0
2026-06-30,48731.0,-6860.0,-4300.0,0.7242969178786424,424925.0,1,0.9898,163360.0
2026-07-01,49331.0,-4560.0,-4180.0,0.6997268484454118,423487.0,1,0.6508,164560.0
2026-07-02,48578.0,-1540.0,-4580.0,0.6969400976014664,419254.0,1,0.9999,164040.0
2026-07-03,48206.0,-3530.0,-5420.0,0.7008014505976914,412685.0,1,1.0,168780.0
2026-07-06,46708.0,690.0,-3560.0,0.7008360489433284,416855.0,1,1.0,164560.0
2026-07-07,46085.0,1140.0,-820.0,0.7008243889058609,413590.0,1,0.9894,163360.0
2026-07-08,43640.0,5560.0,-3640.0,0.7047897301699672,412567.0,1,0.9905,158440.0
2026-07-09,44020.0,5480.0,-4220.0,0.737080418439812,416044.0,1,0.9999,153020.0
2026-07-10,42067.0,3400.0,-80.0,0.7326207801191943,411866.0,1,0.9996,151600.0
2026-07-13,42406.0,1760.0,-4240.0,0.7000553219367286,415469.0,1,0.868,152240.0
