window,factor,quintile,mean_fwd_ret,n
1,f_stock_pct20,1,-0.1089607292412354,4
1,f_stock_pct20,2,-0.043556488158871975,4
1,f_stock_pct20,3,-0.044107684684136644,4
1,f_stock_pct20,4,-0.07674587267070537,4
1,f_stock_pct20,5,-0.09472346692971659,4
1,f_wh_basis,1,-0.10178430536713906,4
1,f_wh_basis,2,-0.09809913183643168,4
1,f_wh_basis,3,-0.0574471189323259,4
1,f_wh_basis,4,-0.06099584960859335,4
1,f_wh_basis,5,-0.04976783594017597,4
1,f_wh_basis_x_stockpct,1,-0.10178430536713906,4
1,f_wh_basis_x_stockpct,2,-0.11608591979542252,4
1,f_wh_basis_x_stockpct,3,-0.03491826144144579,4
1,f_wh_basis_x_stockpct,4,-0.06795443858065844,4
1,f_wh_basis_x_stockpct,5,-0.04735131650000017,4
1,f_oprate_pct20,1,-0.08967983730711859,4
1,f_oprate_pct20,2,-0.08810137675574688,4
1,f_oprate_pct20,3,-0.07507962913484555,4
1,f_oprate_pct20,4,-0.05730313672768773,4
1,f_oprate_pct20,5,-0.05793026175926724,4
1,f_prod_pct20,1,-0.07308501071714466,4
1,f_prod_pct20,2,-0.06473531349921391,4
1,f_prod_pct20,3,-0.06302424663380451,4
1,f_prod_pct20,4,-0.06881521451103687,4
1,f_prod_pct20,5,-0.09843445632346604,4
2,f_stock_pct20,1,-0.0622061798395006,4
2,f_stock_pct20,2,-0.07123881485128367,4
2,f_stock_pct20,3,-0.08851096085046953,4
2,f_stock_pct20,4,-0.11738249863674755,4
2,f_stock_pct20,5,-0.12237829144008794,4
2,f_wh_basis,1,-0.13670180802639922,4
2,f_wh_basis,2,-0.10998974856204488,4
2,f_wh_basis,3,-0.09081607358055468,4
2,f_wh_basis,4,-0.06864093248917325,4
2,f_wh_basis,5,-0.05556818295991725,4
2,f_wh_basis_x_stockpct,1,-0.13670180802639922,4
2,f_wh_basis_x_stockpct,2,-0.09996470053551185,4
2,f_wh_basis_x_stockpct,3,-0.07500382060594096,4
2,f_wh_basis_x_stockpct,4,-0.0909865109627189,4
2,f_wh_basis_x_stockpct,5,-0.05905990548751834,4
2,f_oprate_pct20,1,-0.06691193231071824,4
2,f_oprate_pct20,2,-0.056504366365448914,4
2,f_oprate_pct20,3,-0.10429822561371344,4
2,f_oprate_pct20,4,-0.07864960691885813,4
2,f_oprate_pct20,5,-0.15535261440935058,4
2,f_prod_pct20,1,-0.07864960691885813,4
2,f_prod_pct20,2,-0.06691193231071824,4
2,f_prod_pct20,3,-0.056504366365448914,4
2,f_prod_pct20,4,-0.10429822561371344,4
2,f_prod_pct20,5,-0.15535261440935058,4
3,f_stock_pct20,1,-0.15193972386921023,4
3,f_stock_pct20,2,-0.1469730896103751,4
3,f_stock_pct20,3,-0.13936131250652534,4
3,f_stock_pct20,4,-0.0613596522711833,4
3,f_stock_pct20,5,-0.07001711084768358,4
3,f_wh_basis,1,-0.14146056881903382,4
3,f_wh_basis,2,-0.13322700679440747,4
3,f_wh_basis,3,-0.136225724862212,4
3,f_wh_basis,4,-0.11098060673192903,4
3,f_wh_basis,5,-0.047756981897395245,4
3,f_wh_basis_x_stockpct,1,-0.11253240914905718,4
3,f_wh_basis_x_stockpct,2,-0.14948928101326275,4
3,f_wh_basis_x_stockpct,3,-0.12579757619194934,4
3,f_wh_basis_x_stockpct,4,-0.1286890260608152,4
3,f_wh_basis_x_stockpct,5,-0.05314259668989313,4
3,f_oprate_pct20,1,-0.15412544299329034,4
3,f_oprate_pct20,2,-0.15041966603640028,4
3,f_oprate_pct20,3,-0.09447461813286562,4
3,f_oprate_pct20,4,-0.04521649913580751,4
3,f_oprate_pct20,5,-0.1254146628066138,4
3,f_prod_pct20,1,-0.14198593768802556,4
3,f_prod_pct20,2,-0.15412544299329034,4
3,f_prod_pct20,3,-0.10290834648124034,4
3,f_prod_pct20,4,-0.04521649913580751,4
3,f_prod_pct20,5,-0.1254146628066138,4
4,f_stock_pct20,1,-0.06131024744757778,4
4,f_stock_pct20,2,-0.05164775940260474,4
4,f_stock_pct20,3,-0.11461277351862018,4
4,f_stock_pct20,4,-0.12581013207118383,4
4,f_stock_pct20,5,-0.14210383357607465,4
4,f_wh_basis,1,-0.17542133774647364,4
4,f_wh_basis,2,-0.13542628080801428,4
4,f_wh_basis,3,-0.07063765259133395,4
4,f_wh_basis,4,-0.07356427593757037,4
4,f_wh_basis,5,-0.04043519893266899,4
4,f_wh_basis_x_stockpct,1,-0.14842844396739616,4
4,f_wh_basis_x_stockpct,2,-0.15499125627396373,4
4,f_wh_basis_x_stockpct,3,-0.0688053105040479,4
4,f_wh_basis_x_stockpct,4,-0.08686576899419654,4
4,f_wh_basis_x_stockpct,5,-0.03639396627645684,4
4,f_oprate_pct20,1,-0.059709190709204274,4
4,f_oprate_pct20,2,-0.12559019885781408,4
4,f_oprate_pct20,3,-0.1384370610977131,4
4,f_oprate_pct20,4,-0.14103508432646367,4
4,f_oprate_pct20,5,-0.030713211024866065,4
4,f_prod_pct20,1,-0.07316387723090881,4
4,f_prod_pct20,2,-0.022900813897747202,4
4,f_prod_pct20,3,-0.11721827241484811,4
4,f_prod_pct20,4,-0.11520054512750752,4
4,f_prod_pct20,5,-0.16700123734504954,4
5,f_stock_pct20,1,-0.0017709115816510975,4
5,f_stock_pct20,2,0.048323513423240864,4
5,f_stock_pct20,3,-0.04278761026046586,4
5,f_stock_pct20,4,0.012755914581592063,4
5,f_stock_pct20,5,0.009914632564608518,4
5,f_wh_basis,1,-0.03263988474325404,4
5,f_wh_basis,2,-0.004101498984447771,4
5,f_wh_basis,3,0.010592795089227438,4
5,f_wh_basis,4,0.00628284662032479,4
5,f_wh_basis,5,0.04630128074547407,4
5,f_wh_basis_x_stockpct,1,-0.020224076251687935,4
5,f_wh_basis_x_stockpct,2,-0.004072986654130036,4
5,f_wh_basis_x_stockpct,3,-0.0018515257326564014,4
5,f_wh_basis_x_stockpct,4,0.00628284662032479,4
5,f_wh_basis_x_stockpct,5,0.04630128074547407,4
5,f_oprate_pct20,1,0.03923610540986039,4
5,f_oprate_pct20,2,0.007316496431729379,4
5,f_oprate_pct20,3,0.008894136866676837,4
5,f_oprate_pct20,4,0.00910600158512727,4
5,f_oprate_pct20,5,-0.03811720156606939,4
5,f_prod_pct20,1,0.03923610540986039,4
5,f_prod_pct20,2,0.007316496431729379,4
5,f_prod_pct20,3,0.008894136866676837,4
5,f_prod_pct20,4,0.00910600158512727,4
5,f_prod_pct20,5,-0.03811720156606939,4
6,f_stock_pct20,1,0.12439751785677783,4
6,f_stock_pct20,2,0.05941633268161625,4
6,f_stock_pct20,3,-0.012698337070521547,4
6,f_stock_pct20,4,-0.012180077295849842,4
6,f_stock_pct20,5,-0.032794831841936656,4
6,f_wh_basis,1,-0.041850415359591844,4
6,f_wh_basis,2,-0.021707246783271527,4
6,f_wh_basis,3,0.005884415934555324,4
6,f_wh_basis,4,0.05727063203886747,4
6,f_wh_basis,5,0.1265432184995266,4
6,f_wh_basis_x_stockpct,1,-0.04059123051949575,4
6,f_wh_basis_x_stockpct,2,-0.01513713779005027,4
6,f_wh_basis_x_stockpct,3,0.0040998462305046396,4
6,f_wh_basis_x_stockpct,4,0.0514274530341782,4
6,f_wh_basis_x_stockpct,5,0.12634167337494923,4
6,f_oprate_pct20,1,-0.014573329214306263,4
6,f_oprate_pct20,2,-0.002692051627158629,4
6,f_oprate_pct20,3,0.03633662889186419,4
6,f_oprate_pct20,4,0.10915831208755107,4
6,f_oprate_pct20,5,-0.002088955807864331,4
6,f_prod_pct20,1,-0.014573329214306263,4
6,f_prod_pct20,2,-0.002692051627158629,4
6,f_prod_pct20,3,0.03633662889186419,4
6,f_prod_pct20,4,0.10915831208755107,4
6,f_prod_pct20,5,-0.002088955807864331,4
7,f_stock_pct20,1,0.10465442345530529,4
7,f_stock_pct20,2,0.04603227068758897,4
7,f_stock_pct20,3,0.032168323974954116,4
7,f_stock_pct20,4,-0.012657946887576097,4
7,f_stock_pct20,5,-0.06399143796119337,4
7,f_wh_basis,1,-0.04585726259177668,4
7,f_wh_basis,2,-0.0004202580369387348,4
7,f_wh_basis,3,0.04993210317319644,4
7,f_wh_basis,4,0.039180514257948065,4
7,f_wh_basis,5,0.06337053646664981,4
7,f_wh_basis_x_stockpct,1,-0.07030466467759916,4
7,f_wh_basis_x_stockpct,2,0.01627480579357009,4
7,f_wh_basis_x_stockpct,3,0.03234287132599397,4
7,f_wh_basis_x_stockpct,4,0.0645220843604642,4
7,f_wh_basis_x_stockpct,5,0.06337053646664981,4
7,f_oprate_pct20,1,0.10465442345530529,4
7,f_oprate_pct20,2,0.05499707493764433,4
7,f_oprate_pct20,3,-0.027906769297709653,4
7,f_oprate_pct20,4,-0.00833424590231064,4
7,f_oprate_pct20,5,-0.017204849923850418,4
7,f_prod_pct20,1,0.10465442345530529,4
7,f_prod_pct20,2,0.05499707493764433,4
7,f_prod_pct20,3,-0.027906769297709653,4
7,f_prod_pct20,4,-0.00833424590231064,4
7,f_prod_pct20,5,-0.017204849923850418,4
8,f_stock_pct20,1,-0.004581570467503977,4
8,f_stock_pct20,2,0.0112565677316841,4
8,f_stock_pct20,3,0.014375955473410128,4
8,f_stock_pct20,4,-0.04127796140813355,4
8,f_stock_pct20,5,-0.07031891304031232,4
8,f_wh_basis,1,-0.09174731254534112,4
8,f_wh_basis,2,-0.019014025882830302,4
8,f_wh_basis,3,0.010368543544761234,4
8,f_wh_basis,4,-0.007477205319223322,4
8,f_wh_basis,5,0.01732407849177789,4
8,f_wh_basis_x_stockpct,1,-0.07110560436252922,4
8,f_wh_basis_x_stockpct,2,-0.02913137026669748,4
8,f_wh_basis_x_stockpct,3,0.007766308544376823,4
8,f_wh_basis_x_stockpct,4,0.0006728385341880734,4
8,f_wh_basis_x_stockpct,5,0.00125190583980618,4
8,f_oprate_pct20,1,0.015263979660332995,4
8,f_oprate_pct20,2,-0.0022653771131040555,4
8,f_oprate_pct20,3,-0.08111968787508467,4
8,f_oprate_pct20,4,-0.017843265915495933,4
8,f_oprate_pct20,5,-0.004581570467503977,4
8,f_prod_pct20,1,-0.06315881868919988,4
8,f_prod_pct20,2,-0.031414623491036825,4
8,f_prod_pct20,3,-0.001759452607876166,4
8,f_prod_pct20,4,0.010368543544761234,4
8,f_prod_pct20,5,-0.004581570467503977,4
9,f_stock_pct20,1,0.0661768238108629,4
9,f_stock_pct20,2,0.023055432187184553,4
9,f_stock_pct20,3,-0.006058096151825761,4
9,f_stock_pct20,4,0.0021673032509982497,4
9,f_stock_pct20,5,0.01064808507898042,4
9,f_wh_basis,1,-0.015025869587039144,4
9,f_wh_basis,2,0.009680593878429495,4
9,f_wh_basis,3,0.013309998283906397,4
9,f_wh_basis,4,0.021848001790040716,4
9,f_wh_basis,5,0.0661768238108629,4
9,f_wh_basis_x_stockpct,1,-0.0035677679578289077,4
9,f_wh_basis_x_stockpct,2,0.011285547378354122,4
9,f_wh_basis_x_stockpct,3,0.014545475426401229,4
9,f_wh_basis_x_stockpct,4,0.047297194680140424,4
9,f_wh_basis_x_stockpct,5,0.02642909864913349,4
9,f_oprate_pct20,1,-0.01261480550589371,4
9,f_oprate_pct20,2,0.0021673032509982497,4
9,f_oprate_pct20,3,0.017204794433048367,4
9,f_oprate_pct20,4,0.038496887050155706,4
9,f_oprate_pct20,5,0.05073536894789175,4
9,f_prod_pct20,1,-0.005452101096446019,4
9,f_prod_pct20,2,-0.004995401158449442,4
9,f_prod_pct20,3,0.017204794433048367,4
9,f_prod_pct20,4,0.038496887050155706,4
9,f_prod_pct20,5,0.05073536894789175,4
10,f_stock_pct20,1,-0.02214083574393431,4
10,f_stock_pct20,2,-0.022028409413652045,4
10,f_stock_pct20,3,-0.03889506558550253,4
10,f_stock_pct20,4,-0.045125348353423744,4
10,f_stock_pct20,5,-0.03865964378042857,4
10,f_wh_basis,1,-0.041272213785472564,4
10,f_wh_basis,2,-0.052075149699328235,4
10,f_wh_basis,3,-0.02825509507219068,4
10,f_wh_basis,4,-0.02439172907120071,4
10,f_wh_basis,5,-0.020855115248749015,4
10,f_wh_basis_x_stockpct,1,-0.03865964378042857,4
10,f_wh_basis_x_stockpct,2,-0.0324488678637339,4
10,f_wh_basis_x_stockpct,3,-0.023750469640014555,4
10,f_wh_basis_x_stockpct,4,-0.040096980990862674,4
10,f_wh_basis_x_stockpct,5,-0.03189334060190149,4
10,f_oprate_pct20,1,-0.03107912739059964,4
10,f_oprate_pct20,2,-0.036311912513866396,4
10,f_oprate_pct20,3,-0.0418487673338507,4
10,f_oprate_pct20,4,-0.03867534101524825,4
10,f_oprate_pct20,5,-0.018934154623376224,4
10,f_prod_pct20,1,-0.021298001292175336,4
10,f_prod_pct20,2,-0.04609303861229069,4
10,f_prod_pct20,3,-0.0418487673338507,4
10,f_prod_pct20,4,-0.03867534101524825,4
10,f_prod_pct20,5,-0.018934154623376224,4
10,f_cell_pct20,1,-0.04374037605507965,4
10,f_cell_pct20,2,-0.0441324975947526,3
10,f_cell_pct20,3,-0.03387491078571265,3
10,f_cell_pct20,4,-0.023523397498323398,3
10,f_cell_pct20,5,-0.021069099844744508,4
11,f_stock_pct20,1,-0.07314141720851923,4
11,f_stock_pct20,2,-0.06657342453038156,4
11,f_stock_pct20,3,-0.04533347342810078,4
11,f_stock_pct20,4,-0.0333559914063436,4
11,f_stock_pct20,5,-0.017021444069352572,4
11,f_wh_basis,1,-0.06891033654672712,4
11,f_wh_basis,2,-0.03573582090684351,4
11,f_wh_basis,3,-0.06187209849635311,4
11,f_wh_basis,4,-0.05268203940839836,4
11,f_wh_basis,5,-0.016225455284375613,4
11,f_wh_basis_x_stockpct,1,-0.01790103836017452,4
11,f_wh_basis_x_stockpct,2,-0.03940098309040276,4
11,f_wh_basis_x_stockpct,3,-0.05418340340838352,4
11,f_wh_basis_x_stockpct,4,-0.0653409210363812,4
11,f_wh_basis_x_stockpct,5,-0.058599404747355734,4
11,f_oprate_pct20,1,-0.04116826015903492,4
11,f_oprate_pct20,2,-0.04828502819815954,4
11,f_oprate_pct20,3,-0.04588219608652042,4
11,f_oprate_pct20,4,-0.026018458080008803,4
11,f_oprate_pct20,5,-0.07407180811897404,4
11,f_prod_pct20,1,-0.04116826015903492,4
11,f_prod_pct20,2,-0.04828502819815954,4
11,f_prod_pct20,3,-0.04588219608652042,4
11,f_prod_pct20,4,-0.026018458080008803,4
11,f_prod_pct20,5,-0.07407180811897404,4
11,f_cell_pct20,1,-0.03521772015355095,4
11,f_cell_pct20,2,-0.026018458080008803,4
11,f_cell_pct20,3,-0.03030951740117134,4
11,f_cell_pct20,4,-0.07407180811897404,4
11,f_cell_pct20,5,-0.0698082468889926,4
12,f_stock_pct20,1,-0.1201259802475266,4
12,f_stock_pct20,2,-0.10160703896125552,4
12,f_stock_pct20,3,-0.08232269770323064,4
12,f_stock_pct20,4,-0.11501806374468104,4
12,f_stock_pct20,5,-0.06270370044133182,4
12,f_wh_basis,1,-0.09605877849561623,4
12,f_wh_basis,2,-0.08441743855645592,4
12,f_wh_basis,3,-0.12033958171459662,4
12,f_wh_basis,4,-0.08805865339894145,4
12,f_wh_basis,5,-0.09290302893241537,4
12,f_wh_basis_x_stockpct,1,-0.10339895232564829,4
12,f_wh_basis_x_stockpct,2,-0.11391501226514889,4
12,f_wh_basis_x_stockpct,3,-0.08398729945515626,4
12,f_wh_basis_x_stockpct,4,-0.08441743855645592,4
12,f_wh_basis_x_stockpct,5,-0.09605877849561623,4
12,f_oprate_pct20,1,-0.10703444944724844,4
12,f_oprate_pct20,2,-0.10487841958945299,4
12,f_oprate_pct20,3,-0.09989170223843641,4
12,f_oprate_pct20,4,-0.0943751123602686,4
12,f_oprate_pct20,5,-0.07559779746261917,4
12,f_prod_pct20,1,-0.10487841958945299,4
12,f_prod_pct20,2,-0.11432672703893712,4
12,f_prod_pct20,3,-0.09259942464674772,4
12,f_prod_pct20,4,-0.0943751123602686,4
12,f_prod_pct20,5,-0.07559779746261917,4
12,f_cell_pct20,1,-0.06270370044133182,4
12,f_cell_pct20,2,-0.08536871550013385,4
12,f_cell_pct20,3,-0.1011724119179213,4
12,f_cell_pct20,4,-0.1218805096113061,4
12,f_cell_pct20,5,-0.11065214362733253,4
13,f_stock_pct20,1,-0.12416780328985016,4
13,f_stock_pct20,2,-0.12564550758106843,4
13,f_stock_pct20,3,-0.04434273027294146,4
13,f_stock_pct20,4,-0.0494853166258093,4
13,f_stock_pct20,5,-0.0824625261374712,4
13,f_wh_basis,1,-0.08382009505364268,4
13,f_wh_basis,2,-0.09257665590000434,4
13,f_wh_basis,3,-0.10168824810698712,4
13,f_wh_basis,4,-0.09118182333940349,4
13,f_wh_basis,5,-0.05683706150710292,4
13,f_wh_basis_x_stockpct,1,-0.12416780328985016,4
13,f_wh_basis_x_stockpct,2,-0.10998050035451762,4
13,f_wh_basis_x_stockpct,3,-0.08043276165450353,4
13,f_wh_basis_x_stockpct,4,-0.029060292470798048,4
13,f_wh_basis_x_stockpct,5,-0.0824625261374712,4
13,f_oprate_pct20,1,-0.0494853166258093,4
13,f_oprate_pct20,2,-0.04434273027294146,4
13,f_oprate_pct20,3,-0.1260213429009818,4
13,f_oprate_pct20,4,-0.1237919679699368,4
13,f_oprate_pct20,5,-0.0824625261374712,4
13,f_prod_pct20,1,-0.0494853166258093,4
13,f_prod_pct20,2,-0.04434273027294146,4
13,f_prod_pct20,3,-0.11618472324716658,4
13,f_prod_pct20,4,-0.117737697284053,4
13,f_prod_pct20,5,-0.0983534164771702,4
13,f_cell_pct20,1,-0.11595142131373276,4
13,f_cell_pct20,2,-0.10059255932550748,4
13,f_cell_pct20,3,-0.10075787162757677,4
13,f_cell_pct20,4,-0.04998536193803843,4
13,f_cell_pct20,5,-0.05881666970228513,4
14,f_stock_pct20,1,0.08636208696740015,4
14,f_stock_pct20,2,0.046446792374722,4
14,f_stock_pct20,3,0.04920046560410755,4
14,f_stock_pct20,4,0.025094969732335826,4
14,f_stock_pct20,5,-0.029399709146391926,4
14,f_wh_basis,1,0.04648559776483758,4
14,f_wh_basis,2,0.05392801015238126,4
14,f_wh_basis,3,0.08159573702901086,4
14,f_wh_basis,4,-0.013248545217369258,4
14,f_wh_basis,5,0.008943805803313165,4
14,f_wh_basis_x_stockpct,1,0.08636208696740015,4
14,f_wh_basis_x_stockpct,2,0.04916166021399196,4
14,f_wh_basis_x_stockpct,3,0.05412109084196488,4
14,f_wh_basis_x_stockpct,4,0.0015888091972957666,4
14,f_wh_basis_x_stockpct,5,-0.013529041688479165,4
14,f_oprate_pct20,1,-0.018730101498761205,4
14,f_oprate_pct20,2,0.014425362084705108,4
14,f_oprate_pct20,3,0.04920046560410755,4
14,f_oprate_pct20,4,0.046446792374722,4
14,f_oprate_pct20,5,0.08636208696740015,4
14,f_prod_pct20,1,-0.018730101498761205,4
14,f_prod_pct20,2,0.014425362084705108,4
14,f_prod_pct20,3,0.04920046560410755,4
14,f_prod_pct20,4,0.046446792374722,4
14,f_prod_pct20,5,0.08636208696740015,4
14,f_cell_pct20,1,0.08342054196191541,4
14,f_cell_pct20,2,0.049388337380206745,4
14,f_cell_pct20,3,0.04920046560410755,4
14,f_cell_pct20,4,0.01759701466610735,4
14,f_cell_pct20,5,-0.021901754080163448,4
15,f_stock_pct20,1,0.16279163826841964,4
15,f_stock_pct20,2,0.09045945519052642,4
15,f_stock_pct20,3,0.19369712446521384,4
15,f_stock_pct20,4,0.11095671883320918,4
15,f_stock_pct20,5,0.14658998916529697,4
15,f_wh_basis,1,0.15010628186157132,4
15,f_wh_basis,2,0.12288777897576242,4
15,f_wh_basis,3,0.13172731545864258,4
15,f_wh_basis,4,0.15318356046139275,4
15,f_wh_basis,5,0.14658998916529697,4
15,f_wh_basis_x_stockpct,1,0.14658998916529697,4
15,f_wh_basis_x_stockpct,2,0.1737377470929569,4
15,f_wh_basis_x_stockpct,3,0.12633352716807578,4
15,f_wh_basis_x_stockpct,4,0.07023962559543477,4
15,f_wh_basis_x_stockpct,5,0.18759403690090165,4
15,f_oprate_pct20,1,0.07209933532727116,4
15,f_oprate_pct20,2,0.1436640030923446,4
15,f_oprate_pct20,3,0.17032169439765943,4
15,f_oprate_pct20,4,0.1381062099148902,4
15,f_oprate_pct20,5,0.18030368319050066,4
15,f_prod_pct20,1,0.07209933532727116,4
15,f_prod_pct20,2,0.1436640030923446,4
15,f_prod_pct20,3,0.17032169439765943,4
15,f_prod_pct20,4,0.1381062099148902,4
15,f_prod_pct20,5,0.18030368319050066,4
15,f_cell_pct20,1,0.15998343044001015,4
15,f_cell_pct20,2,0.18030368319050066,4
15,f_cell_pct20,3,0.11095671883320918,4
15,f_cell_pct20,4,0.07571274885398335,4
15,f_cell_pct20,5,0.17753834460496273,4
16,f_stock_pct20,1,0.18079077836876462,4
16,f_stock_pct20,2,0.19485827909904516,4
16,f_stock_pct20,3,0.062040355332792674,4
16,f_stock_pct20,4,0.07566479223961803,4
16,f_stock_pct20,5,-0.05598110689624841,4
16,f_wh_basis,1,-0.014651224561747517,4
16,f_wh_basis,2,0.12521937453633264,4
16,f_wh_basis,3,0.14315018660940598,4
16,f_wh_basis,4,0.10161772615334333,4
16,f_wh_basis,5,0.10203703540663762,4
16,f_wh_basis_x_stockpct,1,-0.026102871197069537,4
16,f_wh_basis_x_stockpct,2,0.12192966738276292,4
16,f_wh_basis_x_stockpct,3,0.05536089490465979,4
16,f_wh_basis_x_stockpct,4,0.1919714845572375,4
16,f_wh_basis_x_stockpct,5,0.11421392249638136,4
16,f_oprate_pct20,1,0.10203703540663762,4
16,f_oprate_pct20,2,0.04270760719865603,4
16,f_oprate_pct20,3,0.16600267395843593,4
16,f_oprate_pct20,4,0.20260688847649086,4
16,f_oprate_pct20,5,-0.05598110689624841,4
16,f_prod_pct20,1,0.10203703540663762,4
16,f_prod_pct20,2,0.04270760719865603,4
16,f_prod_pct20,3,0.16600267395843593,4
16,f_prod_pct20,4,0.20260688847649086,4
16,f_prod_pct20,5,-0.05598110689624841,4
16,f_cell_pct20,1,0.22915798646183824,4
16,f_cell_pct20,2,0.09865621923174796,4
16,f_cell_pct20,3,0.10923771698215148,4
16,f_cell_pct20,4,0.07630228236448279,4
16,f_cell_pct20,5,-0.05598110689624841,4
17,f_stock_pct20,1,-0.060081673840346565,4
17,f_stock_pct20,2,-0.08736438332898766,4
17,f_stock_pct20,3,-0.06514125017900955,4
17,f_stock_pct20,4,-0.11347664878917922,4
17,f_stock_pct20,5,-0.08460736160390976,4
17,f_wh_basis,1,-0.19342087255408297,4
17,f_wh_basis,2,-0.061063808789725324,4
17,f_wh_basis,3,-0.05945118965977884,4
17,f_wh_basis,4,-0.062273658512553676,4
17,f_wh_basis,5,-0.03446178822529194,4
17,f_wh_basis_x_stockpct,1,-0.19342087255408297,4
17,f_wh_basis_x_stockpct,2,-0.0586004375707836,4
17,f_wh_basis_x_stockpct,3,-0.07138412197489706,4
17,f_wh_basis_x_stockpct,4,-0.03632564311614785,4
17,f_wh_basis_x_stockpct,5,-0.050940242525521255,4
17,f_oprate_pct20,1,-0.01613325415532278,4
17,f_oprate_pct20,2,-0.08520968294612447,4
17,f_oprate_pct20,3,-0.16182005991943718,4
17,f_oprate_pct20,4,-0.13333681359220392,4
17,f_oprate_pct20,5,-0.014171507128344404,4
17,f_prod_pct20,1,-0.01613325415532278,4
17,f_prod_pct20,2,-0.08520968294612447,4
17,f_prod_pct20,3,-0.16182005991943718,4
17,f_prod_pct20,4,-0.13333681359220392,4
17,f_prod_pct20,5,-0.014171507128344404,4
17,f_cell_pct20,1,-0.19342087255408297,4
17,f_cell_pct20,2,-0.116683778735692,4
17,f_cell_pct20,3,-0.07026190516799061,4
17,f_cell_pct20,4,-0.014171507128344404,4
17,f_cell_pct20,5,-0.01613325415532278,4
18,f_stock_pct20,1,0.16439182290891255,4
18,f_stock_pct20,2,0.0897116377704527,4
18,f_stock_pct20,3,0.1115640224600635,4
18,f_stock_pct20,4,0.08092434534156127,4
18,f_stock_pct20,5,0.0585992295438976,4
18,f_wh_basis,1,0.07434557717060278,4
18,f_wh_basis,2,0.10528365860477734,4
18,f_wh_basis,3,0.11525219557991936,4
18,f_wh_basis,4,0.12910285908031824,4
18,f_wh_basis,5,0.0812067675892699,4
18,f_wh_basis_x_stockpct,1,0.07022674405028459,4
18,f_wh_basis_x_stockpct,2,0.1234938267612051,4
18,f_wh_basis_x_stockpct,3,0.1307303291598123,4
18,f_wh_basis_x_stockpct,4,0.09953339046431572,4
18,f_wh_basis_x_stockpct,5,0.0812067675892699,4
18,f_oprate_pct20,1,0.0585992295438976,4
18,f_oprate_pct20,2,0.07871845470187076,4
18,f_oprate_pct20,3,0.1152766879375959,4
18,f_oprate_pct20,4,0.08820486293261079,4
18,f_oprate_pct20,5,0.16439182290891255,4
18,f_prod_pct20,1,0.0585992295438976,4
18,f_prod_pct20,2,0.11153090784077782,4
18,f_prod_pct20,3,0.13378526040969602,4
18,f_prod_pct20,4,0.1115640224600635,4
18,f_prod_pct20,5,0.0897116377704527,4
18,f_cell_pct20,1,0.0897116377704527,4
18,f_cell_pct20,2,0.15901555196289222,4
18,f_cell_pct20,3,0.1115640224600635,4
18,f_cell_pct20,4,0.060986270966765135,4
18,f_cell_pct20,5,0.08391357486471408,4
19,f_stock_pct20,1,0.1599376936563997,4
19,f_stock_pct20,2,0.15750501640644587,4
19,f_stock_pct20,3,0.1510253094855445,4
19,f_stock_pct20,4,0.19251319925265248,4
19,f_stock_pct20,5,0.11801919296518343,4
19,f_wh_basis,1,0.11665988051214915,4
19,f_wh_basis,2,0.13180333895188567,4
19,f_wh_basis,3,0.17692700842762157,4
19,f_wh_basis,4,0.17771520282375683,4
19,f_wh_basis,5,0.17589498105081283,4
19,f_wh_basis_x_stockpct,1,0.17589498105081283,4
19,f_wh_basis_x_stockpct,2,0.18866712201834568,4
19,f_wh_basis_x_stockpct,3,0.1528030277089497,4
19,f_wh_basis_x_stockpct,4,0.12487324195961634,4
19,f_wh_basis_x_stockpct,5,0.13676203902850148,4
19,f_oprate_pct20,1,0.17892577125396653,4
19,f_oprate_pct20,2,0.13232072594797262,4
19,f_oprate_pct20,3,0.1815483004662406,4
19,f_oprate_pct20,4,0.18285511776845376,4
19,f_oprate_pct20,5,0.1033504963295925,4
19,f_prod_pct20,1,0.17892577125396653,4
19,f_prod_pct20,2,0.12183688400961681,4
19,f_prod_pct20,3,0.10190286015017494,4
19,f_prod_pct20,4,0.16856181824330643,4
19,f_prod_pct20,5,0.20777307810916135,4
19,f_cell_pct20,1,0.09239857713500363,4
19,f_cell_pct20,2,0.2108718107974365,4
19,f_cell_pct20,3,0.1528084110270352,4
19,f_cell_pct20,4,0.14702663175593783,4
19,f_cell_pct20,5,0.17589498105081283,4
20,f_stock_pct20,1,0.24940987983862262,4
20,f_stock_pct20,2,0.3956520902011029,4
20,f_stock_pct20,3,0.16160442124638572,4
20,f_stock_pct20,4,0.1200444107271581,4
20,f_stock_pct20,5,0.24473133958896126,4
20,f_wh_basis,1,0.0731127401560133,4
20,f_wh_basis,2,0.25265596620688485,4
20,f_wh_basis,3,0.218082681118111,4
20,f_wh_basis,4,0.352430913820037,4
20,f_wh_basis,5,0.27515984030118446,4
20,f_wh_basis_x_stockpct,1,0.29838108943681474,4
20,f_wh_basis_x_stockpct,2,0.29820094691916527,4
20,f_wh_basis_x_stockpct,3,0.13322425103723015,4
20,f_wh_basis_x_stockpct,4,0.15704190600561077,4
20,f_wh_basis_x_stockpct,5,0.2845939482034097,4
20,f_oprate_pct20,1,0.3956520902011029,4
20,f_oprate_pct20,2,0.1729576901079693,4
20,f_oprate_pct20,3,0.17985784990663295,4
20,f_oprate_pct20,4,0.1912140692767647,4
20,f_oprate_pct20,5,0.23176044210976074,4
20,f_prod_pct20,1,0.3956520902011029,4
20,f_prod_pct20,2,0.1729576901079693,4
20,f_prod_pct20,3,0.17985784990663295,4
20,f_prod_pct20,4,0.1912140692767647,4
20,f_prod_pct20,5,0.23176044210976074,4
20,f_cell_pct20,1,0.41424087740172877,4
20,f_cell_pct20,2,0.24940987983862262,4
20,f_cell_pct20,3,0.2490341370283557,4
20,f_cell_pct20,4,0.17098061770708103,4
20,f_cell_pct20,5,0.08777662962644259,4
21,f_stock_pct20,1,0.4868898940313032,4
21,f_stock_pct20,2,0.3416121065494455,4
21,f_stock_pct20,3,0.2327571603832172,4
21,f_stock_pct20,4,0.04067244828986122,4
21,f_stock_pct20,5,0.2576548639712724,4
21,f_wh_basis,1,0.33156606766097085,4
21,f_wh_basis,2,0.26448630112350147,4
21,f_wh_basis,3,0.08606792439810472,4
21,f_wh_basis,4,0.4290183161908898,4
21,f_wh_basis,5,0.2484478638516327,4
21,f_wh_basis_x_stockpct,1,0.11075356979029581,4
21,f_wh_basis_x_stockpct,2,0.0845504133646187,4
21,f_wh_basis_x_stockpct,3,0.4530278627969621,4
21,f_wh_basis_x_stockpct,4,0.36526261202417265,4
21,f_wh_basis_x_stockpct,5,0.3459920152490503,4
21,f_oprate_pct20,1,0.3518593178641948,4
21,f_oprate_pct20,2,0.33105470053318714,4
21,f_oprate_pct20,3,0.441973584191104,4
21,f_oprate_pct20,4,0.22275420812407146,4
21,f_oprate_pct20,5,0.011944662512542167,4
21,f_prod_pct20,1,0.3518593178641948,4
21,f_prod_pct20,2,0.33105470053318714,4
21,f_prod_pct20,3,0.441973584191104,4
21,f_prod_pct20,4,0.21772118864197187,4
21,f_prod_pct20,5,0.01697768199464175,4
21,f_cell_pct20,1,-0.014752647323058782,4
21,f_cell_pct20,2,0.21800210158851835,4
21,f_cell_pct20,3,0.4488768770401599,4
21,f_cell_pct20,4,0.34359025560392376,4
21,f_cell_pct20,5,0.3638698863155564,4
22,f_stock_pct20,1,0.10718684769686011,4
22,f_stock_pct20,2,0.01923993511908747,4
22,f_stock_pct20,3,-0.04251521244151206,4
22,f_stock_pct20,4,0.015477206201813604,4
22,f_stock_pct20,5,-0.08050745571710279,4
22,f_wh_basis,1,-0.04298116043905917,4
22,f_wh_basis,2,-0.08409611965679648,4
22,f_wh_basis,3,0.04065376665186874,4
22,f_wh_basis,4,0.04524597446423733,4
22,f_wh_basis,5,0.0600588598388959,4
22,f_wh_basis_x_stockpct,1,-0.04298116043905917,4
22,f_wh_basis_x_stockpct,2,-0.08409611965679648,4
22,f_wh_basis_x_stockpct,3,0.02960181826054203,4
22,f_wh_basis_x_stockpct,4,0.05629792285556404,4
22,f_wh_basis_x_stockpct,5,0.0600588598388959,4
22,f_oprate_pct20,1,0.15239909087093972,4
22,f_oprate_pct20,2,-0.009423260098872083,4
22,f_oprate_pct20,3,-0.05906426039763213,4
22,f_oprate_pct20,4,-0.07303367452933839,4
22,f_oprate_pct20,5,0.00800342501404921,4
22,f_prod_pct20,1,0.15239909087093972,4
22,f_prod_pct20,2,-0.009423260098872083,4
22,f_prod_pct20,3,-0.05906426039763213,4
22,f_prod_pct20,4,-0.07303367452933839,4
22,f_prod_pct20,5,0.00800342501404921,4
22,f_cell_pct20,1,-0.09301953861636067,4
22,f_cell_pct20,2,0.07066433045784423,4
22,f_cell_pct20,3,0.08785205324374529,4
22,f_cell_pct20,4,-0.0027248953705199773,4
22,f_cell_pct20,5,-0.043890628855562545,4
23,f_stock_pct20,1,0.03229447020911459,4
23,f_stock_pct20,2,0.0023642089747681694,4
23,f_stock_pct20,3,0.028374945239122658,4
23,f_stock_pct20,4,-0.005133390748893362,4
23,f_stock_pct20,5,-0.04438918425316424,4
23,f_wh_basis,1,-0.04616595210845343,4
23,f_wh_basis,2,-0.027886235359800303,4
23,f_wh_basis,3,0.06738716765149678,4
23,f_wh_basis,4,-0.011350237643594732,4
23,f_wh_basis,5,0.03152630688129951,4
23,f_wh_basis_x_stockpct,1,-0.04616595210845343,4
23,f_wh_basis_x_stockpct,2,-0.027886235359800303,4
23,f_wh_basis_x_stockpct,3,0.039785186088280036,4
23,f_wh_basis_x_stockpct,4,0.008316835282550124,4
23,f_wh_basis_x_stockpct,5,0.0394612155183714,4
23,f_oprate_pct20,1,-0.04438918425316424,4
23,f_oprate_pct20,2,0.015644461627854857,4
23,f_oprate_pct20,3,0.007597092862374437,4
23,f_oprate_pct20,4,0.0023642089747681694,4
23,f_oprate_pct20,5,0.03229447020911459,4
23,f_prod_pct20,1,-0.04438918425316424,4
23,f_prod_pct20,2,0.015644461627854857,4
23,f_prod_pct20,3,0.007597092862374437,4
23,f_prod_pct20,4,0.0023642089747681694,4
23,f_prod_pct20,5,0.03229447020911459,4
23,f_cell_pct20,1,0.031059450760091836,4
23,f_cell_pct20,2,-0.0459419618883439,4
23,f_cell_pct20,3,-0.0062651186346828775,4
23,f_cell_pct20,4,0.04162037031766362,4
23,f_cell_pct20,5,-0.006961691133780856,4
24,f_stock_pct20,1,0.18959628463203332,4
24,f_stock_pct20,2,0.2551012115242403,4
24,f_stock_pct20,3,0.11452212724513067,4
24,f_stock_pct20,4,0.11108064277707896,4
24,f_stock_pct20,5,0.1714845456937567,4
24,f_wh_basis,1,0.09065272379751826,4
24,f_wh_basis,2,0.1660267376972546,4
24,f_wh_basis,3,0.19999402647485653,4
24,f_wh_basis,4,0.19503499279388087,4
24,f_wh_basis,5,0.19007633110872973,4
24,f_wh_basis_x_stockpct,1,0.21195903275819544,4
24,f_wh_basis_x_stockpct,2,0.20893508871824523,4
24,f_wh_basis_x_stockpct,3,0.1531863298442282,4
24,f_wh_basis_x_stockpct,4,0.17411343350642,4
24,f_wh_basis_x_stockpct,5,0.09359092704515112,4
24,f_oprate_pct20,1,0.18461007130839288,4
24,f_oprate_pct20,2,0.2432071680667565,4
24,f_oprate_pct20,3,0.10865815348664928,4
24,f_oprate_pct20,4,0.14791656951879678,4
24,f_oprate_pct20,5,0.15739284949164453,4
24,f_prod_pct20,1,0.18461007130839288,4
24,f_prod_pct20,2,0.19125998086627088,4
24,f_prod_pct20,3,0.1606053406871349,4
24,f_prod_pct20,4,0.14791656951879678,4
24,f_prod_pct20,5,0.15739284949164453,4
24,f_cell_pct20,1,0.17315229114441516,4
24,f_cell_pct20,2,0.24153942261609804,4
24,f_cell_pct20,3,0.16731136404125752,4
24,f_cell_pct20,4,0.11029929765349489,4
24,f_cell_pct20,5,0.14948243641697437,4
25,f_stock_pct20,1,0.04834031297135766,4
25,f_stock_pct20,2,0.012774255509070218,4
25,f_stock_pct20,3,-0.07616802920652378,4
25,f_stock_pct20,4,-0.17320692900491572,4
25,f_stock_pct20,5,-0.11852909854572,4
25,f_wh_basis,1,-0.13062035685257278,4
25,f_wh_basis,2,-0.03775111521263519,4
25,f_wh_basis,3,-0.06156775013823208,4
25,f_wh_basis,4,-0.002166339214354919,4
25,f_wh_basis,5,-0.07468392685893661,4
25,f_wh_basis_x_stockpct,1,-0.1272564860046276,4
25,f_wh_basis_x_stockpct,2,-0.19786120922213282,4
25,f_wh_basis_x_stockpct,3,-0.010610286812022552,4
25,f_wh_basis_x_stockpct,4,0.051585798938517974,4
25,f_wh_basis_x_stockpct,5,-0.022647305176466605,4
25,f_oprate_pct20,1,-0.19449733837418762,4
25,f_oprate_pct20,2,-0.10578500652599372,4
25,f_oprate_pct20,3,-0.02991491077169533,4
25,f_oprate_pct20,4,-0.02642066160306172,4
25,f_oprate_pct20,5,0.04982842899820678,4
25,f_prod_pct20,1,-0.13829976094263233,4
25,f_prod_pct20,2,-0.19968938504283185,4
25,f_prod_pct20,3,-0.014648854553530493,4
25,f_prod_pct20,4,-0.00397991673594374,4
25,f_prod_pct20,5,0.04982842899820678,4
25,f_cell_pct20,1,-0.011299733164069823,4
25,f_cell_pct20,2,-0.03369777795576344,4
25,f_cell_pct20,3,-0.13729546905444465,4
25,f_cell_pct20,4,-0.12707541589526564,4
25,f_cell_pct20,5,0.0025789077928119394,4
26,f_stock_pct20,1,-0.10835815638042406,4
26,f_stock_pct20,2,0.008425281068057254,4
26,f_stock_pct20,3,-0.11758805940124559,4
26,f_stock_pct20,4,-0.12214315217569895,4
26,f_stock_pct20,5,-0.0865335130662398,4
26,f_wh_basis,1,-0.11876440735248095,4
26,f_wh_basis,2,-0.12150360964376505,4
26,f_wh_basis,3,-0.04659592203928888,4
26,f_wh_basis,4,-0.0724319778294209,4
26,f_wh_basis,5,-0.06690168309059535,4
26,f_wh_basis_x_stockpct,1,-0.13190986061582194,4
26,f_wh_basis_x_stockpct,2,-0.07455250471894889,4
26,f_wh_basis_x_stockpct,3,-0.08040157370076403,4
26,f_wh_basis_x_stockpct,4,-0.0724319778294209,4
26,f_wh_basis_x_stockpct,5,-0.06690168309059535,4
26,f_oprate_pct20,1,-0.0989817384988505,4
26,f_oprate_pct20,2,-0.1018213268514869,4
26,f_oprate_pct20,3,-0.05584344627710612,4
26,f_oprate_pct20,4,-0.05811099448773957,4
26,f_oprate_pct20,5,-0.11144009384036804,4
26,f_prod_pct20,1,-0.0989817384988505,4
26,f_prod_pct20,2,-0.1018213268514869,4
26,f_prod_pct20,3,-0.10536009994639234,4
26,f_prod_pct20,4,-0.08258409751645832,4
26,f_prod_pct20,5,-0.03745033714236308,4
26,f_cell_pct20,1,-0.03745033714236308,4
26,f_cell_pct20,2,-0.08715970678973176,4
26,f_cell_pct20,3,-0.08355324864338087,4
26,f_cell_pct20,4,-0.10484916373428235,4
26,f_cell_pct20,5,-0.11318514364579307,4
27,f_stock_pct20,1,-0.07463440920165977,4
27,f_stock_pct20,2,-0.17057033844615285,4
27,f_stock_pct20,3,-0.08033738197239632,4
27,f_stock_pct20,4,-0.09701740208007588,4
27,f_stock_pct20,5,-0.11214828992328509,4
27,f_wh_basis,1,-0.1201461428972401,4
27,f_wh_basis,2,-0.12483258647190984,4
27,f_wh_basis,3,-0.15233083436293365,4
27,f_wh_basis,4,-0.06595891195009124,4
27,f_wh_basis,5,-0.07143934594139512,4
27,f_wh_basis_x_stockpct,1,-0.07465867098483328,4
27,f_wh_basis_x_stockpct,2,-0.09211334848962908,4
27,f_wh_basis_x_stockpct,3,-0.11771761621728088,4
27,f_wh_basis_x_stockpct,4,-0.10851915371557512,4
27,f_wh_basis_x_stockpct,5,-0.14169903221625155,4
27,f_oprate_pct20,1,-0.10015665617052918,4
27,f_oprate_pct20,2,-0.14504809147728345,4
27,f_oprate_pct20,3,-0.10382735719398396,4
27,f_oprate_pct20,4,-0.105338334809377,4
27,f_oprate_pct20,5,-0.08033738197239632,4
27,f_prod_pct20,1,-0.10015665617052918,4
27,f_prod_pct20,2,-0.14504809147728345,4
27,f_prod_pct20,3,-0.11214828992328509,4
27,f_prod_pct20,4,-0.09701740208007588,4
27,f_prod_pct20,5,-0.08033738197239632,4
27,f_cell_pct20,1,-0.12468472576056999,4
27,f_cell_pct20,2,-0.07788578619211926,4
27,f_cell_pct20,3,-0.08693256202306801,4
27,f_cell_pct20,4,-0.14504809147728345,4
27,f_cell_pct20,5,-0.10015665617052918,4
28,f_stock_pct20,1,0.12423378802346388,4
28,f_stock_pct20,2,0.01903732109478973,4
28,f_stock_pct20,3,0.03212646636900186,4
28,f_stock_pct20,4,0.03677789230568652,4
28,f_stock_pct20,5,0.06449996417116227,4
28,f_wh_basis,1,0.035839994480673855,3
28,f_wh_basis,2,0.0005594323190309981,2
28,f_wh_basis,3,0.05891223678104877,3
28,f_wh_basis,4,0.06957979587580274,2
28,f_wh_basis,5,0.0474954185214722,3
28,f_wh_basis_x_stockpct,1,0.0474954185214722,3
28,f_wh_basis_x_stockpct,2,0.06957979587580274,2
28,f_wh_basis_x_stockpct,3,0.05891223678104877,3
28,f_wh_basis_x_stockpct,4,0.0005594323190309981,2
28,f_wh_basis_x_stockpct,5,0.035839994480673855,3
28,f_oprate_pct20,1,0.0931657571763958,4
28,f_oprate_pct20,2,0.08636499713017497,4
28,f_oprate_pct20,3,0.052153506003520304,4
28,f_oprate_pct20,4,-0.015240428036766951,4
28,f_oprate_pct20,5,0.060231599690780145,4
28,f_prod_pct20,1,0.12353476679704936,4
28,f_prod_pct20,2,0.07426267120631057,4
28,f_prod_pct20,3,0.03657019748179692,4
28,f_prod_pct20,4,0.018044938623795716,4
28,f_prod_pct20,5,0.024262857855151698,4
28,f_cell_pct20,1,-0.007274594894483221,4
28,f_cell_pct20,2,0.04050156710445815,4
28,f_cell_pct20,3,0.09827298087509523,4
28,f_cell_pct20,4,0.08876977861545916,4
28,f_cell_pct20,5,0.05640570026357494,4
