date,F1_kaigong_20d,F2_paichan_20d,F3_inventory_surprise,F4_spot_premium,F5_term_structure,F6_crowding,ret_1d,ret_5d,close
2023-07-21,,,,0.36738726173872616,3500.0165406427222,,-0.017201301720130124,0.059507205950720676,215100.0
2023-07-24,,,,0.3505203405865657,12000.011283851554,,0.06859035004730374,0.07876064333017974,211400.0
2023-07-25,,,,0.25719344842850816,12100.00748362956,,0.008410801239486565,0.01106684373616651,225900.0
2023-07-26,,,,0.237928007023705,8700.004335919672,,-0.012730465320456519,0.0032923617208078237,227800.0
2023-07-27,,,,0.24722098710538018,7399.997471264368,,0.013339261894175225,0.021120497999110643,224900.0
2023-07-28,,,,0.22202720491443614,7449.9990927648,,0.0006581834137779907,0.004607283896445713,227900.0
2023-07-31,,,,0.21683841262880948,7750.003404448479,,0.0015347511510632739,-0.036176277132207835,228050.0
2023-08-01,,,,0.19964973730297722,6949.99841950779,,0.0006567425569177221,-0.049912434325744326,228400.0
2023-08-02,,,,0.17698534237584773,7400.003391363328,,0.004812951214176353,-0.047035659593086865,228550.0
2023-08-03,,,,0.15828434574352276,7200.000674308833,0.2,-0.003048116699325032,-0.08338776398867842,229650.0
2023-08-04,,,,0.14653854553395937,7700.004519774011,0.09090909090909091,-0.03996505787289806,-0.0880104826381306,228950.0
2023-08-07,,,,0.16696997270245678,6700.000234631629,0.4166666666666667,-0.01273885350318471,-0.10486806187443132,219800.0
2023-08-08,,,,0.16589861751152074,6599.99786121673,0.46153846153846156,0.0036866359447005337,-0.10368663594470051,217000.0
2023-08-09,,,,0.14325068870523416,6349.998817687397,0.3316326530612245,-0.03351698806244263,-0.09894398530762172,217800.0
2023-08-10,,,,0.17339667458432304,6350.00293901543,0.5333333333333333,-0.008076009501187698,-0.07838479809976251,210500.0
2023-08-11,,,,0.1685823754789272,6150.00074019245,0.8125,-0.05771072796934862,-0.0625,208800.0
2023-08-14,,,,0.21728081321473952,5699.998168018843,0.7647058823529411,-0.01143583227445999,0.022363405336721653,196750.0
2023-08-15,,,,0.20308483290488433,6950.001332977872,0.9444444444444444,0.008997429305912519,0.01953727506426728,194500.0
2023-08-16,,,,0.17197452229299362,6450.004478398314,0.8476454293628809,-0.01146496815286624,0.019108280254777066,196250.0
2023-08-17,,,,0.16752577319587628,7400.008574490889,0.85,0.009020618556700999,0.02809278350515454,194000.0
2023-08-18,,,,0.14942528735632185,7050.014573396927,0.51,0.02758620689655178,-0.007662835249042099,195750.0
2023-08-21,,,,0.1185682326621924,7400.014709677419,0.5625,-0.014168530947054392,-0.0778026348496147,201150.0
2023-08-22,,,,0.1346444780635401,6550.013298565841,0.5249999999999999,0.008572869389813498,-0.060262228946041385,198300.0
2023-08-23,,,,0.125,6750.013712807245,0.375,-0.00275000000000003,-0.0695,200000.0
2023-08-24,,,,0.12810228127350212,6950.016103896104,0.3,-0.026071697167209806,-0.06317372775131613,199450.0
2023-08-25,-0.0695811553865997,,,0.148005148005148,6650.017324093817,0.49500000000000005,-0.04504504504504503,-0.038610038610038644,194250.0
2023-08-28,-0.0695811553865997,,,0.18598382749326145,5500.011666666666,1.0,0.004582210242587648,0.023719676549865287,185500.0
2023-08-29,-0.0695811553865997,,,0.15105983364636436,4400.009343226161,0.9,-0.0013415615776763978,0.022001609873893102,186350.0
2023-08-30,-0.0695811553865997,,,0.13111230521225148,4350.006052269601,0.75,0.004030091348737219,0.023911875335840937,186100.0
2023-08-31,,,,0.11319240032111319,4950.015393073117,0.855,-0.0005351886540004847,-0.011506556061011475,186850.0
2023-09-01,0.007635285396589975,,,0.10040160642570281,4550.008232711306,0.675,0.01686746987951815,-0.05488621151271755,186750.0
2023-09-04,0.007635285396589975,,,0.08214849921011058,4650.012415654521,0.48750000000000004,0.0028962611901000024,-0.05924170616113744,189900.0
2023-09-05,0.007635285396589975,,,0.06589656077710686,4700.009421265141,0.51,0.0005250721974272565,-0.06668416907324759,190450.0
2023-09-06,0.007635285396589975,,,0.05221726580949882,4250.007246376812,0.3,-0.03070060351613746,-0.07609551298871686,190550.0
2023-09-07,,,,0.07742284786139686,3200.003856749311,0.55,-0.04439631835408775,-0.08419057931781271,184700.0
2023-09-08,-0.06698701857562939,,,0.11898016997167139,4450.017146178437,1.0,0.01218130311614729,-0.036260623229461775,176500.0
2023-09-11,-0.06698701857562939,,,0.0859221942345368,3800.011724335144,0.95,-0.005037783375314908,-0.06437167646235653,178650.0
2023-09-12,-0.06698701857562939,,,0.07454289732770746,3750.006896551724,0.95,-0.009563994374120921,-0.10323488045007034,177750.0
2023-09-13,-0.06698701857562939,,,0.073558648111332,3500.009562445668,0.65,-0.039193410962794606,-0.12439647827321787,176050.0
2023-09-14,,,,0.1143955069464972,2950.006618531889,1.0,0.005616316878510164,-0.05438959503399354,169150.0
2023-09-15,-0.0963081861958267,,,0.09053497942386832,3750.0132251277428,0.9025,-0.017342739564961795,-0.08201058201058198,170100.0
2023-09-18,-0.0963081861958267,,,0.09482500747831289,3300.0115959719255,0.7,-0.04636553993419079,-0.05025426263834876,167150.0
2023-09-19,-0.0963081861958267,,,0.12923462986198245,2500.008285532186,1.0,-0.03293601003764113,-0.06461731493099121,159400.0
2023-09-20,-0.0963081861958267,,,0.14498864742134285,2550.0075857519787,1.0,0.03762568926370413,-0.03697697048329551,154150.0
2023-09-21,,,,0.08471397311659894,3250.007019783025,0.95,-0.023757424195060994,-0.06220693966864643,159950.0
2023-09-22,-0.09886181234495839,,,0.10150496317643291,3450.009823182711,0.85,0.016650656420108767,-0.02721741914825493,156150.0
2023-09-25,-0.09886181234495839,,,0.07716535433070866,5650.003919007185,0.68,-0.06078740157480311,-0.043149606299212606,158750.0
2023-09-26,-0.09886181234495839,,,0.14017437961099932,4150.0082787167985,0.95,-0.00435949027498328,0.0456069751844399,149100.0
2023-09-27,-0.09886181234495839,,,0.13843044796227685,6150.010189739986,0.8,0.010441226002020798,0.11114853486022236,148450.0
2023-09-28,,,,0.12666666666666668,5450.006918021446,0.48750000000000004,0.012666666666666604,0.135,150000.0
2023-10-09,,,,0.11257406188281764,6000.007196710076,0.3825,0.0,0.11191573403554966,151900.0
2023-10-10,,,,0.11257406188281764,6050.001714089818,0.65,0.026333113890717685,0.11356155365371956,151900.0
2023-10-11,,,,0.08402822322001283,7550.009100101112,0.6,0.058050032071840896,0.06414368184733799,155900.0
2023-10-12,,,,0.02758411639890876,7300.007611798287,0.85,0.03213094877235534,-0.033343437405274345,164950.0
2023-10-13,,,,0.0014684287812041115,11550.021109010711,0.5225,-0.007929515418502175,-0.10748898678414098,170250.0
2023-10-16,-0.09401183795833656,,,0.02427471876850207,12950.034626482848,0.75,0.001480165778567244,-0.10716400236826529,168900.0
2023-10-17,-0.09401183795833656,,,0.02276086313922554,11650.02,0.675,-0.019213715637008577,-0.08365356192728346,169150.0
2023-10-18,-0.09401183795833656,,,0.04581072935503315,12000.025341130604,0.5249999999999999,-0.03887884267631103,-0.09011452682338761,165900.0
2023-10-19,,,,0.088115396676074,11900.027448322602,0.63,-0.0470366886171214,-0.05205393540294767,159450.0
2023-10-20,,,,0.13524185587364265,10150.020098730607,0.855,-0.007568279039157577,0.01382033563672258,151950.0
2023-10-23,-0.0320523171322461,,,0.13395225464190982,8450.022128556375,0.9,0.027851458885941538,0.04011936339522548,150800.0
2023-10-24,-0.0320523171322461,,,0.0967741935483871,10100.028985507246,0.6174999999999999,-0.02612903225806451,-0.008064516129032251,155000.0
2023-10-25,-0.0320523171322461,,,0.11957601854918848,9050.034178999294,0.95,0.0013249420337859696,0.020205366015236814,150950.0
2023-10-26,,,,0.11147866357922594,9650.032862190812,0.95,0.019186238835593672,0.008269930532583514,151150.0
2023-10-27,,,,0.08406361570918533,10400.028889662373,0.95,0.018175916910094125,-0.01720220707562481,154050.0
2023-10-30,0.044449842118047034,,,0.058335989799171185,11050.032235939643,0.7,-0.019764105833599,-0.061842524705132296,156850.0
2023-10-31,0.044449842118047034,,,0.07317073170731707,10850.033939818055,0.9,0.001626016260162677,-0.07284552845528458,153750.0
2023-11-01,0.044449842118047034,,,0.06493506493506493,11000.035314685314,0.65,-0.010389610389610393,-0.0561688311688312,154000.0
2023-11-02,,,,0.06955380577427822,10000.024929775282,0.3,-0.006561679790026198,-0.05413385826771655,152400.0
2023-11-03,,,,0.0667107001321004,9400.028873239437,0.25,-0.028071334214002652,-0.01651254953764858,151400.0
2023-11-06,,,,0.0873258579680598,9450.041394335512,0.35,-0.031260618416581676,-0.03737682636765205,147150.0
2023-11-07,,,,0.11189056471413539,8300.03687150838,0.6,0.019642230796211857,0.0,142550.0
2023-11-08,,,,0.07671138630890953,9350.037132352942,0.9,-0.008255933952528327,-0.01891984864121088,145350.0
2023-11-09,,,,0.07526881720430108,8450.033898305084,0.4275,0.03295178633368012,-0.02254595907041279,144150.0
2023-11-10,-0.007636178516884473,,,0.027535258562793822,9100.034334763948,0.6400000000000001,-0.048690396239086664,-0.07320349227669576,148900.0
2023-11-13,-0.007636178516884473,,,0.07306741969643488,7100.030100334448,0.675,0.006353688669255231,-0.031415460642428505,141650.0
2023-11-14,-0.007636178516884473,,,0.05226236408277797,6300.0220183486235,0.48,0.0003507541213609855,-0.07190459487898981,142550.0
2023-11-15,-0.007636178516884473,,,0.04137447405329593,5900.0175566934895,0.1425,-0.01192145862552596,-0.12552594670406736,142600.0
2023-11-16,,,,0.0468417317246274,5000.01250919794,0.0475,-0.02058197303051812,-0.11426543647977294,140900.0
2023-11-17,-0.03953624155475843,,,0.06521739130434782,4600.018365817092,0.135,-0.005797101449275366,-0.10108695652173916,138000.0
2023-11-20,-0.03953624155475843,,,0.06778425655976676,5300.015542077332,0.1,-0.0357142857142857,-0.14978134110787167,137200.0
2023-11-21,-0.03953624155475843,,,0.08843537414965986,4550.017221135029,0.5,-0.057445200302343125,-0.14436885865457294,132300.0
2023-11-22,-0.03953624155475843,,,0.13873295910184444,4800.023352793995,0.9025,0.000801924619085792,-0.11908580593424223,124700.0
2023-11-23,,,,0.11778846153846154,5200.029264214047,0.8075,-0.006009615384615419,-0.14903846153846156,124800.0
2023-11-24,-0.12403100775193798,,,0.1124546553808948,4950.02308984047,1.0,-0.059653365578395845,-0.1797662232970576,124050.0
2023-11-27,-0.12403100775193798,,,0.16159451350192885,4900.027293064877,0.85,-0.029575653664809298,-0.17402486069438494,116650.0
2023-11-28,-0.12403100775193798,,,0.1793286219081272,3700.0278538812786,0.8075,-0.02959363957597172,-0.17800353356890464,113200.0
2023-11-29,-0.12403100775193798,,,0.20163859808830223,1300.010133578996,1.0,-0.03322712790168414,-0.15839781520254892,109850.0
2023-11-30,,,,0.2335216572504708,1100.0076117982874,0.8,-0.04190207156308856,-0.09981167608286257,106200.0
2023-12-01,,,,0.27764127764127766,1550.0144710578843,0.855,-0.053071253071253044,0.00540540540540535,101750.0
2023-12-04,-0.1297343350631246,,,0.3284898806434873,1600.0147757255936,1.0,-0.03425012973533992,0.004670472236637302,96350.0
2023-12-05,-0.1297343350631246,,,0.354110693175712,5000.058489494605,0.5,-0.006448146157979617,0.0005373455131649774,93050.0
2023-12-06,-0.1297343350631246,,,0.32504056246619795,2700.033983286908,0.5599999999999999,0.03407247160627369,0.12006489994591663,92450.0
2023-12-07,,,,0.2604602510460251,3000.031857451404,0.04000000000000001,0.07008368200836812,0.07269874476987437,95600.0
2023-12-08,-0.058225034199726355,,,0.14936954413191075,3950.0373171961674,0.05,-0.053763440860215006,0.022482893450635366,102300.0
2023-12-11,-0.058225034199726355,,,0.16220313289540172,3100.029733959311,0.9025,-0.038223140495867725,0.06146694214876036,96800.0
2023-12-12,-0.058225034199726355,,,0.15463917525773196,3450.021913415286,0.7,0.11224489795918369,0.09452201933404947,93100.0
2023-12-13,-0.058225034199726355,,,0.004145555043758637,1899.98452883263,0.76,-0.00965717044905845,-0.02655721873491068,103550.0
2023-12-14,,,,0.0549777117384844,1050.0080080080081,0.9,0.019990248659190746,-0.04826913700633839,102550.0
2023-12-15,-0.05879287885366924,,,0.026522593320235755,850.0079247152056,0.34,-0.017686424474187334,-0.03632887189292544,104600.0
2023-12-18,-0.05879287885366924,,,0.02385685884691849,850.0085213032581,0.2,-0.008272506082725006,0.0009732360097323145,102750.0
2023-12-19,-0.05879287885366924,,,0.02512562814070352,500.0060606060606,0.11249999999999999,-0.01079489695780178,0.05103042198233565,101900.0
2023-12-20,-0.05879287885366924,,,0.035897435897435895,-49.995899538698104,0.09000000000000001,-0.031746031746031744,0.04861111111111116,100800.0
2023-12-21,,,,0.0598834128245893,-99.99788247750132,0.15,0.032786885245901676,0.09170081967213117,97600.0
2023-12-22,-0.045929203539822994,,,0.031088082901554404,-400.0025799793602,0.125,0.020337301587301626,0.06845238095238093,100800.0
2023-12-25,-0.045929203539822994,,,0.011752682677567705,-650.0045685279188,0.065,0.04132231404958686,0.053475935828877,102850.0
2023-12-26,-0.045929203539822994,,,-0.04089581304771178,-299.9970873786408,0.1,-0.013071895424836555,-0.00466853408029877,107100.0
2023-12-27,-0.045929203539822994,,,-0.045275590551181105,-300.0009813542689,0.12249999999999998,0.008041627246925254,-0.04966887417218546,105700.0
2023-12-28,,,,-0.041501976284584984,-399.998031496063,0.034999999999999996,0.010793054903801114,-0.07414359455654618,106550.0
2023-12-29,-0.019668921324314637,,,-0.04154302670623145,-549.9985243482538,0.045,0.00603528319405755,-0.09749303621169914,107700.0
2024-01-02,-0.019668921324314637,,,-0.05417276720351391,-399.99756927564414,0.020000000000000004,-0.01615136132902628,-0.08675588371019838,108350.0
2024-01-03,-0.019668921324314637,,,-0.05555555555555555,550.0083292503674,0.015,-0.05769230769230771,-0.0816135084427767,106600.0
2024-01-04,0.007297970808116894,,,0.0078003120124804995,-700.0025813113061,0.0875,-0.017919362867098054,0.04230960676953699,100450.0
2024-01-05,,,,0.03208556149732621,-199.99679829242262,0.12249999999999998,-0.014698428788646689,0.042574759249873306,98650.0
2024-01-08,0.027507943713118488,,,0.053610503282275714,-400.0,0.0825,0.01800411522633749,0.048868312757201604,97200.0
2024-01-09,0.027507943713118488,,,0.01910828025477707,550.008542445275,0.425,-0.010611419909045017,0.05255179383527042,98950.0
2024-01-10,0.027507943713118488,,,0.03225806451612903,-300.0042872454448,0.03,0.06945863125638407,0.0393258426966292,97900.0
2024-01-11,0.013254652746255147,,,-0.025380710659898477,-99.99492900608519,0.3,-0.0176695319961796,-0.021967526265520565,104700.0
2024-01-12,,,,-0.012320328542094456,-49.99538224730631,0.075,-0.008750607681088929,-0.01409820126397665,102850.0
2024-01-15,0.029802546595312895,,,-0.006198347107438017,-200.0041237113402,0.027500000000000004,0.02157920549288872,-0.020598332515939233,101950.0
2024-01-16,0.029802546595312895,,,-0.019308943089430895,-549.9636179888832,0.1275,-0.023043686989918433,-0.02064330292846861,104150.0
2024-01-17,0.029802546595312895,,,-0.005154639175257732,-199.95987654320987,0.1375,0.006388206388206363,0.005896805896805857,101750.0
2024-01-18,-0.005259272928584524,,,-0.010763710917478216,0.040492055356227574,0.08000000000000002,-0.009765625,-0.01025390625,102400.0
2024-01-19,,,,0.0,-399.9638802889577,0.022500000000000003,-0.015285996055226847,-0.007396449704141994,101400.0
2024-01-22,0.0,,,0.015789473684210527,-199.96218487394958,0.06999999999999999,0.021532298447671572,0.021031547320981447,99850.0
2024-01-23,0.0,,,-0.010256410256410256,-499.9714285714286,0.020000000000000004,0.0034313725490195957,-0.009803921568627416,102000.0
2024-01-24,0.0,,,-0.011776753712237584,-249.9652706843718,0.0125,-0.009770395701025891,-0.03126526624328285,102350.0
2024-01-25,-0.023096187737686735,,,-0.009240246406570842,100.03340184994862,0.034999999999999996,-0.006906758756783371,-0.017266896891958594,101350.0
2024-01-26,,,,0.0,-249.97054263565892,0.020000000000000004,0.012916045702930923,-0.004967709885742688,100650.0
2024-01-29,-0.043849296413981054,,,-0.007692307692307693,-349.9703628002044,0.010000000000000002,-0.009318293281020074,-0.014713094654242309,101950.0
2024-01-30,-0.043849296413981054,,,-0.0030911901081916537,-99.96757591353577,0.0025000000000000005,-0.018316831683168333,-0.03811881188118815,101000.0
2024-01-31,-0.043849296413981054,,,0.013089005235602094,-499.97760416666665,0.16000000000000003,0.004538577912254205,-0.015128593040847238,99150.0
2024-02-01,-0.06988867291040834,,,0.0109375,-249.97402597402598,0.015,0.005522088353413723,-0.033132530120481896,99600.0
2024-02-02,-0.06988867291040834,,,0.013048016701461378,-299.96982310093654,0.0075,0.0029955067398901303,-0.05391912131802301,100150.0
2024-02-05,-0.06988867291040834,,,0.00778816199376947,0.0347871235721703,0.0025000000000000005,-0.03285216525634649,-0.07615729218516676,100450.0
2024-02-06,-0.06988867291040834,,,0.01889763779527559,900.0349761526232,0.16000000000000003,0.00514668039114774,-0.00257334019557387,97150.0
2024-02-07,,,,0.03464818763326226,-299.97130712008504,0.0075,-0.01382488479262678,0.0,97650.0
2024-02-08,-0.13439655944807816,,,0.05203252032520325,-349.9703023758099,0.04000000000000001,-0.016095534787123555,0.05711318795430942,96300.0
2024-02-19,-0.13439655944807816,,,0.0625,-349.9748771163299,0.18,-0.02058047493403692,0.07968337730870712,94750.0
2024-02-20,-0.13439655944807816,,,0.075,-149.97781475318914,0.75,0.044181034482758674,0.14924568965517238,92800.0
2024-02-21,-0.13439655944807816,,,-0.031234256926952142,5550.086979722519,0.95,0.007739938080495445,0.11455108359133126,96900.0
2024-02-22,-0.183496102499776,,,0.022872340425531913,-3000.0309278350514,0.855,0.042498719918074856,0.22068612391193043,97650.0
2024-02-23,,,,-0.013831967213114754,-3500.0331355093967,0.95,0.004911591355599265,0.1733791748526523,101800.0
2024-02-26,,,,-0.021265822784810127,-2750.0256157635467,0.95,0.04252199413489732,0.14956011730205288,102300.0
2024-02-27,,,,-0.049437102300538424,-3600.031678486998,0.95,0.012658227848101333,0.04594467885607134,106650.0
2024-02-28,,,,-0.0617520344662518,-3050.0279069767444,0.95,0.10370370370370363,0.05555555555555558,108000.0
2024-02-29,-0.11613022910676196,,,-0.13100436681222707,-4250.034947368421,1.0,0.002097315436241587,-0.052013422818791955,119200.0
2024-03-01,,,,-0.11408815903197926,-3500.030201342282,0.9025,-0.015487651737128516,-0.051067392214315666,119450.0
2024-03-04,,,,-0.05357142857142857,-4700.039845758355,0.95,-0.05144557823129248,-0.010204081632653073,117600.0
2024-03-05,,,,-0.01466544454628781,-2100.0197841726617,0.765,0.02196324518153303,0.07440609592111169,111550.0
2024-03-06,,,,-0.027149321266968326,-3000.0251101321587,0.9,-0.00877192982456143,0.042105263157894646,114000.0
2024-03-07,-0.035225977971895084,,,-0.02384165542060279,-1000.0066874721356,0.7,0.003097345132743401,-0.007964601769911539,113000.0
2024-03-08,,,,0.0018399264029438822,-3900.032859680284,0.6,0.026907807675341955,0.014997794441993895,113350.0
2024-03-11,,,,-0.02715939447907391,-3150.02468601126,0.65,0.029639175257731853,0.004295532646048095,116400.0
2024-03-12,,,,-0.041811846689895474,-4200.030672268907,0.6649999999999999,-0.008760951188986232,-0.040884438881935714,119850.0
2024-03-13,,,,-0.04557179707652623,-1900.0156514382402,0.49500000000000005,-0.056397306397306446,-0.013468013468013518,118800.0
2024-03-14,,,,0.02464628023733455,-1800.0125729681185,0.5249999999999999,0.026315789473684292,0.046833184656556615,112100.0
2024-03-15,,,,-0.018364669873196328,-99.99912625600699,0.22000000000000003,0.016079965232507654,-0.006084311169056944,115050.0
2024-03-18,,,,-0.027645788336933045,-350.0008613264427,0.225,-0.01668092386655262,-0.08126603934987164,116900.0
2024-03-19,,,,-0.012719298245614035,-550.0043649061545,0.0875,0.01957372770769905,-0.05698129621574599,114950.0
2024-03-20,,,,-0.03141135972461274,-400.00514579759863,0.1,0.0012798634812287712,-0.07508532423208192,117200.0
2024-03-21,0.17140348952046525,,,-0.03307560137457045,-350.00042826552465,0.0825,-0.02556455048998718,-0.0754154239454623,117350.0
2024-03-22,,,,-0.008370044052863436,-299.99868189806676,0.03,-0.060778312199387896,-0.0638390905115872,114350.0
2024-03-25,,,,0.055868544600938964,-450.00374006545115,0.18000000000000002,0.009310986964618184,0.04841713221601496,107400.0
2024-03-26,,,,0.030303030303030304,-600.0032452480297,0.0375,0.0,0.023985239852398532,108400.0
2024-03-27,,,,0.02378731343283582,-550.0037122969837,0.045,0.0009225092250921829,0.03136531365313644,108400.0
2024-03-28,0.17913737013327746,,,0.021880819366852888,-299.99860724233986,0.0025000000000000005,-0.013364055299539213,0.04608294930875578,108500.0
2024-03-29,,,,0.04226020892687559,-1150.009863785815,0.005000000000000001,0.051844932274637934,0.06632414759458194,107050.0
2024-04-01,,,,-0.001364877161055505,-2000.0151921358356,0.06,-0.014209591474245165,0.02975133214920067,112600.0
2024-04-02,,,,0.006818181818181818,-299.9977334542158,0.0025000000000000005,0.007207207207207134,0.013513513513513598,111000.0
2024-04-03,,,,0.004977375565610859,-550.0009004952724,0.005000000000000001,0.015205724508050134,0.003577817531305927,111800.0
2024-04-08,,,,-0.013233348037053375,600.0066518847007,0.005000000000000001,0.005726872246696102,-0.01541850220264318,113500.0
2024-04-09,,,,-0.008849557522123894,-99.99646330680814,0.0075,0.01576872536136653,-0.05256241787122207,114150.0
2024-04-10,,,,-0.010917030567685589,-600.002606429192,0.03,-0.02975420439844756,-0.056489866321690396,115950.0
2024-04-11,,,,0.011160714285714286,300.0053715308863,0.0125,-0.002666666666666706,-0.03644444444444439,112500.0
2024-04-12,,,,0.010304659498207885,250.00673551863494,0.0025000000000000005,-0.004010695187165791,-0.0401069518716578,112200.0
2024-04-15,,,,0.01348314606741573,300.00675980171246,0.005000000000000001,-0.03221476510067112,-0.02863534675615209,111750.0
2024-04-16,,,,0.04990583804143126,-1150.0065207265952,0.03,0.0115580212667592,0.009246417013407227,108150.0
2024-04-17,,,,0.026703499079189688,-550.0027485112231,0.0025000000000000005,-0.009140767824497242,0.009140767824497242,109400.0
2024-04-18,,,,0.037209302325581395,-750.0055427251732,0.010000000000000002,-0.0064575645756457245,0.011070110701107083,108400.0
2024-04-19,,,,0.042095416276894296,-600.0037209302326,0.045,0.00789229340761377,0.020427112349117982,107700.0
2024-04-22,,,,0.034354688950789226,-399.9995374653099,0.05,0.005527406725011508,0.06771073238139103,108550.0
2024-04-23,,,,0.028188539741219962,-349.99769691386456,0.06,0.011452130096197832,0.021071919377004145,109150.0
2024-04-24,,,,0.01644586569209685,-299.99681093394076,0.1925,-0.007246376811594235,0.018115942028985588,110400.0
2024-04-25,,,,0.028058877644894203,-399.99908340971587,0.0525,0.0027372262773721623,0.03923357664233573,109600.0
2024-04-26,,,,0.018772893772893772,-350.0,0.005000000000000001,0.05459508644222022,0.019563239308462155,109900.0
2024-04-29,,,,-0.02965547317924117,-750.0021663778163,0.9,-0.0383951682484901,-0.036238136324417636,115900.0
2024-04-30,,,,0.007664562669071236,-99.99684684684685,0.49500000000000005,0.008524001794526725,-0.027815163750560812,111450.0
2024-05-06,,,,0.0044943820224719105,-850.0049063336307,0.18000000000000002,0.013345195729537407,-0.047153024911032015,112400.0
2024-05-07,,,,-0.004007123775601068,-1150.0061701189952,0.4275,-0.016242317822651398,-0.07813871817383666,113900.0
2024-05-08,0.05584415584415603,,,0.0013428827215756492,100.00492831541219,0.2375,-0.0031236055332440893,-0.08076751450245423,112050.0
2024-05-09,,,,0.0045045045045045045,-350.0,0.45,-0.02999104744852288,-0.06893464637421665,111700.0
2024-05-10,,,,0.038317757009345796,-950.0050949513663,0.9,-0.011536686663590201,-0.017535763728657172,108350.0
2024-05-13,,,,0.031969910672308414,-49.993890977443606,0.35,-0.019607843137254943,-0.010270774976657293,107100.0
2024-05-14,,,,0.05250481695568401,-900.0057306590257,0.9,-0.01904761904761909,0.01619047619047609,105000.0
2024-05-15,,,,0.05430528375733855,-400.0,0.75,0.009708737864077666,0.03300970873786402,103000.0
2024-05-16,,,,0.03481624758220503,0.005802707930367505,0.1275,0.023557692307692335,0.02067307692307696,104000.0
2024-05-17,,,,0.014218009478672985,-349.99763816721776,0.275,-0.0042273367778299376,0.01080319398778773,106450.0
2024-05-20,,,,0.017577197149643706,-749.9853773584906,0.1125,0.006603773584905603,0.0018867924528302993,106000.0
2024-05-21,,,,0.008015087223008015,-649.9835988753515,0.24,-0.002811621368322359,-0.015932521087160256,106700.0
2024-05-22,,,,0.010396975425330813,-599.9826127819549,0.020000000000000004,-0.0023496240601503793,-0.011278195488721776,106400.0
2024-05-23,,,,0.009000473709142587,-599.9853980216675,0.03,0.013659915214319307,-0.0014130946773434072,106150.0
2024-05-24,,,,-0.004672897196261682,-599.9897769516729,0.015,-0.013011152416356864,-0.02555762081784385,107600.0
2024-05-27,,,,0.009478672985781991,-699.988229755179,0.010000000000000002,-0.011299435028248594,-0.03295668549905839,106200.0
2024-05-28,,,,0.01722488038277512,-499.98285714285714,0.025,0.0019047619047618536,-0.030000000000000027,105000.0
2024-05-29,,,,0.01821668264621285,-899.9890684410647,0.005000000000000001,0.0076045627376426506,-0.0513307984790875,105200.0
2024-05-30,,,,0.009523809523809525,-999.9900943396226,0.027500000000000004,-0.010849056603773555,-0.04575471698113209,106000.0
2024-05-31,,,,0.016314779270633396,-649.9837863614688,0.0125,-0.02050548402479735,-0.045779685264663805,104850.0
2024-06-03,,,,0.023414634146341463,-199.97955209347614,0.0975,-0.0082765335929893,-0.05550146056475169,102700.0
2024-06-04,,,,0.02823179791976226,-899.9862542955326,0.0125,-0.020127638684339755,-0.03338242513500245,101850.0
2024-06-05,,,,0.027190332326283987,-499.97795591182364,0.15,0.013527054108216419,-0.02004008016032066,99800.0
2024-06-06,0.08051719071407581,,,0.007451564828614009,-499.98269896193773,0.010000000000000002,-0.010874938210578389,-0.04201680672268904,101150.0
2024-06-07,,,,0.005216095380029807,600.0294852573713,0.005000000000000001,-0.030484757621189407,-0.04247876061969014,100050.0
2024-06-11,,,,0.000997506234413965,3250.0603092783504,0.022500000000000003,0.01494845360824737,-0.043298969072164906,97000.0
2024-06-12,,,,0.03271028037383177,-2149.99187404774,0.0425,-0.006602336211274706,-0.04520060944641946,98450.0
2024-06-13,,,,0.019507186858316223,-399.97852760736197,0.037500000000000006,-0.009202453987730008,-0.03476482617586907,97800.0
2024-06-14,,,,0.014948453608247423,100.02734778121776,0.0025000000000000005,-0.011351909184726505,-0.05159958720330238,96900.0
2024-06-17,,,,0.011398963730569948,700.0318371607516,0.0025000000000000005,-0.03131524008350728,-0.07567849686847594,95800.0
2024-06-18,,,,0.046875,-3050.0266040688575,0.0325,0.012931034482758674,-0.0274784482758621,92800.0
2024-06-19,,,,0.014893617021276596,-2250.017142857143,0.010000000000000002,0.004255319148936065,-0.015425531914893598,94000.0
2024-06-20,,,,0.004766949152542373,-2300.0175801447776,0.0025000000000000005,-0.026483050847457612,0.0021186440677967155,94400.0
2024-06-21,,,,0.032100108813928184,-2700.021670190275,0.015,-0.036452665941240525,0.028291621327529937,91900.0
2024-06-24,,,,0.05194805194805195,-2900.0251503553854,0.020000000000000004,0.019198193111236606,0.080180688876341,88550.0
2024-06-25,,,,0.017174515235457065,-2750.0241935483873,0.0325,0.025484764542936356,0.042105263157894646,90250.0
2024-06-26,,,,-0.009184224743381956,-2650.0225840336134,0.034999999999999996,0.022150189086979966,0.021609940572663522,92550.0
2024-06-27,,,,0.02400893355667225,-3250.028556034483,0.6,-0.0010570824524313016,-0.006871035940803405,94600.0
2024-06-28,,,,0.04452054794520548,-4700.045503791983,0.65,0.012169312169312274,-0.006349206349206327,94500.0
2024-07-01,,,,0.019101123595505618,-4400.040149892933,0.85,-0.01672765290120226,-0.020909566126502854,95650.0
2024-07-02,,,,0.024858757062146894,-3650.033098209441,0.7200000000000001,0.005316321105794719,0.0010632642211589882,94050.0
2024-07-03,,,,0.009486607142857142,-3100.027508090615,0.75,-0.0063458487572712885,-0.029085140137493415,94550.0
2024-07-04,,,,0.024266365688487584,-3550.0309278350514,0.8,-0.000532197977647697,-0.015433741351782881,93950.0
2024-07-05,,,,0.023163841807909605,-3500.029891304348,0.7200000000000001,-0.0026624068157614644,-0.027156549520766737,93900.0
2024-07-08,,,,0.013997760358342666,-2400.0190839694656,0.57,0.005339028296849957,-0.06086492258408971,93650.0
2024-07-09,,,,0.02901023890784983,-4350.041734417344,0.54,-0.024960169941582566,-0.056824216675517736,94150.0
2024-07-10,,,,0.04089861751152074,-3100.0266963292547,0.85,0.007625272331154731,-0.05392156862745101,91800.0
2024-07-11,-0.05272901810202957,,,0.03394706559263521,-3750.0358521787093,0.7200000000000001,-0.012432432432432416,-0.04918918918918924,92500.0
2024-07-12,,,,0.03279631760644419,-2500.020693512304,0.255,-0.03721948549534759,-0.016967706622879053,91350.0
2024-07-15,,,,0.038305281485780614,-599.9994236311239,0.9,0.009664582148948275,0.011370096645821448,87950.0
2024-07-16,,,,0.012082853855005753,-599.9988571428571,0.5225,-0.02195945945945943,-0.010135135135135087,88800.0
2024-07-17,,,,0.02704291593180482,-700.001749271137,0.35,0.012665515256188753,0.0005757052389177009,86850.0
2024-07-18,-0.0759781012151155,,,0.003482298316889147,-650.0017281105991,0.2375,0.021034678794769723,-0.01023308698123937,87950.0
2024-07-19,,,,-0.016505406943653957,-700.0011293054771,0.95,-0.009465478841870878,-0.043986636971046766,89800.0
2024-07-22,,,,-0.009179575444635685,-499.99771819737595,0.1,-0.01180438448566612,-0.062394603709949426,88950.0
2024-07-23,,,,0.0023215322112594312,-549.9994232987312,0.44999999999999996,-0.011376564277588153,-0.07679180887372017,87900.0
2024-07-24,,,,0.0052662375658279695,-399.9988351776354,0.2975,0.0017261219792865656,-0.04833141542002306,86900.0
2024-07-25,-0.10159206577058588,,,-0.007021650087770626,-500.00058173356604,0.48,-0.01378518093049974,-0.07122343480758186,87050.0
2024-07-26,,,,0.00533175355450237,-500.00058892815076,0.2,-0.02853814793244025,-0.05649388468258587,85850.0
2024-07-29,,,,0.028693528693528692,-600.0048484848485,0.9,-0.026978417266187105,-0.0227817745803357,83400.0
2024-07-30,,,,0.03452605147520402,-499.99937616968185,0.95,0.01910043130006156,0.0012322858903266454,81150.0
2024-07-31,,,,0.011721159777914868,-600.0,0.9025,-0.022370012091898483,-0.029020556227327687,82700.0
2024-08-01,-0.11612021857923494,,,0.028967254408060455,-500.0,0.85,0.0018552875695732052,-0.029066171923314732,80850.0
2024-08-02,,,,0.011264080100125156,-249.99750467872738,0.765,0.006172839506172867,-0.042592592592592626,81000.0
2024-08-05,,,,0.003115264797507788,-349.9975186104218,0.5525,-0.0030674846625766694,-0.06748466257668717,81500.0
2024-08-06,,,,0.00625,-349.99875544492846,0.105,-0.011692307692307669,-0.05230769230769228,81250.0
2024-08-07,,,,0.015792798483891344,-199.9936988027725,0.04000000000000001,-0.02241594022415938,-0.08530510585305107,80300.0
2024-08-08,-0.024031849439015707,,,0.015822784810126583,1400.0244845360826,0.4275,-0.012101910828025475,-0.07770700636942673,78500.0
2024-08-09,,,,0.031491002570694086,1200.0228459530026,0.57,-0.01998710509348811,-0.05931656995486778,77550.0
2024-08-12,,,,0.03578528827037773,400.0126582278481,0.2,0.013157894736842035,-0.03421052631578947,76000.0
2024-08-13,,,,0.024278215223097113,200.00855263157894,0.8075,-0.04610389610389609,-0.025974025974025983,77000.0
2024-08-14,,,,0.07197231833910035,-349.99931129476585,0.9025,-0.014295439074200167,0.060585432266848205,73450.0
2024-08-15,-0.033453757225433645,,,0.051639916259595256,-400.00069396252604,0.81,0.007596685082873034,0.04212707182320452,72400.0
2024-08-16,,,,0.04155124653739612,-249.99654934437544,0.595,0.006168608636052175,0.005483207676490798,72950.0
2024-08-19,,,,0.030344827586206897,-399.9986282578875,0.5525,0.021798365122615904,0.012942779291553075,73400.0
2024-08-20,,,,0.004707464694014795,-400.0020066889632,0.3825,0.03866666666666663,0.015333333333333421,75000.0
2024-08-21,,,,-0.02855288773523686,-399.9993544222079,0.7,-0.03145057766367132,-0.02759948652118105,77900.0
2024-08-22,-0.03246423124409903,,,0.0024096385542168677,-450.001996007984,0.475,-0.027833001988071593,0.018555334658714395,75450.0
2024-08-23,,,,0.022727272727272728,-349.9993145990404,0.27999999999999997,0.013633265167007469,0.0756646216768917,73350.0
2024-08-26,,,,0.008152173913043478,-500.0033738191633,0.325,0.024209818426361718,0.01143241425689312,74350.0
2024-08-27,,,,-0.013280212483399735,-399.9993394980185,0.54,-0.005252790544977071,-0.01641497045305318,76150.0
2024-08-28,,,,-0.008678237650200267,-450.0006635700066,0.6375,0.014521452145214608,-0.02838283828382837,75750.0
2024-08-29,-0.017516743946419333,,,-0.02431011826544021,-450.00195950359245,0.9,0.026675341574495803,-0.07937540663630449,76850.0
2024-08-30,,,,-0.045425463851567496,-299.9980879541109,0.9025,-0.04689480354879594,-0.0975918884664132,78900.0
2024-09-02,,,,0.010148849797023005,-850.0053511705686,0.7124999999999999,-0.003989361702127714,-0.027260638297872286,75200.0
2024-09-03,,,,0.0006756756756756757,-550.0026827632462,0.57,-0.01735647530040052,-0.03671562082777036,74900.0
2024-09-04,,,,0.013726835964310227,-349.9993169398907,0.4275,-0.03872282608695654,0.06589673913043481,73600.0
2024-09-05,-0.029592820588889568,,,0.05,-550.0049610205529,0.75,0.006360424028268641,0.08763250883392226,70750.0
2024-09-06,,,,0.029057406094968107,-299.99929428369796,0.6649999999999999,0.0273876404494382,0.089185393258427,71200.0
2024-09-09,,,,0.0,-500.0013745704467,0.4675,-0.0136705399863295,0.029391660970608413,73150.0
2024-09-10,,,,0.0076495132127955496,50.004871259568546,0.27,0.08731808731808721,0.0492030492030493,72150.0
2024-09-11,,,,-0.03989535644211903,-1850.021711366539,1.0,-0.019120458891013437,-0.040152963671128084,78450.0
2024-09-12,-0.13164386633774383,,,-0.04155844155844156,300.00717079530637,0.9025,0.007797270955165692,-0.02729044834307992,76950.0
2024-09-13,,,,-0.03506493506493506,-549.9832366215345,0.5525,-0.029013539651837505,-0.009671179883945835,77550.0
2024-09-18,,,,-0.009993337774816789,-249.9760956175299,0.2025,0.005312084993359889,0.012616201859229736,75300.0
2024-09-19,,,,-0.017252820172528202,-349.9782034346103,0.15,-0.005284015852047519,0.017833553500660404,75700.0
2024-09-20,,,,-0.011325782811459028,-249.97277556440903,0.0375,-0.005976095617529875,0.021912350597609542,75300.0
2024-09-23,,,,-0.013333333333333334,150.03072812291248,0.105,0.02605210420841675,0.06546426185704735,74850.0
2024-09-24,,,,-0.025456919060052218,-199.97721354166666,0.2,-0.00716145833333337,-0.001953125,76800.0
2024-09-25,,,,-0.025456919060052218,,0.765,0.010491803278688483,0.0019672131147541183,76250.0
2024-09-26,,,,-0.024691358024691357,-99.96885139519793,0.03,-0.0012978585334199044,-0.04347826086956519,77050.0
2024-09-27,,,,-0.015635179153094463,-199.97270955165692,0.07500000000000001,0.036387264457439894,-0.039636127355425654,76950.0
2024-09-30,,,,-0.036919159770846595,-1199.9880877742946,0.045000000000000005,-0.03887147335423202,-0.08338557993730411,79750.0
2024-10-08,,,,0.00520494469746259,200.0378343118069,0.045000000000000005,-0.003261578604044413,-0.0424005218525767,76650.0
2024-10-09,,,,0.0013003901170351106,500.0425392670157,0.0025000000000000005,-0.035340314136125706,-0.06871727748691103,76400.0
2024-10-10,,,,0.037761294672960216,450.0461329715061,0.04000000000000001,0.0027137042062415073,-0.06919945725915877,73700.0
2024-10-11,,,,0.05303030303030303,-1299.9763193504737,0.005000000000000001,-0.010825439783491153,-0.04397834912043297,73900.0
2024-10-14,,,,0.04189560439560439,-299.9596443228454,0.010000000000000002,0.004103967168262557,-0.008891928864569132,73100.0
2024-10-15,,,,0.03561643835616438,-399.9598092643052,0.0025000000000000005,-0.03065395095367851,0.004768392370572139,73400.0
2024-10-16,,,,0.05454545454545454,350.0498945888967,0.010000000000000002,-0.035839775122979645,0.057624736472241755,71150.0
2024-10-17,,,,0.08575581395348837,200.0502915451895,0.0075,0.02988338192419815,0.08163265306122458,68600.0
2024-10-18,,,,0.04246284501061571,-3150.0379403794036,0.015,0.02547770700636942,0.0573248407643312,70650.0
2024-10-21,,,,0.04850213980028531,1100.0615942028985,0.1125,0.01794340924775706,0.057280883367839985,72450.0
2024-10-22,,,,0.046362339514978604,-3300.040190735695,0.30000000000000004,0.02033898305084736,0.015593220338983027,73750.0
2024-10-23,,,,0.03006993006993007,-3300.038101604278,0.48,-0.013953488372092981,-0.018604651162790753,75250.0
2024-10-24,0.04894191413393689,,,0.03385049365303244,-3000.0365358592694,0.48750000000000004,0.006738544474393482,0.00876010781671166,74200.0
2024-10-25,,,,0.030217849613492623,-3050.0343665768196,0.54,0.025435073627844806,0.024096385542168752,74700.0
2024-10-28,,,,0.01098901098901099,-3350.038082731451,0.7224999999999999,-0.022193211488250708,0.008485639686684143,76600.0
2024-10-29,,,,0.038569424964936885,-3200.0375838926175,0.4675,-0.014018691588784993,0.032710280373831724,74900.0
2024-10-30,,,,0.051994301994301995,-3250.0388019060583,0.51,0.01354096140826,0.02775897088693302,73850.0
2024-10-31,0.026487788097695253,,,0.01028101439342015,-1400.0121049092131,0.75,0.022044088176352616,0.026720106880427474,74850.0
2024-11-01,,,,-0.015333333333333332,-1000.0065789473684,0.95,0.009803921568627416,-0.0013071895424836555,76500.0
2024-11-04,,,,-0.018421052631578946,-800.0045572916666,0.7,0.0012944983818770073,0.047896440129449935,77250.0
2024-11-05,,,,-0.01381578947368421,-850.0045543266103,0.9025,-0.018745959922430555,0.04912734324499035,77350.0
2024-11-06,,,,0.012837837837837839,-1350.0106171201062,0.7124999999999999,0.012516469038208244,0.13965744400527003,75900.0
2024-11-07,-0.0032083755488010457,,,-0.008597883597883597,-750.0032743942371,0.27999999999999997,-0.005855562784645385,0.054001301236174415,76850.0
2024-11-08,,,,0.011401743796109993,-1400.012508229098,0.63,0.0595549738219896,0.024869109947643908,76400.0
2024-11-11,,,,-0.03821656050955414,-1900.016791044776,0.95,0.002470660901791266,0.0,80950.0
2024-11-12,,,,-0.020434227330779056,-2400.024163568773,1.0,0.06592729513247075,0.01848428835489835,81150.0
2024-11-13,,,,-0.07345971563981042,-1750.0162507254788,1.0,-0.06358381502890176,-0.04393063583815027,86500.0
2024-11-14,0.009782608695652284,,,-0.04012158054711246,1750.027950310559,0.95,-0.033333333333333326,0.011728395061728403,81000.0
2024-11-15,,,,0.010269576379974325,-400.0083014048531,0.765,0.0338441890166028,0.015325670498084198,78300.0
2024-11-18,,,,-0.024253731343283583,-550.0123533045089,0.68,0.02100061766522554,-0.0074119827053736875,80950.0
2024-11-19,,,,-0.0425531914893617,-400.00725952813065,0.81,0.000604960677555999,-0.0483968542044767,82650.0
2024-11-20,,,,-0.038905775075987845,-450.00967351874243,0.6400000000000001,-0.009068923821039854,-0.050785973397823425,82700.0
2024-11-21,0.010792860107928792,,,-0.02457002457002457,-550.0079316656498,0.5249999999999999,-0.029896278218425887,-0.0420988407565589,81950.0
2024-11-22,,,,0.0006325110689437065,-450.0088050314465,0.30250000000000005,0.010691823899371178,-0.011949685534591192,79500.0
2024-11-25,,,,-0.010012515644555695,-450.0074673304294,0.15,-0.021157436216552528,-0.02551337896701933,80350.0
2024-11-26,,,,0.007662835249042145,-350.0031786395423,0.2025,-0.00190718372536558,-0.008264462809917328,78650.0
2024-11-27,,,,0.006402048655569782,-400.0044585987261,0.04000000000000001,0.0,-0.028025477707006363,78500.0
2024-11-28,0.03560656836461118,,,0.002564102564102564,-500.0076433121019,0.0875,0.0006369426751593465,-0.02547770700636942,78500.0
2024-11-29,,,,0.0019218449711723255,-500.0019096117123,0.06,-0.003182686187141903,-0.024188415022278753,78550.0
2024-12-02,,,,0.009009009009009009,-600.0044699872286,0.0125,-0.003831417624521105,-0.019157088122605415,78300.0
2024-12-03,,,,0.013601036269430052,-800.0076923076923,0.0225,-0.02179487179487183,-0.017948717948717996,78000.0
2024-12-04,,,,0.026281208935611037,-199.99868938401048,0.0125,0.002621231979030192,0.004587155963302836,76300.0
2024-12-05,-0.039894968660003416,,,0.010484927916120577,-199.99934640522875,0.0025000000000000005,0.0019607843137254832,0.007189542483660105,76500.0
2024-12-06,,,,0.010512483574244415,-550.0039138943249,0.005000000000000001,0.001956947162426559,-0.01108936725375087,76650.0
2024-12-09,,,,0.002621231979030144,-500.00390625,0.005000000000000001,-0.0026041666666666297,-0.01041666666666663,76800.0
2024-12-10,,,,-0.01856594110115237,1500.0261096605743,0.015,0.0006527415143602333,-0.018276762402088753,76600.0
2024-12-11,,,,0.001963350785340314,-249.99804305283757,0.0025000000000000005,0.005218525766470972,-0.029876060013046324,76650.0
2024-12-12,-0.04446468493831246,,,0.001963350785340314,-650.004542504867,0.005000000000000001,-0.016223231667748195,-0.04062297209604149,77050.0
2024-12-13,,,,0.0,600.0131926121372,0.005000000000000001,0.0026385224274405594,0.027440633245382484,75800.0
2024-12-16,,,,0.0,-49.99211045364891,0.005000000000000001,-0.010526315789473717,0.01552631578947361,76000.0
2024-12-17,,,,0.009308510638297872,-199.99867374005305,0.0025000000000000005,-0.011170212765957421,0.039893617021276695,75200.0
2024-12-18,,,,0.020037654653039267,-300.0,0.005000000000000001,-0.00591715976331364,0.04222700376546529,74360.0
2024-12-19,-0.06135523613963034,,,0.021374458874458876,-320.00053879310343,0.0025000000000000005,0.0535714285714286,0.04870129870129869,73920.0
2024-12-20,,,,0.008678237650200267,-199.99893475366179,0.0875,-0.008988186954288602,-0.017719568567026167,77880.0
2024-12-23,,,,0.014366272824919441,-260.000267594327,0.06999999999999999,0.013215859030837107,0.01477066597564125,77180.0
2024-12-24,,,,0.006121905775885015,-239.99946935526665,0.18000000000000002,-0.008951406649616356,-0.014066496163682829,78200.0
2024-12-25,,,,0.011235955056179775,-220.00080021339025,0.25,0.0002580645161289752,0.003870967741935516,77500.0
2024-12-26,-0.14052261143920386,,,0.014492753623188406,-280.0010695187166,0.075,-0.013157894736842146,-0.014705882352941124,77520.0
2024-12-27,,,,0.026494565217391304,-300.00054127198916,0.42250000000000004,0.023790849673202663,0.01516339869281036,76500.0
2024-12-30,,,,0.007112184648416533,-460.0016004267805,0.75,-0.015577119509703752,0.006384065372829317,78320.0
2024-12-31,,,,0.023874488403819918,-540.0029794149513,0.6000000000000001,0.009079118028534339,0.001037613488975353,77100.0
2025-01-02,,,,,-660.0037583892617,0.6400000000000001,-0.018251928020565522,0.005655526992287996,77800.0
2025-01-03,,,,,-500.00272034820455,0.855,0.0167583136946845,0.020162346163917322,76380.0
2025-01-06,,,,,-39.995716198125834,0.8,0.014936904455318034,0.014164305949008416,77660.0
2025-01-07,,,,,440.0097728473323,0.9,-0.020806901801573185,0.003552397868561208,78820.0
2025-01-08,,,,,-139.9991946308725,0.8075,0.013734128012438562,0.03990671158331183,77180.0
2025-01-09,,,,,100.0047796070101,0.6649999999999999,-0.004089979550102263,0.020705521472392574,78240.0
2025-01-10,,,,,-79.99706666666667,0.54,0.010780287474332573,0.03619096509240238,77920.0
2025-01-13,,,,,-700.0055452865065,0.76,0.004316912138141227,0.02488572879634332,78760.0
2025-01-14,,,,,-139.99868731950644,0.85,0.014664981036662361,-0.007332490518331181,79100.0
2025-01-15,,,,,-1100.0101114856107,1.0,-0.004983802641415402,-0.013207076999750766,80260.0
2025-01-16,,,,,-299.97463768115944,0.57,0.011019283746556363,-0.003506135737540661,79860.0
2025-01-17,,-0.14526876943580647,,,-219.97361004355625,0.8,-0.0002477086945751328,-0.014367104285360366,80740.0
2025-01-20,,,,,-79.97055057618438,0.8,-0.027254707631318098,-0.013627353815659049,80720.0
2025-01-21,,,,,60.02811350499212,0.8075,0.008660213958227247,-0.005094243504839557,78520.0
2025-01-22,,,,,-19.97344441551679,0.15000000000000002,0.004797979797979801,-0.02146464646464652,79200.0
2025-01-23,,,,,100.02741143004913,0.105,0.0,-0.02236742900226185,79580.0
2025-01-24,,-0.08995716325559255,,,-79.97754259163655,0.0325,0.0005026388539834947,-0.012314651922593622,79580.0
2025-01-27,,,,,-59.978098428240145,0.12,-0.01883948756593823,-0.029138407435317815,79620.0
2025-02-05,,,,,80.02361584885857,0.21,-0.007936507936507908,-0.007936507936507908,78120.0
2025-02-06,,,,,40.02435150873478,0.33249999999999996,0.003870967741935516,-0.002580645161290307,77500.0
2025-02-07,,,,,140.02779248279512,0.26249999999999996,0.010282776349614497,-0.013110539845758384,77800.0
2025-02-10,,-0.06969846762234311,,,520.0346093340326,0.41250000000000003,-0.01653944020356235,-0.018320610687022953,78600.0
2025-02-11,,-0.06969846762234311,,,-39.97361407249467,0.425,0.002587322121604174,-0.0031047865459249424,77300.0
2025-02-12,,-0.06969846762234311,,,-179.9733971801011,0.095,-0.002580645161290307,-0.002580645161290307,77500.0
2025-02-13,,,,,200.03013333333334,0.2375,-0.006727037516170764,-0.0015523932729625267,77300.0
2025-02-14,,,,,-2100.0245559038663,0.45,0.004949205522271516,-0.002083876009377428,76780.0
2025-02-17,,-0.054425228891149535,,,-379.97809829059827,0.085,-0.0012960082944530882,-0.005702436495593544,77160.0
2025-02-18,,-0.054425228891149535,,,-339.9775521111705,0.04000000000000001,0.0031144562678433463,-0.0054502984687256895,77060.0
2025-02-19,,-0.054425228891149535,,,-1980.0230869001298,0.0975,-0.0015523932729625267,-0.01681759379042691,77300.0
2025-02-20,,,,,-2040.0244092443522,0.0825,-0.0072557657424202615,-0.013474993521637724,77180.0
2025-02-21,,,,,-1860.0209533787324,0.45,0.0013051422605063756,-0.018533020099190778,76620.0
2025-02-24,,-0.04261954261954248,,,-1780.0211598746082,0.1,-0.0010427528675703845,-0.0172054223149114,76720.0
2025-02-25,,-0.04261954261954248,,,-1820.0201676270299,0.2975,-0.008350730688935326,-0.01800626304801667,76640.0
2025-02-26,,-0.04261954261954248,,,-1760.0200633579725,0.7,0.0018421052631578672,-0.008684210526315739,76000.0
2025-02-27,,,,,-1640.0179277616662,0.285,-0.012345679012345734,0.008668242710795804,76140.0
2025-02-28,,,,,-1780.0210666666667,0.5,0.0026595744680850686,0.012234042553191493,75200.0
2025-03-03,,-0.05387029288702938,,,-1300.014889657006,0.1425,-0.001856763925729421,0.004774535809018543,75400.0
2025-03-04,,-0.05387029288702938,,,-1560.0181188382628,0.045000000000000005,0.0010629816635663314,0.009301089556205122,75260.0
2025-03-05,,-0.05387029288702938,,,-1300.0141145139814,0.2125,0.019378816033979396,0.00345102203344827,75340.0
2025-03-06,0.4617264891290367,,,,-1520.016204913748,0.5850000000000001,-0.008854166666666718,-0.019010416666666696,76800.0
2025-03-07,,0.004782146652497321,,,-1720.0200210748155,0.6174999999999999,-0.004729374671571196,-0.0076195480819758465,76120.0
2025-03-10,,0.004782146652497321,,,-1400.0150993377483,0.1375,0.0026399155227032622,0.006335797254487963,75760.0
2025-03-11,,0.004782146652497321,,,-1700.0190224570674,0.022500000000000003,-0.004739336492891044,-0.007372301211163723,75960.0
2025-03-12,,0.004782146652497321,,,-1480.0172368072128,0.020000000000000004,-0.003439153439153464,-0.005291005291005346,75600.0
2025-03-13,0.24737898728530006,,,,-1400.015446071904,0.0325,0.0026546323334217803,-0.027608176267586937,75340.0
2025-03-14,,0.057019903173749276,,,-1420.015932023367,0.09,0.009266613714588257,-0.030447445062218748,75540.0
2025-03-17,,0.057019903173749276,,,-220.00183630640083,0.2125,-0.011017838405036673,-0.03305351521511013,76240.0
2025-03-18,,0.057019903173749276,,,-240.0023872679045,0.4,-0.0026525198938992522,-0.021220159151193685,75400.0
2025-03-19,,0.057019903173749276,,,-200.00186170212766,0.0075,-0.02579787234042552,-0.009574468085106425,75200.0
2025-03-20,0.061973986228002875,,,,-200.000273000273,0.75,-0.00027300027300025675,0.015288015288015266,73260.0
2025-03-21,,0.09826275787187821,,,-139.9997269251775,0.34,0.006553795740032786,0.010376843255051948,73240.0
2025-03-24,,0.09826275787187821,,,-59.99891481280521,0.015,0.0010851871947910041,0.005968529571350967,73720.0
2025-03-25,,0.09826275787187821,,,-200.00108401084012,0.020000000000000004,0.009214092140921393,0.007588075880758716,73800.0
2025-03-26,,0.09826275787187821,,,-260.00563909774434,0.03,-0.0013426423200859627,-0.015306122448979553,74480.0
2025-03-27,-0.053547760007068956,,,,-180.00161333691852,0.025,-0.0051089002420005025,-0.016402258671685988,74380.0
2025-03-28,,0.18131564400221123,,,-59.998378378378376,0.017499999999999998,0.00216216216216214,-0.03972972972972977,74000.0
2025-03-31,,0.18131564400221123,,,-240.00215749730313,0.010000000000000002,0.0026968716289104133,-0.05231930960086295,74160.0
2025-04-01,,0.18131564400221123,,,-120.00080688542226,0.010000000000000002,-0.01371705217859065,-0.059978483055406095,74360.0
2025-04-02,,0.18131564400221123,,,-139.99836378511046,0.065,-0.002454322334333292,-0.038178347422961556,73340.0
2025-04-03,-0.04814293258229185,,,,-200.00027337342812,0.0125,-0.028704209950792814,-0.039639147074904346,73160.0
2025-04-07,,0.14225277630883126,,,-260.0025330706445,0.0475,-0.010976639459611581,-0.00422178440754295,71060.0
2025-04-08,,0.14225277630883126,,,-280.0011383039271,0.0425,-0.005406943653955554,0.00626067159931698,70280.0
2025-04-09,,0.14225277630883126,,,0.0022889842632331904,0.04000000000000001,0.009155937052932828,0.006866952789699621,69900.0
2025-04-10,,,,,160.0048199603062,0.015,-0.003969379075701718,-0.0011341083073433955,70540.0
2025-04-11,,,,,-79.99800966733011,0.0025000000000000005,0.0071164247082264875,-0.001138627953316207,70260.0
2025-04-14,,0.14809160305343516,,,240.00367439231204,0.0075,-0.0005652911249293124,-0.024872809496890858,70760.0
2025-04-15,,0.14809160305343516,,,-120.00056561085972,0.0025000000000000005,-0.004807692307692291,-0.040723981900452455,70720.0
2025-04-16,,0.14809160305343516,,,-0.0005680204487361545,0.015,0.0011366865586814878,-0.01989201477692526,70380.0
2025-04-17,,,,,80.0017040613462,0.025,-0.003973885892705087,-0.030655691172296384,70460.0
2025-04-18,,,,,59.99971534301167,0.21,-0.016813907096038805,-0.0284981476204047,70180.0
2025-04-21,,0.1448344043499752,,,60.00086956521739,0.55,-0.016811594202898572,-0.029565217391304355,69000.0
2025-04-22,,0.1448344043499752,,,100.00058910162004,0.7124999999999999,0.016804245283018826,-0.02329009433962259,67840.0
2025-04-23,,0.1448344043499752,,,60.000579710144926,0.8,-0.009857929834734658,-0.04378080603073353,68980.0
2025-04-24,,,,,40.0,0.54,-0.0017569546120058677,-0.04450951683748172,68300.0
2025-04-25,,,,,200.00293341155765,0.6174999999999999,-0.017893810501613427,-0.05896157230859489,68180.0
2025-04-28,,0.16892840430510048,,,140.0020908004779,0.75,-0.010454002389486239,-0.04002389486260449,66960.0
2025-04-29,,0.16892840430510048,,,-140.0018115942029,0.65,-0.004527618472683348,-0.04889827950498038,66260.0
2025-04-30,,,,,-200.00182149362476,0.54,-0.010612492419648234,-0.029108550636749553,65960.0
2025-05-06,,0.21619092185306488,,,-180.0030637254902,0.45,-0.016855654305853562,-0.03125957707631011,65260.0
2025-05-07,,0.2032407407407406,,,-80.0018691588785,0.95,0.0018703241895261513,0.016209476309226867,64160.0
2025-05-08,-0.07350901525658826,,,,220.0034225264468,0.95,-0.019601742377100217,-0.002489110143123807,64280.0
2025-05-09,,0.25277777777777755,,,-60.00221870047544,0.95,0.016185337987940418,-0.019358933671850154,63020.0
2025-05-12,,0.25277777777777755,,,160.003125,0.95,-0.012804497189256692,-0.04465958775765144,64040.0
2025-05-13,,,,,-40.000948766603415,0.85,0.03131920278392908,-0.037329958873774105,63220.0
2025-05-14,,0.19946808510638303,,,-360.004605465152,0.85,-0.016564417177914126,-0.06288343558282206,65200.0
2025-05-15,,,,,60.00062363579669,0.7200000000000001,-0.03618215845290085,-0.030879600748596414,64120.0
2025-05-16,,0.21498226950354615,,,200.00129198966408,0.85,-0.010032362459546973,-0.013592233009708687,61800.0
2025-05-19,,0.21498226950354615,,,140.02124877410918,0.7,-0.0052304674730303535,-0.017652827721477582,61180.0
2025-05-20,,,,,100.01906013802169,0.75,0.0039434768320736335,0.000985869208018464,60860.0
2025-05-21,,0.18350604490500855,,,80.01996726677578,0.675,0.017021276595744705,-0.011783960720130882,61100.0
2025-05-22,,,,,20.01738010943032,0.8,-0.01898937882201479,-0.052784036047634375,62140.0
2025-05-23,,0.03713298791019004,,,20.019028871391075,0.6000000000000001,-0.014107611548556442,-0.01902887139107612,60960.0
2025-05-26,,0.03713298791019004,,,160.0196339434276,0.48,0.013643926788685423,-0.0026622296173044457,60100.0
2025-05-27,,,,,-19.995075508864083,0.57,-0.008864084044648668,0.0026263952724885353,60920.0
2025-05-28,,-0.038430744595676525,,,100.00596223915204,0.36000000000000004,-0.025173898641934422,-0.004637297118251116,60380.0
2025-05-29,,,,,60.006455997281684,0.3825,0.015970098538905964,0.02684335711858643,58860.0
2025-05-30,,-0.040432345876701414,,,40.00167224080268,0.15,0.00234113712374584,0.015050167224080369,59800.0
2025-06-03,,,,,-40.001334668001334,0.05500000000000001,0.019019019019018923,0.013680347013680372,59940.0
2025-06-04,,-0.0777222008464794,,,140.00327439423705,0.045000000000000005,-0.016044531761624126,0.01080550098231825,61080.0
2025-06-05,,,,,40.006988352745424,0.0125,0.005657237936772086,0.006322795341098253,60100.0
2025-06-06,,,,,380.0132362673726,0.015,0.004301786896095283,-0.010589013898080757,60440.0
2025-06-09,,-0.13340724316334074,,,120.00658978583196,0.0025000000000000005,0.0009884678747940079,-0.015156507413509046,60700.0
2025-06-10,,-0.13340724316334074,,,240.00691244239633,0.005000000000000001,0.016129032258064502,-0.014812376563528629,60760.0
2025-06-11,,-0.13340724316334074,,,20.00194552529183,0.015,-0.020408163265306145,-0.030126336248785246,61740.0
2025-06-12,,,,,-80.00198281559815,0.015,-0.011243386243386277,-0.00694444444444442,60480.0
2025-06-13,,,,,40.00033366700033,0.1,-0.0003344481605350724,-0.015050167224080258,59800.0
2025-06-16,,-0.15103976650857354,,,-240.00796812749005,0.21,0.0013382402141184357,-0.011040481766477095,59780.0
2025-06-17,,-0.15103976650857354,,,159.999333999334,0.1875,0.0003341129301703827,0.014032743067156739,59860.0
2025-06-18,,-0.15103976650857354,,,340.0013302294646,0.1875,0.0030060120240480437,0.016700066800267255,59880.0
2025-06-19,,,,,159.99933620975773,0.12,-0.019314019314019326,0.023976023976024052,60060.0
2025-06-20,,,,,460.0,0.75,0.0037351443123938566,0.0747028862478778,58900.0
2025-06-23,,-0.05328892589508749,,,360.00202156334234,0.6,0.026725304465493815,0.05311231393775362,59120.0
2025-06-24,,-0.05328892589508749,,,119.99868637110016,0.9,0.0029654036243822457,0.034266886326194346,60700.0
2025-06-25,,-0.05328892589508749,,,99.99836280288147,0.675,0.01018396846254932,0.050591327201051195,60880.0
2025-06-26,,,,,-80.00389231268245,0.7224999999999999,0.029268292682926855,0.04195121951219516,61500.0
2025-06-27,,,,,-100.0022102936533,0.7124999999999999,-0.01642969984202214,-0.00031595576619269927,63300.0
2025-06-30,,-0.051731330830204314,,,-20.003203074951955,0.595,0.008352071956312157,0.022486347574686816,62260.0
2025-07-01,,-0.051731330830204314,,,140.00127307447485,0.5525,0.01879579483912064,0.01752150366358718,62780.0
2025-07-02,,-0.051731330830204314,,,-80.00280986575086,0.54,0.0018761726078799779,0.0068792995622264375,63960.0
2025-07-03,0.07045215562565721,,,,140.00093516209478,0.595,-0.012484394506866447,0.0015605493133583614,64080.0
2025-07-04,,-0.035820895522388096,,,199.9996850393701,0.3,0.006005056890012739,0.015802781289506962,63280.0
2025-07-07,,-0.035820895522388096,,,-320.0090738423029,0.18000000000000002,0.00345585925227776,0.04429783223374173,63660.0
2025-07-08,,-0.035820895522388096,,,860.0077833125779,0.63,0.00814026299311199,0.043519098309330095,63880.0
2025-07-09,,-0.035820895522388096,,,19.995980210265923,0.30250000000000005,-0.0034161490683229934,0.03136645962732909,64400.0
2025-07-10,0.06744271988174422,,,,-140.0074395536268,0.24499999999999997,0.0015581177937051827,0.05889685260205679,64180.0
2025-07-11,,-0.03137086377309839,,,-1600.0285182889027,0.22499999999999998,0.0342252644679526,0.0883634100808961,64280.0
2025-07-14,,-0.03137086377309839,,,-520.0113908872902,0.95,0.0027075812274368616,0.07220216606498187,66480.0
2025-07-15,,-0.03137086377309839,,,199.99879987998798,0.6649999999999999,-0.0036003600360036137,0.09330933093309324,66660.0
2025-07-16,,-0.03137086377309839,,,179.998795543511,0.42,0.02318578741342958,0.0445648900933453,66420.0
2025-07-17,0.06512301013024602,,,,99.99587992937022,0.95,0.029429075927015935,0.12831077104178923,67960.0
2025-07-18,,-0.012752858399296407,,,-80.01486563750714,1.0,0.018867924528301883,0.15094339622641506,69960.0
2025-07-21,,-0.012752858399296407,,,-20.01094276094276,0.9,0.022446689113355678,0.02581369248035914,71280.0
2025-07-22,,-0.012752858399296407,,,-80.01152579582876,0.95,-0.04802414928649834,-0.02799121844127328,72880.0
2025-07-23,,-0.012752858399296407,,,-60.00922456039204,0.8,0.10521764197174988,0.01758431824733342,69380.0
2025-07-24,-0.03219208537127616,,,,-180.01825769431403,1.0,0.05007824726134591,-0.10954616588419408,76680.0
2025-07-25,,-0.002199736031676225,,,-1120.0221063089916,0.85,-0.09190263288623945,-0.14406358668653751,80520.0
2025-07-28,,-0.002199736031676225,,,-1420.035010940919,0.5599999999999999,-0.03118161925601748,-0.057439824945295426,73120.0
2025-07-29,,-0.002199736031676225,,,-380.0084697910785,0.025,-0.0033879164313946886,-0.04234895539243366,70840.0
2025-07-30,,-0.002199736031676225,,,-340.0042492917847,0.027500000000000004,-0.03286118980169972,-0.013881019830028318,70600.0
2025-07-31,-0.1028755134845507,,,,-280.0017574692443,0.017499999999999998,0.009373169302870465,0.0588752196836555,68280.0
2025-08-01,,-0.0017691287041131654,,,-420.0031921067905,0.005000000000000001,0.0,0.11665699361578641,68920.0
2025-08-04,,-0.0017691287041131654,,,280.0058038305281,0.0025000000000000005,-0.015670342426001183,0.17527568195008714,68920.0
2025-08-05,,-0.0017691287041131654,,,-380.00443262411346,0.06,0.02623820754716988,0.21639150943396235,67840.0
2025-08-06,,-0.0017691287041131654,,,-400.0028876696506,0.0625,0.03849468543521972,0.22234989945417993,69620.0
2025-08-07,-0.0330621429807858,,,,-1920.0228031145718,0.175,0.0644536652835408,0.17980636237897651,72300.0
2025-08-08,,0.01552795031055898,,,-1340.0140918580375,0.29250000000000004,0.05249480249480243,0.12915800415800405,76960.0
2025-08-11,,0.01552795031055898,,,-1560.0148957298907,0.022500000000000003,0.018765432098765356,0.10172839506172848,81000.0
2025-08-12,,0.01552795031055898,,,3580.045058139535,0.57,0.031265147842947094,0.06083373727581187,82520.0
2025-08-13,,0.01552795031055898,,,-2420.0256349952965,0.7224999999999999,0.00235017626321965,-0.04841363102232665,85100.0
2025-08-14,0.022078804347825942,,,,-2520.027719050975,0.52,0.01875732708089095,-0.02977725674091447,85300.0
2025-08-15,,0.047661469933184764,,,-80.00206896551724,0.4675,0.02692750287687007,-0.09136939010356737,86900.0
2025-08-18,,0.047661469933184764,,,19.99977598566308,0.5850000000000001,-0.019049753473778575,-0.11048857014791569,89240.0
2025-08-19,,0.047661469933184764,,,-20.000913242009133,0.2975,-0.07493717157870683,-0.09732693625771072,87540.0
2025-08-20,,0.047661469933184764,,,40.00024691358025,0.41250000000000003,0.0219807359841937,-0.026179303531736253,80980.0
2025-08-21,0.09850225121749512,,,,39.998071359691416,0.35,-0.045915901401643255,-0.05582406959884001,82760.0
2025-08-22,,0.051587301587301626,,,-0.0027784794139934328,0.44999999999999996,0.005319148936170137,-0.02254305977710236,78960.0
2025-08-25,,0.051587301587301626,,,-0.0025131942699170647,0.22749999999999998,-0.0045351473922902175,-0.048122952884857684,79380.0
2025-08-26,,0.051587301587301626,,,120.0,0.175,-0.002024803847127332,-0.0809921538850924,79020.0
2025-08-27,,0.051587301587301626,,,-60.00379266750948,0.225,-0.009130103981739746,-0.0885112858229774,78860.0
2025-08-28,0.18674099143937872,,,,-100.00255623721881,0.24,-0.012285641156897897,-0.060404402354747866,78140.0
2025-08-29,,0.11298183429330977,,,-240.00388399792854,0.0875,-0.020989893754858824,-0.037833635656905895,77180.0
2025-09-01,,0.11298183429330977,,,0.00026476039184537993,0.075,-0.03890947591318161,-0.010058231868713574,75560.0
2025-09-02,,0.11298183429330977,,,620.0079823837049,0.12,-0.010190030294684682,0.003855687138529351,72620.0
2025-09-03,,0.11298183429330977,,,220.00333982744226,0.025,0.02142459654980522,-0.016138007790762354,71880.0
2025-09-04,0.02658431793770144,,,,-340.0035451322607,0.2,0.011441024244075226,-0.032961046036502295,73420.0
2025-09-05,,0.13455657492354733,,,-220.00080971659918,0.36,0.007271747912739102,-0.04174521949905741,74260.0
2025-09-08,,0.13455657492354733,,,620.0104501607717,0.33,-0.025401069518716568,-0.028342245989304793,74800.0
2025-09-09,,0.13455657492354733,,,100.0038503850385,0.1,-0.02990397805212619,0.0038408779149519123,72900.0
2025-09-10,,0.13455657492354733,,,-260.0014172335601,0.05500000000000001,0.0039592760180995334,0.04128959276018107,70720.0
2025-09-11,-0.024177467597208402,,,,160.00423370025402,0.0025000000000000005,0.0022535211267604716,0.02647887323943654,71000.0
2025-09-12,,0.10501700680272097,,,160.00422416220783,0.0025000000000000005,0.021360314783586354,0.03934794828555366,71160.0
2025-09-15,,0.10501700680272097,,,-159.99944964226748,0.020000000000000004,0.006879471656576763,0.010181618051733565,72680.0
2025-09-16,,0.10501700680272097,,,-119.9997267012845,0.015,0.006285870456408826,0.0065591691719049106,73180.0
2025-09-17,,0.10501700680272097,,,-139.99945681694732,0.0025000000000000005,-0.010320478001086375,-0.010320478001086375,73640.0
2025-09-18,0.003931409452112122,,,,-260.0021953896817,0.020000000000000004,0.014818880351262331,0.01591657519209666,72880.0
2025-09-19,,0.09056603773584904,,,-200.00081124932396,0.005000000000000001,-0.007301243915630029,-0.01460248783126017,73960.0
2025-09-22,,0.09056603773584904,,,-220.00163443203488,0.0075,0.0032688640697358107,0.006810133478616143,73420.0
2025-09-23,,0.09056603773584904,,,-240.00298669562855,0.022500000000000003,-0.010589193592180246,-0.011675264729839818,73660.0
2025-09-24,,0.09056603773584904,,,-200.00246981339188,0.010000000000000002,0.01591657519209666,0.006311745334796948,72880.0
2025-09-25,0.014846502264720618,,,,-300.00378173960024,0.0075,-0.015667206915180976,-0.017558076715289084,74040.0
2025-09-26,,0.0597133757961783,,,-200.00192096597146,0.022500000000000003,0.014270032930845167,-0.008232711306256912,72880.0
2025-09-29,,0.0597133757961783,,,-160.00162337662337,0.045000000000000005,-0.015151515151515138,-0.016774891774891776,73920.0
2025-09-30,,0.0597133757961783,,,-59.99945054945055,0.0025000000000000005,0.007417582417582391,0.0019230769230769162,72800.0
2025-10-09,,,,,240.00545404963185,0.0125,-0.008181074447777492,0.02372511589855475,73340.0
2025-10-10,,,,,-39.99752543304922,0.0025000000000000005,-0.006323893318669227,0.04179268627990096,72740.0
2025-10-13,,0.07547169811320753,,,-480.0038738240177,0.0025000000000000005,0.0055340343110126256,0.050636413945766456,72280.0
2025-10-14,,0.07547169811320753,,,20.001926252063843,0.0025000000000000005,0.0035773252614199613,0.04540451293340664,72680.0
2025-10-15,,0.07547169811320753,,,-59.99752475247525,0.0075,0.029339182890046667,0.057307375925418125,72940.0
2025-10-16,,,,,-1120.012276487857,0.034999999999999996,0.009323388385721998,0.0647309536494407,75080.0
2025-10-17,,,,,-400.00317040951126,0.21,0.0021113750329901926,0.049353391396146806,75780.0
2025-10-20,,0.08772604848018473,,,-400.0029062087186,0.1275,0.0005267316302344227,0.07848301290492499,75940.0
2025-10-21,,0.08772604848018473,,,220.00740936755756,0.2,0.015003948407475542,0.07449328770729147,75980.0
2025-10-22,,0.08772604848018473,,,-600.0039072675175,0.75,0.03656639004149387,0.07494813278008294,77120.0
2025-10-23,,,,,-420.00350877192983,0.9,-0.005253940455341555,0.043282461846384734,79940.0
2025-10-24,,,,,-500.0050365147318,1.0,0.029929577464788748,0.015845070422535246,79520.0
2025-10-27,,0.09534794309880801,,,-620.0056275997064,0.95,-0.0031746031746031633,0.004639804639804623,81900.0
2025-10-28,,0.09534794309880801,,,-680.006381934217,1.0,0.015433610975012169,-0.03772660460558552,81640.0
2025-10-29,,0.09534794309880801,,,-1000.010152284264,0.95,0.006031363088057962,-0.045355850422195365,82900.0
2025-10-30,,,,,-1420.0153735287054,1.0,-0.031414868105515636,-0.03477218225419665,83400.0
2025-10-31,,,,,-1420.0168483647176,0.95,0.018568952711067066,0.018816538747214562,80780.0
2025-11-03,,0.11532682193839228,,,-1480.0158343483556,0.7124999999999999,-0.04521147301895967,0.06028196402527963,82280.0
2025-11-04,,0.11532682193839228,,,-1300.0152944175377,0.7,0.007382892057026469,0.10157841140529533,78560.0
2025-11-05,,0.11532682193839228,,,-1260.0149253731342,0.42250000000000004,0.017184735911043747,0.09401061410159217,79140.0
2025-11-06,0.01972761040033011,,,,-2480.029118964659,0.45499999999999996,0.022360248447204967,0.09118012422360255,80500.0
2025-11-07,,0.0708915145005371,,,-1700.0189873417721,0.68,0.06002430133657355,0.061482381530984176,82300.0
2025-11-10,,0.0708915145005371,,,-2620.028696051423,1.0,-0.008023842274186177,0.09124254928931674,87240.0
2025-11-11,,0.0708915145005371,,,-1720.0176048181609,0.765,0.0004622140050842827,0.08065634388721987,86540.0
2025-11-12,,0.0708915145005371,,,-1580.0173410404625,0.9,0.01455301455301461,0.14691614691614685,86580.0
2025-11-13,0.007320178230426411,,,,-1260.012320328542,0.95,-0.005464480874316946,0.12682149362477224,87840.0
2025-11-14,,0.055889635656172665,,,-1500.0155927539556,0.42,0.08974358974358965,0.04189560439560447,87360.0
2025-11-17,,0.055889635656172665,,,-60.003991596638656,1.0,-0.01764705882352946,-0.049579831932773155,95200.0
2025-11-18,,0.055889635656172665,,,-100.00085543199316,0.4,0.06180496150556025,0.020102651839178698,93520.0
2025-11-19,,0.055889635656172665,,,-240.00161127895268,0.5,-0.00322255790533732,-0.029808660624370598,99300.0
2025-11-20,0.018062397372742067,,,,-100.00020206102243,0.2375,-0.08042028692665182,-0.03192564154374622,98980.0
2025-11-21,,0.017550017550017616,,,-60.0004394638541,0.037500000000000006,-0.005932762030323002,0.05932762030323002,91020.0
2025-11-24,,0.017550017550017616,,,-280.0006631299735,0.0025000000000000005,0.054376657824933616,0.07139699381078701,90480.0
2025-11-25,,0.017550017550017616,,,-59.99853249475891,0.005000000000000001,0.009853249475890946,0.01215932914046114,95400.0
2025-11-26,,0.017550017550017616,,,-240.00084656084655,0.12249999999999998,-0.005397550342536861,-0.02781814407307448,96340.0
2025-11-27,-0.028760538964620497,,,,-39.999148936170215,0.18,0.006261740763932266,-0.022124817365894334,95820.0
2025-11-28,,-0.000673627484001349,,,-80.00021132713441,0.16000000000000003,0.005393071976768304,-0.04418170504044805,96420.0
2025-12-01,,-0.000673627484001349,,,-119.99978973927671,0.19,-0.0039199504848359545,-0.021662884258304094,96940.0
2025-12-02,,-0.000673627484001349,,,100.0023192072528,0.0475,-0.03003314001656998,-0.03893951946975971,96560.0
2025-12-03,,-0.000673627484001349,,,140.00238974581794,0.33249999999999996,0.00042707666026053914,0.024770446295109938,93660.0
2025-12-04,-0.03861097620203979,,,,-1580.0156080641666,0.315,-0.016435432230522906,0.05528281750266806,93700.0
2025-12-05,,-0.0013373453694416337,,,-79.99911855442926,0.135,0.02907986111111116,0.06032986111111116,92160.0
2025-12-08,,-0.0013373453694416337,,,-259.99957016978294,0.35,-0.02150991142977643,0.06558414171235771,94840.0
2025-12-09,,-0.0013373453694416337,,,1580.0210989010989,0.2375,0.034267241379310365,0.08405172413793105,92800.0
2025-12-10,,-0.0013373453694416337,,,-200.00084853627493,0.45,0.03021462804750996,0.131694102938112,95980.0
2025-12-11,-0.05394944707740912,,,,-1380.0123736852959,0.65,-0.011731391585760531,0.0736245954692556,98880.0
2025-12-12,,-0.0023450586264657236,,,-319.99937447873225,0.7,0.034179287760949695,0.13999181334424882,97720.0
2025-12-15,,-0.0023450586264657236,,,-260.0018115942029,0.6,-0.004551751434791251,0.13180288937264995,101060.0
2025-12-16,,-0.0023450586264657236,,,-240.00060618306728,0.4,0.07972166998011931,0.19642147117296216,100600.0
2025-12-17,,-0.0023450586264657236,,,-79.99831618334892,0.95,-0.02264776284293868,0.14822316332167196,108620.0
2025-12-18,-0.07519201228878647,,,,-139.9994262765347,0.9,0.049359457422758046,0.16352675207234357,106160.0
2025-12-19,,0.012073128665057054,,,-19.998359759431384,0.855,0.026750448833034124,0.1716337522441651,111400.0
2025-12-22,,0.012073128665057054,,,-59.998045139505955,0.855,0.05228186745934593,0.03881797517048424,114380.0
2025-12-23,,0.012073128665057054,,,-160.0,0.54,0.03622465935526753,0.010136257892987777,120360.0
2025-12-24,,0.012073128665057054,,,-160.00292873413602,0.5525,-0.009621552277100709,-0.025176395125080187,124720.0
2025-12-25,-0.02360863215966258,,,,-220.0003285151117,0.375,0.05667098445595853,0.052299222797927536,123520.0
2025-12-26,,,,,-340.0004682378648,0.017499999999999998,-0.08964143426294824,0.05684952497701512,130520.0
2025-12-29,,,,,-159.99915354663958,0.025,0.023228412725130543,0.19760982999495025,118820.0
2025-12-30,,,,,-580.0031635031635,0.005000000000000001,0.0,0.1926303668366507,121580.0
2025-12-31,,-0.02426693629929233,,,-200.00099833610648,0.0025000000000000005,0.06909031090639917,0.1796348083566377,121580.0
2026-01-05,0.02593247453060532,,,,-860.0040669482246,0.010000000000000002,0.06124019079858445,0.20064625326973373,129980.0
2026-01-06,,-0.030800133913625793,,,-880.0016267376516,0.0125,0.03160794548354362,0.21052631578947367,137940.0
2026-01-07,,-0.030800133913625793,,,400.006018916595,0.020000000000000004,0.018973998594518537,0.1380182712579059,142300.0
2026-01-08,,,,,-4800.0300423131175,0.1125,-0.010896551724137948,0.1256551724137931,145000.0
2026-01-09,,-0.057582859055908986,,,-2100.0107954545456,0.0525,0.08813275693766554,0.01938362850369546,143420.0
2026-01-12,,,,,-7440.045490093848,0.0075,0.06997308727412532,-0.05638856849929519,156060.0
2026-01-13,,-0.05473472128945611,,,-2500.010647307925,0.025,-0.030183255479698134,-0.03880704275961189,166980.0
2026-01-14,,-0.05473472128945611,,,5860.037761714855,0.022500000000000003,0.007904162035321738,0.02964060763245646,161940.0
2026-01-15,,,,,-1080.0055583003953,0.017499999999999998,-0.10427643671118736,0.03406445288567572,163220.0
2026-01-16,,-0.08327736736064473,,,10720.075834592664,0.027500000000000004,0.007250341997264043,0.24158686730506163,146200.0
2026-01-19,,,,,-620.0004103405827,0.0075,0.08990900448186889,0.12508488387885364,147260.0
2026-01-20,,-0.06952965235173825,,,-640.0015039478632,0.045000000000000005,0.03887850467289722,0.11900311526479745,160500.0
2026-01-21,,-0.06952965235173825,,,-519.998309178744,0.05,0.012234616768621809,-0.0027587861341009656,166740.0
2026-01-22,,,,,-959.9988056849397,0.15,0.07548287711814194,-0.023462495556345497,168780.0
2026-01-23,,-0.09679618268575318,,,-939.9991139661092,0.06,-0.0872631115028647,-0.18356104010577345,181520.0
2026-01-26,,-0.09308692676249142,,,-59.999757045675416,0.15000000000000002,0.08401738290680827,-0.20062771607918883,165680.0
2026-01-27,,,,,-2640.011859476393,0.0875,-0.07416481069042313,-0.17538975501113585,179600.0
2026-01-28,,,,,-59.998193424063594,0.037500000000000006,-0.008780370459466003,-0.1146259321626173,166280.0
2026-01-29,,,,,-979.9939921530162,0.037500000000000006,-0.10083727702948675,-0.19439388423734982,164820.0
2026-01-30,,-0.08808290155440412,,,-780.0045945945946,0.037500000000000006,-0.1063427800269906,-0.10310391363022942,148200.0
2026-02-02,,-0.08808290155440412,,,540.006161971831,0.0475,0.1182422228933857,0.034430685593476396,132440.0
2026-02-03,,-0.08808290155440412,,,1020.0104068117313,0.09000000000000001,-0.005941931127616429,-0.07265361242403778,148100.0
2026-02-04,,-0.08808290155440412,,,2420.01896575249,0.015,-0.09808449938867003,0.020649368292351644,147220.0
2026-02-05,-0.07411421425594,,,,7020.055094339623,0.0325,0.0010543756589846964,0.125320078325049,132780.0
2026-02-06,,-0.05150976909413851,,,-4120.025356817491,0.037500000000000006,0.030695154980439288,0.14835991573879026,132920.0
2026-02-09,,-0.05150976909413851,,,560.013109441744,0.0075,0.0024817518248174686,0.19795620437956196,137000.0
2026-02-10,,-0.05150976909413851,,,-1440.0080291970803,0.010000000000000002,0.09407310324741514,0.21217416630260666,137340.0
2026-02-11,,-0.05150976909413851,,,-1800.0109260493005,0.105,-0.005590310129109488,0.15573006788233723,150260.0
2026-02-12,-0.12457254518808003,,,,-1580.0116325711995,0.03,0.02154999330745544,0.178155534734306,149420.0
2026-02-13,,-0.04029304029304037,,,-1740.00880189175,0.015,0.07520964360587001,0.12696540880503138,152640.0
2026-02-24,,-0.14652014652014655,,,-2280.011603762062,0.027500000000000004,0.01437972215452099,-0.08079454058006341,164120.0
2026-02-25,,-0.14652014652014655,,,-2060.009398722738,0.22749999999999998,0.0431283037001442,-0.08061028351753963,166480.0
2026-02-26,,,,,-2460.010976314269,0.35750000000000004,0.013704940688701983,-0.10249913624323392,173660.0
2026-02-27,,,,,-3800.0196926579397,0.07500000000000001,-0.022835719154737588,-0.1129288798000454,176040.0
2026-03-02,,-0.018867924528301883,,,-900.0016336056009,0.07500000000000001,-0.12300895244738985,-0.06371352168352518,172020.0
2026-03-03,,-0.018867924528301883,,,-2080.0094540612517,0.0975,0.014583057139069266,0.08047196075831886,150860.0
2026-03-04,,-0.018867924528301883,,,-4240.028843643957,0.0375,0.018293479681170677,0.01293610348882801,153060.0
2026-03-05,,,,,-2540.0143995885833,0.0525,0.001924804311561612,0.007185936096496759,155860.0
2026-03-06,,,,,-1840.0098806621327,0.03,0.03137807377049184,-0.02612704918032782,156160.0
2026-03-09,,0.04734848484848486,,,-12000.071277258567,0.11249999999999999,0.012045200546380253,-0.00894076741586991,161060.0
2026-03-10,,0.04734848484848486,,,880.0108561559339,0.025,-0.04883435582822082,-0.04711656441717793,163000.0
2026-03-11,,0.04734848484848486,,,-1000.012564102564,0.0375,0.012512899896800933,-0.03173374613003099,155040.0
2026-03-12,,,,,-6860.042968251944,0.005000000000000001,-0.03121416740986116,-0.09160402599057205,156980.0
2026-03-13,,,,,4580.031200631912,0.020000000000000004,0.04957916885849545,-0.054050499736980506,152080.0
2026-03-16,,0.029962546816479474,,-0.017700225960331408,-300.0057636887608,0.015,-0.02693898007768447,-0.06628242074927959,159620.0
2026-03-17,,0.029962546816479474,,0.016469377251672673,119.99600824105073,0.0025000000000000005,-0.033479268606747326,-0.015323203708472843,155320.0
2026-03-18,,0.029962546816479474,,0.03749666399786496,-240.0021316280309,0.005000000000000001,-0.050093258726352285,0.05995203836930463,150120.0
2026-03-19,,,,0.07454904171364149,-680.00603085554,0.027500000000000004,0.00883590462833106,0.10238429172510521,142600.0
2026-03-20,,,,0.027586206896551724,1140.0041707215348,0.022500000000000003,0.036007229250660355,0.1708605588766856,143860.0
2026-03-23,,0.11946564885496169,,-0.009197889895847423,-1180.0139559849704,0.017499999999999998,0.026167471819645627,0.15150295222758992,149040.0
2026-03-24,,0.25879828326180254,,-0.03240619260036736,-500.0096769975154,0.020000000000000004,0.04040800313848569,0.027854060415849258,152940.0
2026-03-25,,0.25879828326180254,,-0.03930956280710596,-380.00578179989947,0.025,-0.012066365007541435,-0.0031422825540472488,159120.0
2026-03-26,0.13264187536891803,,,-0.010120177103099304,900.0033078880407,0.03,0.0715012722646311,0.012340966921119634,157200.0
2026-03-27,,0.1596153846153845,,-0.05660377358490566,-960.0056993588221,0.09000000000000001,0.01887912609831388,-0.06281168368558532,168440.0
2026-03-30,,0.1596153846153845,,-0.03269434317299776,-1560.0118867264887,0.005000000000000001,-0.08402284116070391,-0.0626966554014684,171620.0
2026-03-31,,0.1596153846153845,,0.031384459630473295,840.0040712468193,0.04000000000000001,0.009033078880407164,0.015394402035623367,157200.0
2026-04-01,,0.1596153846153845,,0.0,2880.0142478880343,0.020000000000000004,0.0032782751229352147,-0.03190013869625519,158620.0
2026-04-02,0.09029181149462451,,,-0.0030003750468808603,840.0052783712455,0.010000000000000002,-0.008043232374010278,-0.009677013949981106,159140.0
2026-04-03,,0.0922242314647379,,0.004435994930291508,840.0030581039755,0.010000000000000002,0.01900418091980227,0.054732041049030844,157860.0
2026-04-07,,0.0922242314647379,,-0.024539877300613498,3660.024852516631,0.025,-0.007708566455302712,0.03717518338928261,160860.0
2026-04-08,,0.0922242314647379,,-0.021604938271604937,3680.02564426478,0.0525,-0.037965167272271616,0.05663450695401573,159620.0
2026-04-09,,,,0.02534562211981567,-520.001968245637,0.11000000000000001,0.026308934618390234,0.14613180515759305,153560.0
2026-04-10,,,,0.010721247563352826,-1500.006821106821,0.12,0.056472081218274184,0.1266497461928935,157600.0
2026-04-13,,0.1145454545454545,,-0.028946066303809994,-1940.0092898178707,0.2975,0.002042042042041947,0.08228228228228218,166500.0
2026-04-14,,0.1145454545454545,,-0.0030864197530864196,-1920.0095168374817,0.3,0.010908654998801337,0.04447374730280518,166840.0
2026-04-15,,0.1145454545454545,,0.01591187270501836,-2120.0079748670855,0.5,0.04351950669986948,0.039013399739120214,168660.0
2026-04-16,,,,-0.02842227378190255,-579.9993062781824,0.75,0.008863636363636296,0.011136363636363722,176000.0
2026-04-17,,,,-0.02451657458563536,-820.0002291213198,0.45,0.014868213561612942,0.0019148456859652274,177560.0
2026-04-20,,0.04159563586771231,,-0.021109976166155942,-880.0010163749295,0.5,-0.03296337402885685,0.001997780244173075,180200.0
2026-04-21,,0.04159563586771231,,0.009034377566584536,-579.9978952291862,0.9025,0.005623780557787228,0.025020084930563513,174260.0
2026-04-22,,0.04159563586771231,,-0.003380347359832148,-720.0,0.33249999999999996,0.01552157041771296,0.049303811915087925,175240.0
2026-04-23,,,,-0.005518510002299379,-840.000228832952,0.75,-0.0003371544167228846,0.06248595189930328,177960.0
2026-04-24,,,,-0.0054041623548350005,-1180.0038830516216,0.8,0.014952220348510403,0.12085441259134355,177900.0
2026-04-27,,0.03482587064676612,,-0.003961516694963215,-799.9994366197183,0.8,-0.010744350908285294,0.10245901639344268,180560.0
2026-04-28,,0.03482587064676612,,-0.001487754634927901,-1160.0045475216007,0.81,0.029447990146680203,0.10043668122270732,178620.0
2026-04-29,,0.03482587064676612,,-0.028937117417918753,-860.0003322995126,0.75,0.028279312595170802,0.1149662823580595,183880.0
2026-04-30,,0.05306799336650081,,-0.04417323685063182,300.0059498052791,0.95,0.05458007192722647,0.0855722445525704,189080.0
2026-05-06,0.08029359430604988,,,-0.03648509763617677,-899.9995907928388,0.6,-0.0017051153460381219,0.01283851554663995,199400.0
2026-05-07,,,,-0.015707347318383795,-1660.0040983606557,0.95,-0.012559027428915903,-0.036672360092434464,199060.0
2026-05-08,,0.07947019867549665,,0.010416666666666666,-879.9989630858565,0.7124999999999999,0.04304029304029311,-0.039479039479039524,196560.0
2026-05-11,,0.07947019867549665,,-0.02628166766407341,-699.9974157638405,0.55,0.0011706175007315522,-0.06262803628914249,205020.0
2026-05-12,,,,-0.0006995103427600679,-619.9943215780036,0.2375,-0.01607717041800638,-0.1016272045210952,205260.0
2026-05-13,,0.06362153344208821,,0.03853724230809075,-5180.020278450364,0.9,-0.0505050505050505,-0.09338482867894637,201960.0
2026-05-14,,,,0.04624959759630862,-1540.0015964240101,0.6,-0.015435961618689986,-0.07384230287859828,191760.0
2026-05-15,,0.06688417618270814,,0.043478260869565216,-1940.0058083252661,0.45,0.017902542372881358,-0.022987288135593253,188800.0
2026-05-18,,0.06688417618270814,,0.018617021276595744,-139.9953226320825,0.11000000000000001,-0.04048288063274019,-0.057133936934124274,192180.0
2026-05-19,,,,0.03899721448467967,-1280.0009956853635,0.255,-0.007049891540130138,-0.04577006507592196,184400.0
2026-05-20,,0.07037643207855981,,0.0020152261531571876,-999.9917613003786,0.27,-0.030038230475150196,-0.0551611141452758,183100.0
2026-05-21,,,,0.049596309111880045,-939.9889870368246,0.22499999999999998,0.03862612612612604,0.007094594594594605,177600.0
2026-05-22,,0.07201309328968897,,-0.008135517664103422,-1059.9872590294704,0.21,-0.01767320828363872,-0.02558820340453216,184460.0
2026-05-25,,0.07201309328968897,,0.0351937634165631,-759.9901001237484,0.1125,-0.02891832229580571,-0.012693156732891842,181200.0
2026-05-26,,,,0.04785190359762487,-1279.993759389807,0.017499999999999998,-0.01682200500113662,-0.016935667197090276,175960.0
2026-05-27,,0.049679487179487225,,0.04758522727272727,-1019.9918813978115,0.017499999999999998,0.03387283236994221,-0.03606936416184969,173000.0
2026-05-28,,,,0.004004576659038902,-539.982890384396,0.025,0.004920049200491938,-0.10130828581013085,178860.0
2026-05-29,,0.04647435897435903,,0.016609392898052692,-1579.9945510273583,0.005000000000000001,-0.00467341715811731,-0.08556804272838547,179740.0
2026-06-01,,0.04647435897435903,,0.023559011893870083,-699.9902038956601,0.010000000000000002,-0.03309111235327,-0.08697596422582443,178900.0
2026-06-02,,0.028346456692913247,,0.04426619132501485,-799.9847427557659,0.05,-0.035957914209735264,-0.026130188461093717,172980.0
2026-06-03,,0.028346456692913247,,0.051949654491609085,-559.9797097884899,0.05500000000000001,-0.03609978412089232,0.003837850803549925,166760.0
2026-06-04,-0.0010948405638426806,,,0.08716722667355906,-1839.9919540229885,0.0325,0.022520841109866963,0.08622620380739088,160740.0
2026-06-05,,0.009202453987730008,,0.026319103387482685,-1179.985,0.03,-0.006205889510829898,0.06656120710635194,164360.0
2026-06-08,,0.009202453987730008,,0.033123028391167195,-679.9803995476818,0.015,0.031345659360842326,0.06795640994245122,163340.0
2026-06-09,,0.009202453987730008,,0.005835380835380835,-1039.9820556640625,0.15,-0.006292294906802831,0.009022913451264492,168460.0
2026-06-10,,0.009202453987730008,,0.017745302713987474,-19.977161100196465,0.12,0.043010752688172005,0.023297491039426577,167400.0
2026-06-11,-0.003969054826774343,,,-0.014792899408284023,-1299.9876688197298,0.36000000000000004,0.004009163802978222,-0.08075601374570451,174600.0
2026-06-12,,0.010703363914372988,,-0.013310185185185185,2160.034224097515,0.13999999999999999,-0.00490587564175704,-0.07735310895607528,175300.0
2026-06-15,,0.010703363914372988,,0.006493506493506494,-4100.018213256484,0.1425,-0.025567530382939685,-0.0987158908507223,174440.0
2026-06-16,,0.010703363914372988,,0.02287858612758746,-4360.023351810355,0.225,0.007765619484645159,-0.042593246264266416,169980.0
2026-06-17,,0.010703363914372988,,0.02108433734939759,-4380.020307547834,0.1,-0.0630472854640981,-0.1194395796847636,171300.0
2026-06-18,-0.04909994626544867,,,0.07791956689868523,-4820.026878359795,0.9,0.007725856697819333,-0.06404984423676008,160500.0
2026-06-22,,0.021374045801526798,,-0.0008909252895507191,-3740.0179015415215,0.6649999999999999,-0.02794608631136397,-0.048349202423642934,161740.0
2026-06-23,,0.021374045801526798,,0.03784704033525406,-3740.0190464016364,0.6000000000000001,0.03511003689098069,0.03905355552728662,157220.0
2026-06-24,,0.021374045801526798,,-0.00605831124574025,-3360.0150784822645,0.475,-0.07312277252058497,0.0111834828560895,162740.0
2026-06-25,,,,0.07152607152607153,-3580.0189207195203,0.855,-0.004110315566162814,0.08750994431185366,150840.0
2026-06-26,,,,0.04480679638257057,-3200.0143470099224,0.405,0.024630541871921263,0.12355212355212353,150220.0
2026-06-29,,0.026033690658499253,,0.017091152815013406,-4280.0250195465205,0.27999999999999997,0.06133056133056125,0.06912681912681906,153920.0
2026-06-30,,0.026033690658499253,,-0.01609455551364265,-3540.0170971709717,0.15,0.007345739471106727,0.0,163360.0
2026-07-01,,0.026033690658499253,,-0.0023693727397431103,-3680.0193831525053,0.0975,-0.003159941662615462,-0.037190082644628086,164560.0
2026-07-02,,,,0.019064342154772356,-4000.0209225498593,0.025,0.028895391367959045,-0.06717873689344067,164040.0
2026-07-03,,,,0.011569539666993143,-4700.023682018327,0.017499999999999998,-0.02500296243630762,-0.10178931152980208,168780.0
2026-07-06,,0.05471124620060808,,0.026397515527950312,-2960.0143937545745,0.010000000000000002,-0.007292173067574126,-0.07486631016042777,164560.0
2026-07-07,,0.05471124620060808,,0.010814796608086518,-620.0025710088149,0.010000000000000002,-0.030117531831537758,-0.062316356513222315,163360.0
2026-07-08,,0.05471124620060808,,0.059431524547803614,-3580.022225028413,0.017499999999999998,-0.03420853319868722,-0.05806614491290074,158440.0
2026-07-09,,,,0.06518817204301075,-3820.022408596514,0.13999999999999999,-0.009279832701607593,-0.008887727094497477,153020.0
2026-07-10,,,,0.02296726504751848,320.0047619047619,0.0125,0.004221635883905117,-0.009630606860158264,151600.0
2026-07-13,,0.09228441754916816,,0.04054054054054054,-3920.0236966824646,0.0625,0.006174461376773577,-0.054781923279033085,152240.0
2026-07-14,,0.09228441754916816,,0.03425117528542646,-3600.019147540984,0.0125,-0.025721373547460513,-0.07546677111894506,153180.0
2026-07-15,,0.09228441754916816,,0.032171581769437,-40.00214419726615,0.225,0.016215491825247952,-0.039801661752881246,149240.0
2026-07-16,,,,0.0010607265977194379,-820.0092311749967,0.034999999999999996,-0.010022418567849134,-0.04391401819860219,151660.0
2026-07-17,,0.1360239162929744,,0.015228426395939087,-420.00546156920205,0.020000000000000004,-0.041561209537764765,-0.03903023844411879,150140.0
2026-07-20,,0.1360239162929744,,0.05340008343763037,-80.02084781097984,0.04000000000000001,-0.01584433634468385,0.02307157748436417,143900.0
2026-07-21,,0.1360239162929744,,0.018819866987406255,-280.0125688462082,0.03,0.011862731252648029,0.01313373817257446,141620.0
2026-07-22,,0.1360239162929744,,-0.0006988120195667365,-200.01339846475923,0.034999999999999996,0.011863224005582707,0.032100488485694356,143300.0
2026-07-23,-0.025788770992902776,,,0.015105321507760533,-680.0198620689655,0.027500000000000004,-0.00496551724137928,-0.027172413793103423,145000.0
2026-07-24,,0.18805970149253715,,0.009575353871773521,-160.01053507069588,0.005000000000000001,0.020377044635430996,-0.04518990851122817,144280.0
2026-07-27,,0.18805970149253715,,-0.003265750442237039,-240.01263415296836,0.005000000000000001,-0.025404157043879882,-0.05651406058959385,147220.0
2026-07-28,,0.18805970149253715,,0.017482517482517484,-480.0101756342347,0.025,0.0308056872037914,-0.028575411207136914,143480.0
2026-07-29,,0.18805970149253715,,-0.009497964721845319,-500.0079783637593,0.022500000000000003,-0.04624746450304262,-0.03164300202839754,147900.0
2026-07-30,-0.03721159257175011,,,0.03944183397408515,-600.0083652346519,0.020000000000000004,-0.023394300297745585,0.0028356727633631618,141060.0
2026-07-31,,,,0.03944183397408515,,0.015,0.008275261324041772,0.016260162601626105,137760.0
2026-08-03,,,,0.03944183397408515,,0.020000000000000004,0.003455723542116651,0.05370770338372921,138900.0
2026-08-04,,,,0.03944183397408515,,0.0025000000000000005,0.027550581145070918,0.04649160568230726,139380.0
2026-08-05,,,,0.03944183397408515,,0.0075,-0.01228878648233489,0.045245077503142106,143220.0
2026-08-06,-0.0395761700933267,,,0.03944183397408515,,0.0075,-0.01032093878128093,0.07535699137565399,141460.0
2026-08-07,,,,0.03944183397408515,,0.027500000000000004,0.045428571428571374,0.10885714285714276,140000.0
2026-08-10,,,1823.8999999999942,0.03944183397408515,,0.022500000000000003,-0.0034162339437004974,0.0487838207160427,146360.0
2026-08-11,,,1658.0909090909117,0.03944183397408515,,0.0025000000000000005,0.026326614561908768,0.06540518305224197,145860.0
2026-08-12,,,1519.9166666666715,0.03944183397408515,,0.010000000000000002,0.016165664662658674,0.006412825651302523,149700.0
2026-08-13,-0.02528129896026199,,537.4166666666715,0.03944183397408515,,0.0225,0.02051012358664206,0.0002629503023927615,152120.0
2026-08-14,,,496.07692307692196,0.03944183397408515,,0.0125,-0.011208451430043787,0.022159237309971713,155240.0
2026-08-17,,,460.64285714285506,0.03944183397408515,,0.1,0.01237785016286641,0.0349185667752443,153500.0
2026-08-18,,,429.9333333333343,0.03944183397408515,,0.225,-0.030501930501930508,-0.032947232947232896,155400.0
2026-08-19,,,403.0625,0.03944183397408515,,0.33,0.009956192751891635,0.009956192751891635,150660.0
2026-08-20,-0.01276687824581657,,0.0,0.03944183397408515,,0.1625,0.042849631966351165,-0.0009200841219768607,152160.0
2026-08-21,,,0.0,0.03944183397408515,,0.95,0.0011343584572724996,0.005797832114948331,158680.0
2026-08-24,,,0.0,0.03944183397408515,,0.95,-0.054009819967266726,0.013470980737756433,158860.0
2026-08-25,,,0.0,0.03944183397408515,,0.95,0.012509981368112877,0.050439180196965694,150280.0
2026-08-26,,,0.0,0.03944183397408515,,0.8075,-0.0009200841219768607,0.01721871713985279,152160.0
2026-08-27,0.0,,0.0,0.03944183397408515,,0.45,0.049861860281541937,-0.014077095119063299,152020.0
2026-08-28,0.0,,0.0,0.03944183397408515,,1.0,0.00877192982456143,-0.11065162907268167,159600.0
2026-08-31,0.0,,0.0,0.03944183397408515,,0.6,-0.019503105590062075,-0.1167701863354037,161000.0
2026-09-01,0.0,,0.0,0.03944183397408515,,0.75,-0.01951095907766376,-0.09109337387558591,157860.0
2026-09-02,0.0,,0.0,0.03944183397408515,,0.54,-0.031657836929835925,-0.08256880733944949,154780.0
2026-09-03,0.0,,0.0,0.03944183397408515,,0.85,-0.05297571390445688,-0.05724579663730989,149880.0
2026-09-04,0.0,,0.0,0.03944183397408515,,0.8,0.0018317598985486683,,141940.0
2026-09-07,0.0,,0.0,0.03944183397408515,,0.2125,0.009001406469760997,,142200.0
2026-09-08,0.0,,0.0,0.011887913954146618,,0.09000000000000001,-0.010315026484527423,,143480.0
2026-09-09,0.0,,0.0,0.011887913954146618,,0.3,-0.004929577464788726,,142000.0
2026-09-10,0.0,,0.0,0.0034158838599487617,,0.4,,,141300.0
