date,warehouse_stock,basis_spot_main,spread_near1_near3,hv_20d,oi_main
2023-07-21,,79025.0,3500.0,,5854
2023-07-24,,74100.0,21750.0,,7680
2023-07-25,,58100.0,22600.0,,9213
2023-07-26,,54200.0,16450.0,,9122
2023-07-27,,55600.0,15350.0,,9603
2023-07-28,,50600.0,15100.0,,9217
2023-07-31,,49450.0,14750.0,,9667
2023-08-01,,45600.0,14250.0,,9785
2023-08-02,,40450.0,14050.0,,9731
2023-08-03,,36350.0,14250.0,,10136
2023-08-04,,33550.0,14400.0,,10314
2023-08-07,,36700.0,13350.0,,12270
2023-08-08,,36000.0,13650.0,,13918
2023-08-09,,31200.0,12950.0,,13673
2023-08-10,,36500.0,12100.0,,17113
2023-08-11,,35200.0,12150.0,,18289
2023-08-14,,42750.0,11750.0,,23419
2023-08-15,,39500.0,13650.0,,25479
2023-08-16,,33750.0,12050.0,,24567
2023-08-17,,32500.0,13200.0,0.9364308475451752,26791
2023-08-18,,29250.0,11350.0,0.998516781472608,24198
2023-08-21,,23850.0,11950.0,1.024488417375474,22723
2023-08-22,,26700.0,10550.0,1.0420987801273156,22567
2023-08-23,,25000.0,10850.0,1.0357097677183207,23417
2023-08-24,,25550.0,10800.0,1.0320448869148606,22465
2023-08-25,,28750.0,10050.0,1.026330506202198,24946
2023-08-28,,34500.0,8900.0,1.0533196828126214,29278
2023-08-29,,28150.0,7100.0,1.0468223098567635,29393
2023-08-30,,24400.0,7600.0,1.0150573602380963,29534
2023-08-31,,21150.0,7100.0,0.9419870176969631,29530
2023-09-01,,18750.0,7600.0,0.8379739770863006,29406
2023-09-04,,15600.0,7000.0,0.7625904135295987,28964
2023-09-05,,12550.0,7650.0,0.6836357189254338,29405
2023-09-06,,9950.0,7150.0,0.5663620710247794,30278
2023-09-07,,14300.0,5700.0,0.5138604705386794,32985
2023-09-08,,21000.0,5950.0,0.5232021139724463,38903
2023-09-11,,15350.0,5550.0,0.5667691774532615,41553
2023-09-12,,13250.0,6300.0,0.6114131252433644,44536
2023-09-13,,12950.0,5350.0,0.6514824089715753,45820
2023-09-14,,19350.0,4800.0,0.7461736661177085,52682
2023-09-15,,15400.0,5300.0,0.8009225454171544,52203
2023-09-18,,15850.0,4700.0,0.831761670606403,55569
2023-09-19,,20600.0,3700.0,0.9310321451193732,64943
2023-09-20,,22350.0,3950.0,1.0386843663328953,70230
2023-09-21,,13550.0,5400.0,1.0463677049694289,66110
2023-09-22,,15850.0,5400.0,1.090878106668485,64039
2023-09-25,,12250.0,10700.0,1.1311217584674806,62330
2023-09-26,,20900.0,7100.0,1.2324180150193997,69608
2023-09-27,,20550.0,10850.0,1.3089402882562553,64804
2023-09-28,,19000.0,9900.0,1.3415107712622847,60869
2023-10-09,,17100.0,10950.0,1.3390484986840685,65157
2023-10-10,,17100.0,11850.0,1.2950795442748724,71144
2023-10-11,,13100.0,13750.0,1.202401350067082,74313
2023-10-12,,4550.0,13400.0,1.0689459337589238,75862
2023-10-13,,250.0,19750.0,0.9794444546134379,64239
2023-10-16,,4100.0,20500.0,0.9416279388734862,66260
2023-10-17,,3850.0,20150.0,0.8852019027839589,68624
2023-10-18,,7600.0,20100.0,0.8182206391113348,67659
2023-10-19,,14050.0,19750.0,0.7464897476711105,67712
2023-10-20,,20550.0,17450.0,0.7362375770330527,72387
2023-10-23,,20200.0,13750.0,0.7145453165202976,77018
2023-10-24,,15000.0,16000.0,0.6869139316278998,75975
2023-10-25,,18050.0,13250.0,0.7004985068315321,80037
2023-10-26,,16850.0,14650.0,0.7103682617618732,84140
2023-10-27,,12950.0,16650.0,0.7092981277882061,83815
2023-10-30,,9150.0,17400.0,0.7092498439968843,85077
2023-10-31,,11250.0,16850.0,0.7101900923455966,83965
2023-11-01,,10000.0,16950.0,0.6912707067865993,86155
2023-11-02,,10600.0,16450.0,0.6711090099583956,86387
2023-11-03,,10100.0,14700.0,0.6640104391777822,94098
2023-11-06,,12850.0,13200.0,0.6923105995160717,106826
2023-11-07,,15950.0,11650.0,0.7601927043214163,113986
2023-11-08,,11150.0,13650.0,0.8000772452279931,105461
2023-11-09,,10850.0,12300.0,0.8121610822714934,106948
2023-11-10,,4100.0,13400.0,0.7394139255863456,98275
2023-11-13,,10350.0,10150.0,0.7024902406809321,96198
2023-11-14,,7450.0,9600.0,0.6219988146224749,99509
2023-11-15,,5900.0,9400.0,0.5460992556165722,107801
2023-11-16,,6600.0,8300.0,0.5342934116790815,113750
2023-11-17,,9000.0,6750.0,0.5887687037289691,113629
2023-11-20,,9300.0,8550.0,0.641368982026202,117274
2023-11-21,,11700.0,6900.0,0.715686944050131,119970
2023-11-22,,17300.0,6800.0,0.8942852013324228,117891
2023-11-23,,14700.0,6900.0,1.0179438713879247,115204
2023-11-24,,13950.0,7150.0,1.1006706002263116,121691
2023-11-27,,18850.0,6750.0,1.2322514532429485,131927
2023-11-28,,20300.0,4350.0,1.383229965412806,122796
2023-11-29,,22150.0,1500.0,1.5273377410357976,139951
2023-11-30,,24800.0,1400.0,1.680444975632214,145034
2023-12-01,,28250.0,1650.0,1.8499423094313052,135390
2023-12-04,,31650.0,1800.0,2.0703224075207847,145341
2023-12-05,,32950.0,4850.0,2.2994505050416443,150080
2023-12-06,40.0,30050.0,2350.0,2.4538608914872437,128782
2023-12-07,40.0,24900.0,3050.0,2.5159403734849333,136259
2023-12-08,100.0,16200.0,4200.0,2.438277050287363,158316
2023-12-11,300.0,18200.0,3350.0,2.425212781852465,156695
2023-12-12,510.0,18900.0,4850.0,2.4018307860924164,172604
2023-12-13,710.0,5450.0,5450.0,2.2576523700099913,172000
2023-12-14,1010.0,3950.0,1300.0,2.0949415886778175,161651
2023-12-15,1240.0,-100.0,900.0,1.9156257034500306,159950
2023-12-18,1540.0,250.0,850.0,1.7035557303097024,159746
2023-12-19,1840.0,100.0,400.0,1.5053715844511235,159563
2023-12-20,2080.0,200.0,-500.0,1.368719045260714,162654
2023-12-21,2580.0,2400.0,-400.0,1.202628839566748,158076
2023-12-22,3550.0,-1300.0,-550.0,0.9780004850495191,155842
2023-12-25,4360.0,-3850.0,-850.0,0.8360287837864268,159077
2023-12-26,5160.0,-8600.0,-900.0,0.7562112116936651,155209
2023-12-27,5950.0,-8700.0,-500.0,0.7087918266140778,150793
2023-12-28,6710.0,-9550.0,-1000.0,0.7122600968566798,152061
2023-12-29,7530.0,-10800.0,-1250.0,0.7530297396658234,142958
2024-01-02,8240.0,-11450.0,-1050.0,0.7777448802126462,145602
2024-01-03,9040.0,-9700.0,250.0,0.7336439740620841,141743
2024-01-04,9718.0,-3550.0,-1150.0,0.6452281532446016,148982
2024-01-05,10740.0,-2150.0,-700.0,0.6116098673915271,154263
2024-01-08,10975.0,-900.0,-800.0,0.6385535924099643,157724
2024-01-09,11440.0,-2950.0,300.0,0.6190472321627837,162038
2024-01-10,11427.0,-1900.0,-200.0,0.541278194958497,159002
2024-01-11,11588.0,-8700.0,-700.0,0.5451032097748822,157286
2024-01-12,13238.0,-6650.0,-550.0,0.5451479093450423,155914
2024-01-15,13268.0,-5750.0,0.0,0.5411007107890085,156970
2024-01-16,13268.0,-7650.0,-4700.0,0.5438907931815915,159478
2024-01-17,13418.0,-5250.0,-4300.0,0.5441436201489332,156573
2024-01-18,13546.0,-5900.0,-3950.0,0.5404706810766715,154594
2024-01-19,13554.0,-4900.0,-4300.0,0.5105541322815307,155078
2024-01-22,13700.0,-3350.0,-4000.0,0.5163340956434566,152252
2024-01-23,13950.0,-5500.0,-3800.0,0.5170384775926818,148288
2024-01-24,14134.0,-5850.0,-3900.0,0.4943501875347637,148399
2024-01-25,14134.0,-4850.0,-3050.0,0.48278818155894515,149167
2024-01-26,14454.0,-4150.0,-3350.0,0.46194859291883955,148248
2024-01-29,14894.0,-5200.0,-3600.0,0.4171997151014554,144728
2024-01-30,14987.0,-4250.0,-3350.0,0.34797007410371805,141118
2024-01-31,14987.0,-2400.0,-3150.0,0.30323296459355836,150388
2024-02-01,15317.0,-2550.0,-3000.0,0.3066540365024803,145032
2024-02-02,15587.0,-3100.0,-3500.0,0.29639687825932065,135549
2024-02-05,15924.0,-3400.0,-3350.0,0.26156278770931524,132983
2024-02-06,16054.0,-100.0,-1500.0,0.2882227036730974,142239
2024-02-07,16894.0,-600.0,-3300.0,0.291992998714323,136452
2024-02-08,16914.0,750.0,-3450.0,0.3090624145219183,138228
2024-02-19,16790.0,2150.0,-3000.0,0.3640169269029596,148907
2024-02-20,16240.0,3950.0,-2300.0,0.4469907194630534,173155
2024-02-21,16232.0,-750.0,2950.0,0.4294716359653769,165643
2024-02-22,16151.0,-1500.0,-3000.0,0.42532322168198994,166013
2024-02-23,15709.0,-5550.0,-3650.0,0.4202682005828582,173784
2024-02-26,15639.0,-5650.0,-2900.0,0.427180419737119,179602
2024-02-27,15689.0,-9550.0,-3850.0,0.4950153068293549,191979
2024-02-28,15355.0,-10000.0,-3100.0,0.5652441862230978,190062
2024-02-29,15755.0,-19700.0,-4350.0,0.8341977552225729,209410
2024-03-01,15520.0,-16950.0,-3400.0,1.0258585106049827,205233
2024-03-04,15330.0,-11600.0,-4750.0,1.1461511851510993,208233
2024-03-05,15477.0,-4050.0,-2000.0,1.1852539314434973,202406
2024-03-06,13415.0,-6500.0,-3150.0,1.2370431516710914,212004
2024-03-07,13522.0,-4500.0,-1250.0,1.2646419730422291,215643
2024-03-08,13466.0,-4450.0,-4100.0,1.2879203395651522,217323
2024-03-11,13750.0,-7150.0,-3450.0,1.3275709406037302,229549
2024-03-12,14426.0,-9850.0,-4750.0,1.3855993484350984,229075
2024-03-13,14721.0,-7800.0,-1950.0,1.3938143536384635,226877
2024-03-14,14605.0,150.0,-2200.0,1.354828107541246,210848
2024-03-15,14453.0,-2800.0,-300.0,1.2995935919188755,206667
2024-03-18,14363.0,-4350.0,-600.0,1.2096147429860307,205503
2024-03-19,13798.0,-2400.0,-600.0,1.0357365629631827,202175
2024-03-20,13491.0,-4650.0,-200.0,0.9102525454081566,204597
2024-03-21,13503.0,-4800.0,-650.0,0.7549165591877921,208023
2024-03-22,14002.0,-1800.0,-750.0,0.6382315050765128,200633
2024-03-25,13101.0,5050.0,-500.0,0.5462443759855757,206188
2024-03-26,13578.0,2100.0,-850.0,0.5213570825646683,200797
2024-03-27,14291.0,1350.0,-700.0,0.5160653165923109,201977
2024-03-28,12980.0,1250.0,-750.0,0.5303507571555833,199818
2024-03-29,0.0,2700.0,-1250.0,0.5480273034995178,196813
2024-04-01,9995.0,-2850.0,-2300.0,0.5332186717604572,200099
2024-04-02,11442.0,-250.0,-850.0,0.5353263239652055,191181
2024-04-03,12702.0,-750.0,-1000.0,0.5366334466476117,183070
2024-04-08,13692.0,-1650.0,450.0,0.5367062122416121,183798
2024-04-09,15232.0,-2150.0,-600.0,0.5375083842894736,184198
2024-04-10,15778.0,-2700.0,-900.0,0.5351323225069045,184304
2024-04-11,16830.0,750.0,0.0,0.4927694755788273,180154
2024-04-12,17440.0,550.0,-250.0,0.45547779593216975,178440
2024-04-15,17869.0,1000.0,-150.0,0.4559358627683178,179104
2024-04-16,18882.0,3350.0,-1600.0,0.4678761828353931,179955
2024-04-17,19422.0,2100.0,-800.0,0.4496051023061471,175021
2024-04-18,19642.0,3100.0,-900.0,0.4495276262992154,174354
2024-04-19,19677.0,3700.0,-800.0,0.4246998448756799,176344
2024-04-22,19727.0,2850.0,-850.0,0.37843642763903057,177912
2024-04-23,19137.0,2100.0,-950.0,0.35975525840203865,176631
2024-04-24,19524.0,850.0,-950.0,0.34628490488491215,178807
2024-04-25,19413.0,2150.0,-900.0,0.3407669353958744,176148
2024-04-26,19613.0,1350.0,-700.0,0.3341429559506017,172606
2024-04-29,19558.0,-4650.0,-1250.0,0.3637088247147884,193148
2024-04-30,19558.0,300.0,-550.0,0.3393609867514374,179848
2024-05-06,20373.0,-650.0,-1150.0,0.3385679802384466,185096
2024-05-07,20984.0,-2050.0,-1600.0,0.3488360371875095,189460
2024-05-08,22834.0,-200.0,-350.0,0.3492798852254535,190964
2024-05-09,23168.0,-200.0,-700.0,0.3423492481351452,193390
2024-05-10,23124.0,2750.0,-1350.0,0.3401996019509294,195326
2024-05-13,23303.0,2650.0,-750.0,0.3205670293585317,198230
2024-05-14,23783.0,4250.0,-1200.0,0.35904820577209157,198922
2024-05-15,23728.0,4750.0,-800.0,0.4204654145671552,201318
2024-05-16,23848.0,3000.0,-600.0,0.45237082832318193,197287
2024-05-17,23728.0,550.0,-950.0,0.46021984292969575,184611
2024-05-20,23858.0,1100.0,-3050.0,0.4713861648472869,184221
2024-05-21,23858.0,200.0,-3050.0,0.47692748009930214,178009
2024-05-22,24373.0,500.0,-3050.0,0.48240897593958487,180239
2024-05-23,24052.0,350.0,-2750.0,0.4902445839505964,173259
2024-05-24,24352.0,-1100.0,-2300.0,0.4913304145253712,168876
2024-05-27,24311.0,300.0,-2650.0,0.4937905630944793,171639
2024-05-28,24451.0,1300.0,-2800.0,0.5044364612359717,170519
2024-05-29,24726.0,1000.0,-2950.0,0.5101939444558086,166699
2024-05-30,24846.0,0.0,-3050.0,0.4422675547136424,162442
2024-05-31,24996.0,1050.0,-3000.0,0.42947237510100184,161329
2024-06-03,26176.0,2200.0,-2500.0,0.41631654598583095,165260
2024-06-04,26583.0,1950.0,-3200.0,0.3716171721287358,168086
2024-06-05,27424.0,2200.0,-3200.0,0.372804813766338,168133
2024-06-06,27644.0,250.0,-2750.0,0.33635092014656387,159275
2024-06-07,27664.0,1125.0,-1750.0,0.3539687898349095,154804
2024-06-11,27960.0,3350.0,650.0,0.42758821439811073,152300
2024-06-12,27930.0,1000.0,-5100.0,0.4664924459479633,140001
2024-06-13,27900.0,1500.0,-2900.0,0.5087402737191116,131634
2024-06-14,28220.0,1550.0,-2450.0,0.556024096547278,126620
2024-06-17,28220.0,1800.0,-1650.0,0.5970417424751614,121045
2024-06-18,28070.0,4350.0,-3550.0,0.6760226798794137,115233
2024-06-19,27950.0,1400.0,-2850.0,0.7074562632689756,103750
2024-06-20,27835.0,450.0,-2900.0,0.7215270457815489,95216
2024-06-21,28195.0,2950.0,-3350.0,0.7577614511880671,87161
2024-06-24,27975.0,4600.0,-3500.0,0.8142945707029348,73742
2024-06-25,28410.0,1550.0,-3250.0,0.8294400335041232,56844
2024-06-26,28340.0,-850.0,-3150.0,0.813551599118502,40943
2024-06-27,28560.0,-2900.0,-3850.0,0.7693953940064858,142021
2024-06-28,28444.0,-3000.0,-5200.0,0.7004929642971541,151305
2024-07-01,28543.0,-4950.0,-5050.0,0.6294625320409272,161162
2024-07-02,28485.0,-3350.0,-4250.0,0.581173627264017,166674
2024-07-03,28703.0,-4100.0,-3650.0,0.532454483611885,169401
2024-07-04,27311.0,-3200.0,-4250.0,0.5047757065322976,174503
2024-07-05,27297.0,-3350.0,-4250.0,0.4481546302130836,168777
2024-07-08,30216.0,-3100.0,-3050.0,0.3980231352453241,173942
2024-07-09,30103.0,-3700.0,-4850.0,0.3836674201277122,170658
2024-07-10,29921.0,-1450.0,-3800.0,0.3545980900745621,176216
2024-07-11,29776.0,-2650.0,-4250.0,0.32170544055186606,169488
2024-07-12,29753.0,-1600.0,-3150.0,0.3032827986434336,170948
2024-07-15,29346.0,1500.0,-1250.0,0.34807978136942214,186340
2024-07-16,29805.0,-850.0,-1300.0,0.3808137034175324,183897
2024-07-17,33102.0,500.0,-1250.0,0.43712940036870895,189619
2024-07-18,32666.0,-1500.0,-1150.0,0.4586512645738923,188020
2024-07-19,34349.0,-3400.0,-1300.0,0.465885451077902,188958
2024-07-22,34702.0,-2600.0,-1200.0,0.4616502818397315,189656
2024-07-23,36125.0,-1550.0,-1150.0,0.4830622822810312,186336
2024-07-24,35862.0,-1000.0,-900.0,0.5167667224776183,188091
2024-07-25,36067.0,-2200.0,-950.0,0.5279825527290464,188050
2024-07-26,36067.0,-1000.0,-950.0,0.5473589293692745,193373
2024-07-29,33645.0,850.0,-800.0,0.5817503573048584,207937
2024-07-30,32177.0,1250.0,-1050.0,0.6607462805128078,215920
2024-07-31,0.0,-700.0,-1200.0,0.6785008349786494,209232
2024-08-01,13419.0,850.0,-1000.0,0.7178502714630679,222825
2024-08-02,26922.0,-200.0,-700.0,0.7340666411232755,215611
2024-08-05,28973.0,-1000.0,-900.0,0.7276292991637789,210593
2024-08-06,31753.0,-750.0,-800.0,0.6988340629722304,207139
2024-08-07,33093.0,100.0,-900.0,0.7001661737204417,209655
2024-08-08,33191.0,1750.0,900.0,0.7020596408843547,219537
2024-08-09,33191.0,2700.0,650.0,0.7161242830213722,221881
2024-08-12,36080.0,2150.0,-150.0,0.7809676081753111,230478
2024-08-13,36330.0,1050.0,-250.0,0.7982967415133799,221774
2024-08-14,36430.0,4000.0,-750.0,0.8857090425808684,230303
2024-08-15,36780.0,2950.0,-750.0,0.9565604151447639,229864
2024-08-16,36620.0,2250.0,-750.0,0.9623111192277851,225197
2024-08-19,36700.0,1300.0,-900.0,0.9463236053323448,226887
2024-08-20,36819.0,-300.0,-650.0,0.9029251336219021,227057
2024-08-21,37917.0,-3050.0,-850.0,0.839302399714787,224646
2024-08-22,38077.0,-570.0,-750.0,0.7691039587398228,220587
2024-08-23,38935.0,900.0,-750.0,0.7222066318688172,217889
2024-08-26,38875.0,-150.0,-750.0,0.6878702156348804,221357
2024-08-27,40061.0,-1850.0,-850.0,0.6647619547084864,222639
2024-08-28,40061.0,-1500.0,-850.0,0.6124014901585927,227100
2024-08-29,40061.0,-2600.0,-750.0,0.5806969111323805,236888
2024-08-30,41908.0,-4300.0,-750.0,0.553994585846662,232278
2024-09-02,42448.0,-550.0,-1300.0,0.5015527305113068,229216
2024-09-03,42888.0,-850.0,-900.0,0.4410267085660741,233484
2024-09-04,43707.0,250.0,-750.0,0.3956715866171447,234032
2024-09-05,43237.0,2750.0,-750.0,0.42536249251789976,245150
2024-09-06,43447.0,1400.0,-650.0,0.4438633417965885,239300
2024-09-09,43692.0,-900.0,-900.0,0.44483123344675995,234926
2024-09-10,43582.0,300.0,-250.0,0.4423052633962627,236989
2024-09-11,43492.0,-5050.0,-2000.0,0.4780132711798675,254596
2024-09-12,42511.0,-3150.0,50.0,0.47730916554117875,246549
2024-09-13,42190.0,-3250.0,-2400.0,0.48408466737881667,239306
2024-09-18,42034.0,-1000.0,-2300.0,0.4775638173638838,231645
2024-09-19,41897.0,-1650.0,-2350.0,0.4782886353583108,226801
2024-09-20,41762.0,-1100.0,-2550.0,0.45998175510690986,225720
2024-09-23,42188.0,-850.0,-2000.0,0.4595532737525264,221399
2024-09-24,42233.0,-2150.0,-2150.0,0.4592132975413,231192
2024-09-25,42333.0,,,0.4600036942796211,240716
2024-09-26,42863.0,-2000.0,-2600.0,0.4656251391031939,222721
2024-09-27,43563.0,-1400.0,-2500.0,0.47135775432052385,222019
2024-09-30,43563.0,-4100.0,-3350.0,0.507204325087883,217601
2024-10-08,44683.0,600.0,-2500.0,0.4846816343312692,211822
2024-10-09,44753.0,600.0,-2250.0,0.48675372337885064,210574
2024-10-10,44693.0,3250.0,-2500.0,0.4930479017914659,211131
2024-10-11,44087.0,2550.0,-4350.0,0.49072147513308323,198642
2024-10-14,45084.0,2750.0,-3550.0,0.4479869737254339,199837
2024-10-15,45189.0,2200.0,-3750.0,0.40762085485579636,186900
2024-10-16,45059.0,4250.0,-2850.0,0.4462263503597686,188680
2024-10-17,44969.0,6100.0,-3050.0,0.5374949120611768,181603
2024-10-18,44341.0,3000.0,-3500.0,0.5603269858954655,160820
2024-10-21,43439.0,1050.0,-2050.0,0.5635298316769288,194121
2024-10-22,43052.0,-400.0,-3650.0,0.5483434354327662,207436
2024-10-23,43499.0,-1600.0,-3750.0,0.5481920285561801,216843
2024-10-24,43340.0,-900.0,-3300.0,0.5454172208144474,221888
2024-10-25,43416.0,-1400.0,-3550.0,0.5440402208111196,231011
2024-10-28,44215.0,-3000.0,-3800.0,0.552919721700595,226101
2024-10-29,44345.0,-850.0,-3600.0,0.5422971602507959,224862
2024-10-30,44405.0,0.0,-3650.0,0.5354907746311524,223987
2024-10-31,44852.0,-1150.0,-1900.0,0.5197765063887478,235041
2024-11-01,45161.0,-2650.0,-1500.0,0.5149254428035132,232925
2024-11-04,46522.0,-2650.0,-1250.0,0.4676209304975845,235708
2024-11-05,47861.0,-2400.0,-1350.0,0.4771024152904891,235236
2024-11-06,47881.0,-950.0,-1900.0,0.4722537145388019,226178
2024-11-07,48301.0,-1900.0,-1250.0,0.4887484563453438,231268
2024-11-08,47959.0,-1000.0,-1850.0,0.49854182471621084,229434
2024-11-11,49106.0,-5450.0,-2450.0,0.5748192284247644,273799
2024-11-12,48926.0,-4450.0,-2850.0,0.637524708944819,285848
2024-11-13,50196.0,-8300.0,-2100.0,0.7739462108358434,322905
2024-11-14,50166.0,-2050.0,1250.0,0.7129115783793284,293494
2024-11-15,49719.0,400.0,-150.0,0.6547108758044632,276214
2024-11-18,53115.0,-2500.0,-100.0,0.6404962289777066,276906
2024-11-19,53335.0,-3900.0,-200.0,0.6564893607970083,285988
2024-11-20,52988.0,-3650.0,-100.0,0.6786587309728589,284814
2024-11-21,53287.0,-2550.0,-450.0,0.670940026030685,277950
2024-11-22,53317.0,-400.0,-200.0,0.6468938331399106,267851
2024-11-25,53300.0,-1250.0,-300.0,0.6423127543048132,260097
2024-11-26,52556.0,250.0,-450.0,0.6133926355597573,255424
2024-11-27,50385.0,100.0,-450.0,0.5604648107081647,246898
2024-11-28,49829.0,-300.0,-400.0,0.5201323005805473,242286
2024-11-29,21706.0,-350.0,-850.0,0.5026355029670089,240854
2024-12-02,22966.0,100.0,-850.0,0.49425957511721635,239434
2024-12-03,23096.0,250.0,-1000.0,0.48859912616978945,230115
2024-12-04,27686.0,1800.0,-500.0,0.4821274021617204,217701
2024-12-05,29446.0,600.0,-450.0,0.4868564598493037,207470
2024-12-06,34694.0,250.0,-800.0,0.4833109893475322,197237
2024-12-09,36941.0,-300.0,-700.0,0.49725142626018615,187549
2024-12-10,38784.0,50.0,1000.0,0.5082275585675943,178957
2024-12-11,39827.0,-100.0,-650.0,0.41030830147698877,168290
2024-12-12,41633.0,-500.0,-950.0,0.405260462489339,159582
2024-12-13,42268.0,600.0,200.0,0.4250081207718611,147208
2024-12-16,42885.0,0.0,-700.0,0.42403688074613943,137204
2024-12-17,44255.0,700.0,-500.0,0.39600569432171995,125218
2024-12-18,46453.0,1490.0,-600.0,0.362976586777347,113130
2024-12-19,46353.0,1580.0,-600.0,0.3368083623453756,101059
2024-12-20,47721.0,-2330.0,-480.0,0.320057462287004,144633
2024-12-23,48341.0,-1630.0,-500.0,0.2802522776989972,151398
2024-12-24,49609.0,-2600.0,-520.0,0.27490043752339904,160753
2024-12-25,50425.0,-1900.0,-380.0,0.2656318699509392,163546
2024-12-26,51565.0,-1920.0,-480.0,0.2557475249346899,163310
2024-12-27,52086.0,-950.0,-560.0,0.2411399532144594,171752
2024-12-30,52406.0,-3270.0,-800.0,0.24143104542878374,181438
2024-12-31,53356.0,-2050.0,-860.0,0.2339015017760542,183715
2025-01-02,54286.0,-2700.0,,0.23956900160100095,183460
2025-01-03,54366.0,-1480.0,,0.23981409374003226,188017
2025-01-06,54364.0,-2060.0,,0.2439931297469294,183347
2025-01-07,53793.0,-3370.0,,0.26162187676225596,204995
2025-01-08,52772.0,-1680.0,,0.2619238931331553,195768
2025-01-09,52873.0,-2740.0,,0.2690820743420712,198644
2025-01-10,51663.0,-2220.0,,0.2727911423100233,197891
2025-01-13,52126.0,-2810.0,,0.2780554774490837,201358
2025-01-14,52660.0,-2750.0,,0.2861527142331139,219211
2025-01-15,52660.0,-3210.0,,0.2970930091315254,243381
2025-01-16,51198.0,-2510.0,,0.27258777016029545,237300
2025-01-17,51348.0,-2890.0,,0.2317673352212427,244609
2025-01-20,51128.0,-2870.0,,0.25734091754340793,248620
2025-01-21,49951.0,-620.0,,0.2522231610207302,241515
2025-01-22,47966.0,-1350.0,,0.2548916402574328,234572
2025-01-23,47401.0,-1680.0,,0.25634104275849084,231918
2025-01-24,47641.0,-1680.0,,0.25622310206904286,224092
2025-01-27,48641.0,-1820.0,,0.2395513813714348,222388
2025-02-05,48652.0,-470.0,,0.2404748415129112,232614
2025-02-06,48382.0,-200.0,,0.23529232442976075,245868
2025-02-07,48387.0,-500.0,,0.23529232442976075,237903
2025-02-10,47507.0,-1450.0,,0.2069124106010872,238359
2025-02-11,47495.0,-650.0,,0.2119491542868415,243842
2025-02-12,46762.0,-950.0,,0.22048602187569888,246602
2025-02-13,45753.0,-850.0,,0.21868347893734869,248595
2025-02-14,45933.0,-530.0,,0.23571165828770033,255409
2025-02-17,45350.0,-1060.0,,0.24352132794515513,248480
2025-02-18,45350.0,-910.0,,0.254117552104173,247338
2025-02-19,45025.0,-1050.0,,0.2594346771090383,245775
2025-02-20,44865.0,-960.0,,0.25281963774182964,243976
2025-02-21,44546.0,-470.0,,0.2543302066523676,256680
2025-02-24,44497.0,-870.0,,0.23375881420890351,258484
2025-02-25,45207.0,-740.0,,0.20469195404154222,249202
2025-02-26,44542.0,-250.0,,0.21701037837656104,264594
2025-02-27,46106.0,-790.0,,0.21519728418071893,261406
2025-02-28,45926.0,0.0,,0.21732094485716763,281269
2025-03-03,46147.0,-300.0,,0.20610510134214788,276007
2025-03-04,46422.0,-310.0,,0.1858498789660372,273492
2025-03-05,46421.0,-490.0,,0.1886364174178197,267741
2025-03-06,44439.0,-1950.0,,0.18516464447456174,257990
2025-03-07,42446.0,-1070.0,,0.17925548859165025,258267
2025-03-10,38568.0,-710.0,,0.15670045872578361,256739
2025-03-11,38022.0,-1060.0,,0.15322280671838298,256599
2025-03-12,38532.0,-700.0,,0.14820102180932582,256166
2025-03-13,36922.0,-590.0,,0.14677708235669304,258337
2025-03-14,35955.0,-690.0,,0.14728229641087695,255256
2025-03-17,35882.0,-1340.0,,0.13936299931446908,254611
2025-03-18,35972.0,-350.0,,0.1351483817746516,256955
2025-03-19,36832.0,-300.0,,0.12560894050110838,253930
2025-03-20,38081.0,1190.0,,0.1637350893174022,261415
2025-03-21,37587.0,1060.0,,0.1946919738569322,256784
2025-03-24,36763.0,380.0,,0.20389747728062585,247653
2025-03-25,36151.0,300.0,,0.20775115867234364,237509
2025-03-26,35807.0,-380.0,,0.20751206132062683,226538
2025-03-27,36135.0,-80.0,,0.2053024929243618,222920
2025-03-28,35782.0,150.0,,0.21145206340425993,218313
2025-03-31,17755.0,-160.0,,0.2144568928041614,210611
2025-04-01,19135.0,-260.0,,0.2158080615691301,203726
2025-04-02,21768.0,760.0,,0.2271017889525942,205165
2025-04-03,24603.0,740.0,,0.2189034932828813,199448
2025-04-07,27023.0,1540.0,,0.2662832135219675,179831
2025-04-08,28403.0,2120.0,,0.32281354323772093,174172
2025-04-09,28783.0,1500.0,,0.3683153078249205,154327
2025-04-10,28843.0,1210.0,,0.3889533934517134,143347
2025-04-11,28923.0,1340.0,,0.4092060597702916,134216
2025-04-14,29033.0,840.0,,0.41091072227911934,118132
2025-04-15,29283.0,830.0,,0.394259252668067,112411
2025-04-16,29262.0,1170.0,,0.3883045403569855,133972
2025-04-17,29262.0,1090.0,,0.37693671697154124,141377
2025-04-18,29562.0,1270.0,,0.3871217956312705,153049
2025-04-21,30445.0,1850.0,,0.41213983658901066,181414
2025-04-22,31385.0,2560.0,,0.44856163477863586,205447
2025-04-23,31735.0,970.0,,0.45269223661845964,206388
2025-04-24,31555.0,1600.0,,0.4494565254079182,212456
2025-04-25,31795.0,1620.0,,0.4391940828343462,217370
2025-04-28,32847.0,1890.0,,0.4472394167821818,246197
2025-04-29,33477.0,1990.0,,0.45253261356223473,249047
2025-04-30,33477.0,1990.0,,0.4414989456287814,244729
2025-05-06,35236.0,1840.0,,0.45180162666466755,256291
2025-05-07,36244.0,2490.0,,0.4756820654402301,276900
2025-05-08,36241.0,970.0,,0.5130470370611768,267396
2025-05-09,36351.0,2230.0,,0.5759120565970268,290303
2025-05-12,36194.0,560.0,,0.603180088250376,284331
2025-05-13,36444.0,1380.0,,0.628942271836351,294226
2025-05-14,36716.0,-500.0,,0.6187720005427105,276956
2025-05-15,36664.0,680.0,,0.6060850870622796,289360
2025-05-16,36624.0,2700.0,,0.6247370560013803,328741
2025-05-19,36684.0,2520.0,,0.6451462388236537,335807
2025-05-20,36545.0,2390.0,,0.651341592973141,339673
2025-05-21,36393.0,1950.0,,0.6377901642330313,329205
2025-05-22,35863.0,910.0,,0.6143736277686883,312662
2025-05-23,35773.0,2090.0,,0.6183070916873902,318506
2025-05-26,34979.0,2400.0,,0.6022970182759307,326472
2025-05-27,34154.0,1080.0,,0.5682213151243116,293695
2025-05-28,33854.0,1120.0,,0.5279662361197848,283607
2025-05-29,33884.0,2040.0,,0.5318624520125027,287506
2025-05-30,33457.0,900.0,,0.5138758171478551,261009
2025-06-03,33397.0,360.0,,0.48694538672679955,259658
2025-06-04,33461.0,-830.0,,0.4525037290590144,245650
2025-06-05,33321.0,100.0,,0.44153186006186323,231588
2025-06-06,33309.0,-240.0,,0.4181323790546508,218416
2025-06-09,33119.0,-450.0,,0.4094204594337684,212689
2025-06-10,32947.0,-410.0,,0.3782719022356275,194731
2025-06-11,32837.0,-1240.0,,0.3604790154419008,216554
2025-06-12,32383.0,170.0,,0.271543667406523,238580
2025-06-13,32118.0,850.0,,0.20002754859626778,266931
2025-06-16,32043.0,720.0,,0.19365944649471906,300422
2025-06-17,31713.0,590.0,-200.0,0.19371000762513851,307335
2025-06-18,29967.0,570.0,40.0,0.1953460114115397,306885
2025-06-19,29957.0,390.0,-20.0,0.19222665996481578,307261
2025-06-20,27793.0,1500.0,-60.0,0.18044071790637226,354347
2025-06-23,26779.0,830.0,-140.0,0.18555407261070292,356954
2025-06-24,22375.0,-800.0,-60.0,0.18839889007265587,343564
2025-06-25,22370.0,-680.0,-20.0,0.18785510968639185,350406
2025-06-26,22590.0,-900.0,-140.0,0.20271892465909738,345216
2025-06-27,21998.0,-2150.0,80.0,0.2509015153622617,341448
2025-06-30,22628.0,-960.0,20.0,0.26794523175342794,330824
2025-07-01,22940.0,-1480.0,100.0,0.29270957495833316,326676
2025-07-02,23180.0,-2310.0,-80.0,0.344631620392021,325574
2025-07-03,22880.0,-1980.0,0.0,0.3855482960849108,334057
2025-07-04,21036.0,-980.0,-120.0,0.4034551701616607,325288
2025-07-07,15555.0,-1110.0,-80.0,0.4252340313441728,322534
2025-07-08,12655.0,-980.0,-20.0,0.4466769853848328,338034
2025-07-09,13281.0,-1100.0,-200.0,0.47512468583843676,326895
2025-07-10,13191.0,-530.0,-220.0,0.49054536572930457,323683
2025-07-11,11603.0,-530.0,-100.0,0.49368510678941835,322860
2025-07-14,11204.0,-1830.0,-120.0,0.5303542055136713,356161
2025-07-15,11203.0,-1760.0,-40.0,0.5569521817412364,342146
2025-07-16,10655.0,-1470.0,-160.0,0.5655002106642232,340618
2025-07-17,10239.0,-3010.0,60.0,0.5951029678851827,363676
2025-07-18,10239.0,-3310.0,-80.0,0.6248319107211473,377305
2025-07-21,9969.0,-3280.0,320.0,0.6636796365782262,381185
2025-07-22,10089.0,-3780.0,220.0,0.7479733351492208,411638
2025-07-23,10754.0,1070.0,100.0,0.7358065283321056,362054
2025-07-24,11654.0,-6130.0,360.0,0.8781536171044417,436727
2025-07-25,11996.0,-7620.0,580.0,1.090520622551864,491088
2025-07-28,12276.0,780.0,80.0,1.093686371161553,378472
2025-07-29,12276.0,2310.0,180.0,1.0694606856488853,300620
2025-07-30,13131.0,2350.0,100.0,1.0517794394164872,272753
2025-07-31,5545.0,3720.0,20.0,1.024729869541296,229368
2025-08-01,6605.0,2430.0,140.0,0.9812863766260311,216103
2025-08-04,12603.0,2430.0,-80.0,0.9378749862301725,207770
2025-08-05,14443.0,3360.0,-300.0,0.8953714411801559,232062
2025-08-06,15023.0,1330.0,20.0,0.85300928331419,257770
2025-08-07,16443.0,-1200.0,220.0,0.807207000722079,289832
2025-08-08,18829.0,-5060.0,600.0,0.8057085282932849,320706
2025-08-11,19389.0,-6500.0,20.0,0.9013434725908803,317676
2025-08-12,20829.0,-4520.0,620.0,0.995405524324785,356998
2025-08-13,21679.0,-4100.0,860.0,1.10044853554667,392675
2025-08-14,21939.0,-3300.0,520.0,1.1904825394408203,389177
2025-08-15,23485.0,-4200.0,800.0,1.2977503237808672,401139
2025-08-18,23555.0,-4640.0,780.0,1.4237709329902786,421106
2025-08-19,23615.0,-1840.0,860.0,1.5053756098797881,414097
2025-08-20,24045.0,4720.0,-40.0,1.4779108304650999,395102
2025-08-21,24320.0,2440.0,480.0,1.5003067138911625,390069
2025-08-22,24990.0,4940.0,340.0,1.4946777772274435,362254
2025-08-25,25630.0,3120.0,280.0,1.485348189278877,368667
2025-08-26,26690.0,2680.0,440.0,1.4510459897493329,349496
2025-08-27,27477.0,2740.0,360.0,1.4072720753713266,351322
2025-08-28,28957.0,1860.0,200.0,1.3166734926895398,347063
2025-08-29,29887.0,2470.0,340.0,1.226488841660451,346605
2025-09-01,31197.0,2790.0,480.0,1.1318270020810564,339133
2025-09-02,32007.0,4880.0,220.0,1.0299136025576323,348109
2025-09-03,34118.0,4020.0,280.0,0.9806584957978149,346048
2025-09-04,34948.0,1580.0,100.0,0.9618321177171331,353674
2025-09-05,36631.0,490.0,-20.0,0.9879434649491048,364002
2025-09-08,37451.0,-200.0,40.0,1.012156245541814,364137
2025-09-09,38101.0,1700.0,-20.0,1.0464417454327055,351340
2025-09-10,38101.0,2730.0,160.0,1.0784261829027453,340814
2025-09-11,38391.0,1850.0,260.0,1.0828585742089083,323456
2025-09-12,38625.0,1290.0,160.0,1.0398108879041352,309402
2025-09-15,38963.0,-230.0,220.0,0.899814883558626,309446
2025-09-16,38824.0,-330.0,280.0,0.7463384764580483,300437
2025-09-17,39234.0,-490.0,0.0,0.7022370715569916,294624
2025-09-18,39354.0,570.0,260.0,0.6093149677751454,281411
2025-09-19,39484.0,-460.0,100.0,0.5722227935284117,281264
2025-09-22,38909.0,430.0,320.0,0.519643723704063,271624
2025-09-23,39449.0,190.0,200.0,0.4613865925828691,255907
2025-09-24,39749.0,970.0,180.0,0.39236896190936627,260654
2025-09-25,40309.0,-290.0,260.0,0.32339020162085547,261141
2025-09-26,40329.0,720.0,100.0,0.2618452635821201,248640
2025-09-29,41119.0,-370.0,440.0,0.235874281472359,251749
2025-09-30,41709.0,750.0,180.0,0.23535693759568044,231964
2025-10-09,42379.0,210.0,60.0,0.22889526446197736,229022
2025-10-10,42669.0,810.0,60.0,0.22870607294850906,221919
2025-10-13,36718.0,820.0,0.0,0.2229296968315689,207463
2025-10-14,35180.0,320.0,100.0,0.20304321310579398,192931
2025-10-15,33076.0,60.0,-40.0,0.2030842254865874,212472
2025-10-16,30456.0,-2080.0,-60.0,0.19914777067108108,233905
2025-10-17,30686.0,-2430.0,40.0,0.20911734931139317,271858
2025-10-20,30705.0,-1940.0,140.0,0.21450544070585395,293283
2025-10-21,29892.0,-1880.0,120.0,0.23817788525808106,310199
2025-10-22,29019.0,-2770.0,20.0,0.2840359349060399,353231
2025-10-23,28759.0,-5140.0,140.0,0.39399387537925923,419147
2025-10-24,28699.0,-4120.0,-40.0,0.45568847301521986,431174
2025-10-27,27739.0,-5350.0,160.0,0.5604309972286113,483478
2025-10-28,27335.0,-3140.0,140.0,0.6297432613667832,488803
2025-10-29,27525.0,-3750.0,160.0,0.7067698109957111,506882
2025-10-30,27641.0,-3400.0,180.0,0.7663562266785632,532871
2025-10-31,27621.0,-230.0,160.0,0.7834594031978581,510440
2025-11-03,27290.0,-1280.0,140.0,0.7991513317870385,525184
2025-11-04,26490.0,2340.0,-60.0,0.7868634273601071,457374
2025-11-05,26830.0,1360.0,240.0,0.7591643989578567,453260
2025-11-06,26420.0,-100.0,280.0,0.7396371791384532,471983
2025-11-07,27332.0,-1900.0,420.0,0.7163039262721652,490951
2025-11-10,27491.0,-6490.0,200.0,0.7405907626514695,534483
2025-11-11,28099.0,-4240.0,240.0,0.7316780698205444,526493
2025-11-12,28287.0,-3280.0,40.0,0.7024950672744379,528966
2025-11-13,27508.0,-3490.0,-100.0,0.7134759163978445,536514
2025-11-14,27170.0,-2210.0,40.0,0.7091724625883414,516778
2025-11-17,26953.0,-9050.0,100.0,0.8328779598675896,562954
2025-11-18,26611.0,-6120.0,260.0,0.8751530949650975,484357
2025-11-19,26766.0,-10400.0,-140.0,1.010283532195146,503132
2025-11-20,26916.0,-7680.0,60.0,1.123158281058326,479602
2025-11-21,26848.0,1280.0,-20.0,1.1092524876488854,411327
2025-11-24,26510.0,1670.0,20.0,1.1056777094662893,365078
2025-11-25,26615.0,-3350.0,-60.0,1.1329383923407559,343199
2025-11-26,27050.0,-3540.0,-160.0,1.1667089014666625,478054
2025-11-27,26781.0,-2520.0,40.0,1.186790127643021,507882
2025-11-28,5441.0,-2670.0,200.0,1.1727095608519422,526998
2025-12-01,8222.0,-2590.0,180.0,1.1655570221440752,543633
2025-12-02,8992.0,-2160.0,-100.0,1.0756137338101377,552239
2025-12-03,9652.0,690.0,180.0,0.9500017208696542,562836
2025-12-04,10422.0,300.0,380.0,0.8221674827911025,560629
2025-12-05,10922.0,1090.0,300.0,0.7042905919113838,560676
2025-12-08,13120.0,-2090.0,260.0,0.6672721562270746,593129
2025-12-09,12920.0,-50.0,40.0,0.6078397926052221,575421
2025-12-10,13680.0,-3280.0,-40.0,0.5395522217346783,605453
2025-12-11,14750.0,-5380.0,100.0,0.5010932445343959,634283
2025-12-12,15050.0,-3220.0,-320.0,0.414843997875995,636384
2025-12-15,15260.0,-5910.0,20.0,0.46304393184257825,662185
2025-12-16,15286.0,-4750.0,-160.0,0.48902644140964713,666027
2025-12-17,15636.0,-11570.0,40.0,0.645312159608747,668589
2025-12-18,15636.0,-8610.0,60.0,0.7241415919430352,672711
2025-12-19,15511.0,-13750.0,-220.0,0.8420635669079394,668829
2025-12-22,16411.0,-15380.0,-540.0,0.9587647323666507,671889
2025-12-23,16651.0,-20860.0,-160.0,1.1688055159909667,671573
2025-12-24,17101.0,-23220.0,-680.0,1.3896568132720117,647366
2025-12-25,17101.0,-18620.0,-340.0,1.534692334851113,607187
2025-12-26,17861.0,-18620.0,-1260.0,1.7292700006376391,577035
2025-12-29,18191.0,-820.0,160.0,1.7669421534803407,512345
2025-12-30,19491.0,-3580.0,-100.0,1.8064847888278923,511309
2025-12-31,20281.0,-3080.0,-860.0,1.800118615099568,490194
2026-01-05,20281.0,-10480.0,-820.0,1.8355663897823915,515292
2026-01-06,23141.0,-10440.0,-1100.0,1.8869726207256798,534999
2026-01-07,25180.0,-8800.0,-1120.0,1.9629307224704238,506520
2026-01-08,25770.0,-6500.0,-1240.0,1.9788450023456667,514467
2026-01-09,25360.0,-3420.0,-900.0,1.96766679708945,510874
2026-01-12,25970.0,-4060.0,360.0,2.05820017222708,506702
2026-01-13,26898.0,-7480.0,80.0,2.1694712108492427,460281
2026-01-14,27158.0,1060.0,-960.0,2.1990717173152583,452583
2026-01-15,27205.0,-4220.0,-1120.0,2.166697110858988,443942
2026-01-16,27458.0,11800.0,280.0,2.08171417247578,416133
2026-01-19,27698.0,3740.0,-240.0,1.934005896359683,411331
2026-01-20,27681.0,-8000.0,-760.0,1.882019361341779,415351
2026-01-21,28656.0,-8240.0,-800.0,1.8625117296524307,427928
2026-01-22,28886.0,-4280.0,-40.0,1.8765106048283626,436686
2026-01-23,28156.0,-10520.0,-240.0,1.981621345017271,438728
2026-01-26,28646.0,15820.0,-1140.0,1.9342601208591468,416719
2026-01-27,29166.0,-7100.0,200.0,1.9918050673977912,422433
2026-01-28,29966.0,5720.0,-80.0,1.825667417118878,410985
2026-01-29,30211.0,3180.0,-940.0,1.6399829894062847,402347
2026-01-30,30631.0,12300.0,-80.0,1.3926402212086537,372601
2026-02-02,32241.0,23060.0,460.0,1.3619586303859317,347698
2026-02-03,33084.0,5400.0,20.0,1.2982581794202568,355770
2026-02-04,34114.0,5780.0,-740.0,1.2700571040190025,359912
2026-02-05,33787.0,11220.0,-300.0,1.375609374543754,329777
2026-02-06,33777.0,1580.0,-780.0,1.4612006256127046,328575
2026-02-09,34597.0,-1500.0,100.0,1.5309126626435736,344071
2026-02-10,35537.0,-1340.0,-920.0,1.5625546272032151,345989
2026-02-11,35527.0,-12260.0,20.0,1.5523167645963079,356531
2026-02-12,37282.0,-6920.0,320.0,1.5363345522729517,353975
2026-02-13,38759.0,-8890.0,-1420.0,1.5286914017460287,342226
2026-02-24,38855.0,-12120.0,-620.0,1.5419540004624146,365180
2026-02-25,38525.0,-4730.0,-1100.0,1.560369861807915,377037
2026-02-26,38451.0,-660.0,-820.0,1.5930741392797392,375204
2026-02-27,38461.0,-4040.0,-220.0,1.6298165614017215,381552
2026-03-02,38196.0,480.0,-1160.0,1.571862336778362,378336
2026-03-03,37755.0,10140.0,-1060.0,1.5505274992535314,339604
2026-03-04,37155.0,940.0,-340.0,1.439043025062562,339011
2026-03-05,36840.0,140.0,-420.0,1.4054444816445806,332374
2026-03-06,36330.0,-910.0,-240.0,1.3770361668141373,333903
2026-03-09,36861.0,-6310.0,180.0,1.3916318742052551,330671
2026-03-10,37019.0,-4500.0,-640.0,1.316567882295124,332517
2026-03-11,36739.0,3960.0,1360.0,1.3103831707243583,330436
2026-03-12,36455.0,1020.0,-340.0,1.3019713279352185,325382
2026-03-13,36403.0,6920.0,-20.0,1.1824257116512118,316964
2026-03-16,36393.0,-3120.0,320.0,1.0371388542188626,310683
2026-03-17,36465.0,2680.0,860.0,0.9135468154627273,308842
2026-03-18,35769.0,5380.0,-160.0,0.7846767625187185,307422
2026-03-19,34740.0,9900.0,-500.0,0.8485100333679887,282745
2026-03-20,34318.0,5140.0,1680.0,0.8898331515791013,276578
2026-03-23,33537.0,-2540.0,-280.0,0.9048986009737803,269477
2026-03-24,32078.0,-5440.0,480.0,0.8978581271996136,260696
2026-03-25,31460.0,-6620.0,160.0,0.873867775856823,251957
2026-03-26,30751.0,-700.0,1280.0,0.7891119202859792,246385
2026-03-27,30111.0,-10440.0,-960.0,0.713949678869058,247637
2026-03-30,31064.0,-7120.0,-1080.0,0.7098070936817771,237761
2026-03-31,11318.0,5800.0,1040.0,0.7016144991089104,217916
2026-04-01,17658.0,2880.0,3500.0,0.7008285664217405,212931
2026-04-02,19238.0,360.0,840.0,0.7038783440093759,206515
2026-04-03,21238.0,640.0,1200.0,0.7047022083345879,218471
2026-04-07,21508.0,-1860.0,3360.0,0.704054480285684,233277
2026-04-08,23654.0,-1120.0,3300.0,0.6920101693198035,241459
2026-04-09,24664.0,2190.0,-740.0,0.6941467701255754,252754
2026-04-10,25453.0,-2050.0,-1940.0,0.6946689282167335,258584
2026-04-13,26203.0,-9500.0,-2360.0,0.7215073080999916,298143
2026-04-14,27523.0,-5340.0,-2280.0,0.7508334178079619,324231
2026-04-15,28383.0,-2660.0,-2920.0,0.7875614782567611,348716
2026-04-16,29423.0,-8500.0,-1280.0,0.8498089831529839,394543
2026-04-17,30023.0,-8060.0,-1600.0,0.8312521802527113,408749
2026-04-20,30688.0,-7700.0,-1580.0,0.8140982001416048,435887
2026-04-21,32268.0,-2260.0,-1520.0,0.7803017930617292,424045
2026-04-22,32658.0,-4240.0,-1440.0,0.7688369302125742,430946
2026-04-23,33359.0,-4960.0,-1640.0,0.7982766401171294,441139
2026-04-24,34298.0,-4900.0,-1680.0,0.8062431233000005,455510
2026-04-27,35327.0,-4560.0,-1700.0,0.8502428310971254,466692
2026-04-28,36392.0,-4120.0,-1520.0,0.8752621831992506,453086
2026-04-29,36962.0,-9380.0,-1660.0,0.8935548690499898,479107
2026-04-30,38012.0,-12080.0,-500.0,0.9380943285629094,489790
2026-05-06,39041.0,-11900.0,-1880.0,1.0436457429539014,511071
2026-05-07,42631.0,-8560.0,-2520.0,1.0990141106155942,517613
2026-05-08,43930.0,-2560.0,-1960.0,1.1273782422302485,513252
2026-05-11,43880.0,-9770.0,-1920.0,1.177994606144248,540666
2026-05-12,45954.0,-5260.0,-2380.0,1.1332845234377726,537448
2026-05-13,47720.0,-1460.0,-6340.0,1.0685715629318409,519507
2026-05-14,49310.0,3240.0,-2780.0,1.0155163332312707,478280
2026-05-15,50639.0,3200.0,-2800.0,0.9446313037199612,458573
2026-05-18,51804.0,-680.0,-1160.0,0.8786619554533076,466957
2026-05-19,52579.0,2100.0,-2380.0,0.851226157847819,446424
2026-05-20,53083.0,-4100.0,-3480.0,0.83215472797611,447264
2026-05-21,52337.0,4400.0,-3800.0,0.8430489646592504,448172
2026-05-22,53047.0,-6460.0,-4420.0,0.8005872276694795,452850
2026-05-25,52143.0,2050.0,-3280.0,0.769918997277533,449777
2026-05-26,53763.0,4040.0,-3640.0,0.7818043594207513,441930
2026-05-27,54249.0,4000.0,-3420.0,0.8137884020664873,428592
2026-05-28,54033.0,-3360.0,-4080.0,0.8206760907084694,426476
2026-05-29,54195.0,-2240.0,-4120.0,0.8158517019202447,427826
2026-06-01,55215.0,100.0,-3120.0,0.8315118166413337,433713
2026-06-02,55990.0,2770.0,-4180.0,0.8803206013875441,432273
2026-06-03,56045.0,3740.0,-4420.0,0.9352497583283312,427311
2026-06-04,56599.0,7510.0,-4940.0,1.0224005433478152,425107
2026-06-05,55687.0,-1360.0,-4760.0,1.0589441953488856,422004
2026-06-08,55940.0,410.0,-4480.0,1.0272443182320012,423382
2026-06-09,55544.0,-4710.0,-5020.0,0.9293363712757795,438866
2026-06-10,55581.0,-1650.0,-3760.0,0.8303500438475069,443549
2026-06-11,54683.0,-8100.0,-4700.0,0.7728345085241802,448867
2026-06-12,53787.0,-4800.0,-1520.0,0.7261446546599075,447123
2026-06-15,53885.0,-3940.0,-5040.0,0.6399598256982918,450397
2026-06-16,53285.0,-980.0,-4760.0,0.6091290133154897,449952
2026-06-17,52685.0,-1800.0,-5300.0,0.5767938244773824,455847
2026-06-18,51975.0,6750.0,-5340.0,0.6220063825939306,450964
2026-06-22,50415.0,-4740.0,-4600.0,0.6012084029629976,447324
2026-06-23,50460.0,1280.0,-4500.0,0.6266962122877846,449841
2026-06-24,49115.0,-5240.0,-4280.0,0.6276031392586537,452152
2026-06-25,49007.0,6160.0,-4320.0,0.7343624954941964,454628
2026-06-26,48544.0,2280.0,-4260.0,0.7904974343731475,443472
2026-06-29,48489.0,-2170.0,-4720.0,0.781441785124007,437057
2026-06-30,48731.0,-6860.0,-4300.0,0.7242969178786424,424925
2026-07-01,49331.0,-4560.0,-4180.0,0.6997268484454118,423487
2026-07-02,48578.0,-1540.0,-4580.0,0.6969400976014664,419254
2026-07-03,48206.0,-3530.0,-5420.0,0.7008014505976914,412685
2026-07-06,46708.0,690.0,-3560.0,0.7008360489433284,416855
2026-07-07,46085.0,1140.0,-820.0,0.7008243889058609,413590
2026-07-08,43640.0,5560.0,-3640.0,0.7047897301699672,412567
2026-07-09,44020.0,5480.0,-4220.0,0.737080418439812,416044
2026-07-10,42067.0,3400.0,-80.0,0.7326207801191943,411866
2026-07-13,42406.0,1760.0,-4240.0,0.7000553219367286,415469
2026-07-14,42903.0,820.0,-4280.0,0.650080971227718,414398
2026-07-15,42420.0,4760.0,240.0,0.6477744863582885,418746
2026-07-16,41231.0,-660.0,-240.0,0.6002731995022104,404234
2026-07-17,40345.0,1860.0,-20.0,0.6194678643294959,385010
2026-07-20,41359.0,7600.0,2840.0,0.6803058526039353,379802
2026-07-21,41023.0,2380.0,1220.0,0.7601124851890672,375185
2026-07-22,40865.0,-300.0,1520.0,0.7898864444500677,370958
2026-07-23,40334.0,1500.0,1520.0,0.8162788748021917,367838
2026-07-24,39879.0,1220.0,1200.0,0.8439475498951647,354629
2026-07-27,38418.0,-720.0,1380.0,0.8574892943445745,354044
2026-07-28,38278.0,2020.0,500.0,0.8556968784755365,348395
2026-07-29,39315.0,-1900.0,180.0,0.8138894959123193,335476
2026-07-30,38981.0,4940.0,-20.0,0.7975347813890163,330683
2026-07-31,25042.0,,740.0,0.7364538419973117,327682
2026-08-03,26552.0,,240.0,0.6788251403355492,324208
2026-08-04,27653.0,,560.0,0.5992151845113796,315871
2026-08-05,28123.0,,340.0,0.5310387069525054,306231
2026-08-06,28453.0,,-460.0,0.5101790137817479,299348
2026-08-07,29873.0,,260.0,0.50022615200834,291475
2026-08-10,31621.0,,-320.0,0.4667582188265253,271944
2026-08-11,32551.0,,760.0,0.4161382751477361,254682
2026-08-12,35101.0,,800.0,0.41960348893862043,233810
2026-08-13,35508.0,,-180.0,0.4244340345771056,267862
2026-08-14,36098.0,,-180.0,0.4782177034124813,284020
2026-08-17,36689.0,,-40.0,0.523767966320456,302678
2026-08-18,37369.0,,-300.0,0.5712310714382001,311262
2026-08-19,38608.0,,-800.0,0.5809828272146558,315609
2026-08-20,39333.0,,-100.0,0.5988814492705627,321562
2026-08-21,39604.0,,-580.0,0.6606549514197668,353437
2026-08-24,41290.0,,-480.0,0.7148791864348847,359138
2026-08-25,41940.0,,-480.0,0.7105683793664439,354226
2026-08-26,43100.0,,-620.0,0.7178149680143258,358778
2026-08-27,43390.0,,-980.0,0.7011487474397677,363652
2026-08-28,44024.0,,-1280.0,0.6863889149109127,391884
2026-08-31,45624.0,,-720.0,0.6743764352374761,403032
2026-09-01,45839.0,,-1240.0,0.6274216121832198,404917
2026-09-02,45389.0,,980.0,0.5940928915219209,395794
2026-09-03,46898.0,,-380.0,0.5337029515912199,394277
2026-09-04,47198.0,,-940.0,0.5065974776157857,392630
2026-09-07,47988.0,,-700.0,0.5463122877356245,394996
