date,alpha_t,beta_t,disagreement,deviation
2023-09-15,0.3,0.5,,
2023-09-18,0.3,0.5,,
2023-09-19,0.3,0.5,,
2023-09-20,0.3,0.5,,
2023-09-21,0.3,0.5,,
2023-09-22,0.3,0.5,,
2023-09-25,0.3,0.5,,
2023-09-26,0.3,0.5,,
2023-09-27,0.3,0.5,,
2023-09-28,0.3,0.5,,
2023-10-09,0.3,0.5,,
2023-10-10,0.3,0.5,,
2023-10-11,0.3,0.5,,
2023-10-12,0.3,0.5,,
2023-10-13,0.3,0.5,,
2023-10-16,0.3,0.5,,
2023-10-17,0.3,0.5,,
2023-10-18,0.3,0.5,,
2023-10-19,0.3,0.5,,
2023-10-20,0.3,0.5,,
2023-10-23,0.3,0.5,,
2023-10-24,0.3,0.5,,
2023-10-25,0.3,0.5,,
2023-10-26,0.3,0.5,,
2023-10-27,0.3,0.5,,
2023-10-30,0.3,0.5,,
2023-10-31,0.3,0.5,,
2023-11-01,0.3,0.5,,
2023-11-02,0.3,0.5,,
2023-11-03,0.3,0.5,,
2023-11-06,0.3,0.5,,
2023-11-07,0.3,0.5,,
2023-11-08,0.3,0.5,,
2023-11-09,0.3,0.5,,
2023-11-10,0.3,0.5,,
2023-11-13,0.3,0.5,,
2023-11-14,0.3,0.5,,
2023-11-15,0.3,0.5,,
2023-11-16,0.3,0.5,,
2023-11-17,0.3,0.5,,
2023-11-20,0.3,0.5,,
2023-11-21,0.3,0.5,,
2023-11-22,0.3,0.5,,
2023-11-23,0.3,0.5,,
2023-11-24,0.3,0.5,,
2023-11-27,0.3,0.5,,
2023-11-28,0.3,0.5,,
2023-11-29,0.3,0.5,,
2023-11-30,0.3,0.5,,
2023-12-01,0.3,0.5,,
2023-12-04,0.3,0.5,,
2023-12-05,0.3,0.5,,
2023-12-06,0.3,0.5,,
2023-12-07,0.3,0.5,,
2023-12-08,0.3,0.5,,
2023-12-11,0.3,0.5,,
2023-12-12,0.3,0.5,,
2023-12-13,0.3,0.5,,
2023-12-14,0.3,0.5,,
2023-12-15,0.3,0.5,0.55,0.55
2023-12-18,0.1,0.3,0.0,0.0
2023-12-19,0.1,0.3,0.20967741935483875,0.20967741935483875
2023-12-20,0.1,0.3,0.12698412698412698,0.12698412698412698
2023-12-21,0.1,0.3,-0.203125,0.203125
2023-12-22,0.1,0.3,0.5538461538461539,0.5538461538461539
2023-12-25,0.1,0.3,0.4696969696969697,0.4696969696969697
2023-12-26,0.1,0.3,0.5970149253731343,0.5970149253731343
2023-12-27,0.1,0.3,0.014705882352941124,0.014705882352941124
2023-12-28,0.1,0.3,0.4057971014492754,0.4057971014492754
2023-12-29,0.1,0.3,0.41428571428571437,0.41428571428571437
2024-01-02,0.1,0.3,0.3661971830985915,0.3661971830985915
2024-01-03,0.1,0.3,-0.09722222222222221,0.09722222222222221
2024-01-04,0.1,0.3,-0.5205479452054795,0.5205479452054795
2024-01-05,0.1,0.3,-0.09459459459459463,0.09459459459459463
2024-01-08,0.1,0.3,0.0,0.0
2024-01-09,0.1,0.3,0.48684210526315796,0.48684210526315796
2024-01-10,0.1,0.3,0.1298701298701299,0.1298701298701299
2024-01-11,0.1,0.3,0.8076923076923077,0.8076923076923077
2024-01-12,0.1,0.3,-0.16455696202531656,0.16455696202531656
2024-01-15,0.1,0.3,0.1625000000000001,0.1625000000000001
2024-01-16,0.1,0.3,0.5185185185185184,0.5185185185185184
2024-01-17,0.1,0.3,-0.2804878048780488,0.2804878048780488
2024-01-18,0.1,0.3,0.37349397590361444,0.37349397590361444
2024-01-19,0.1,0.3,0.11904761904761907,0.11904761904761907
2024-01-22,0.1,0.3,-0.07058823529411762,0.07058823529411762
2024-01-23,0.1,0.3,0.5232558139534884,0.5232558139534884
2024-01-24,0.1,0.3,0.29885057471264354,0.29885057471264354
2024-01-25,0.1,0.3,0.10227272727272707,0.10227272727272707
2024-01-26,0.1,0.3,0.1797752808988764,0.1797752808988764
2024-01-29,0.1,0.3,0.4555555555555555,0.4555555555555555
2024-01-30,0.1,0.3,0.10989010989010994,0.10989010989010994
2024-01-31,0.1,0.3,-0.25,0.25
2024-02-01,0.1,0.3,0.3655913978494625,0.3655913978494625
2024-02-02,0.1,0.3,0.37234042553191493,0.37234042553191493
2024-02-05,0.1,0.3,0.2526315789473683,0.2526315789473683
2024-02-06,0.1,0.3,-0.44791666666666674,0.44791666666666674
2024-02-07,0.1,0.3,0.3711340206185567,0.3711340206185567
2024-02-08,0.1,0.3,-0.09183673469387743,0.09183673469387743
2024-02-19,0.1,0.3,-0.1515151515151516,0.1515151515151516
2024-02-20,0.1,0.3,-0.32999999999999996,0.32999999999999996
2024-02-21,0.1,0.3,0.693069306930693,0.693069306930693
2024-02-22,0.1,0.3,0.4411764705882353,0.4411764705882353
2024-02-23,0.1,0.3,0.6990291262135921,0.6990291262135921
2024-02-26,0.1,0.3,0.34615384615384626,0.34615384615384626
2024-02-27,0.1,0.3,0.7428571428571429,0.7428571428571429
2024-02-28,0.1,0.3,0.4811320754716979,0.4811320754716979
2024-02-29,0.1,0.3,0.9532710280373833,0.9532710280373833
2024-03-01,0.1,0.3,0.17592592592592582,0.17592592592592582
2024-03-04,0.1,0.3,-0.3211009174311926,0.3211009174311926
2024-03-05,0.1,0.3,-0.6454545454545454,0.6454545454545454
2024-03-06,0.1,0.3,0.5765765765765767,0.5765765765765767
2024-03-07,0.1,0.3,0.0,0.0
2024-03-08,0.1,0.3,0.23893805309734506,0.23893805309734506
2024-03-11,0.1,0.3,0.6052631578947367,0.6052631578947367
2024-03-12,0.1,0.3,0.6608695652173913,0.6608695652173913
2024-03-13,0.1,0.3,-0.06896551724137923,0.06896551724137923
2024-03-14,0.1,0.3,-0.735042735042735,0.735042735042735
2024-03-15,0.1,0.3,0.5847457627118644,0.5847457627118644
2024-03-18,0.1,0.3,0.4873949579831933,0.4873949579831933
2024-03-19,0.1,0.3,-0.4,0.4
2024-03-20,0.1,0.3,0.5454545454545454,0.5454545454545454
2024-03-21,0.1,0.3,0.12295081967213117,0.12295081967213117
2024-03-22,0.1,0.3,-0.5040650406504065,0.5040650406504065
2024-03-25,0.1,0.3,-0.7661290322580645,0.7661290322580645
2024-03-26,0.1,0.3,0.3999999999999999,0.3999999999999999
2024-03-27,0.1,0.3,0.08730158730158744,0.08730158730158744
2024-03-28,0.1,0.3,0.12598425196850394,0.12598425196850394
2024-03-29,0.1,0.3,-0.203125,0.203125
2024-04-01,0.1,0.3,0.8372093023255813,0.8372093023255813
2024-04-02,0.1,0.3,-0.25384615384615383,0.25384615384615383
2024-04-03,0.1,0.3,0.3816793893129773,0.3816793893129773
2024-04-08,0.1,0.3,0.4772727272727273,0.4772727272727273
2024-04-09,0.1,0.3,0.3308270676691729,0.3308270676691729
2024-04-10,0.1,0.3,0.5,0.5
2024-04-11,0.1,0.3,-0.5629629629629629,0.5629629629629629
2024-04-12,0.1,0.3,0.03676470588235303,0.03676470588235303
2024-04-15,0.1,0.3,0.029197080291970767,0.029197080291970767
2024-04-16,0.1,0.3,-0.5724637681159421,0.5724637681159421
2024-04-17,0.1,0.3,0.4316546762589928,0.4316546762589928
2024-04-18,0.1,0.3,-0.06428571428571428,0.06428571428571428
2024-04-19,0.1,0.3,0.021276595744680993,0.021276595744680993
2024-04-22,0.1,0.3,0.3943661971830985,0.3943661971830985
2024-04-23,0.1,0.3,0.3076923076923075,0.3076923076923075
2024-04-24,0.1,0.3,0.4444444444444444,0.4444444444444444
2024-04-25,0.1,0.3,-0.01379310344827589,0.01379310344827589
2024-04-26,0.1,0.3,0.1643835616438356,0.1643835616438356
2024-04-29,0.1,0.3,0.8571428571428572,0.8571428571428572
2024-04-30,0.1,0.3,-0.6013513513513513,0.6013513513513513
2024-05-06,0.1,0.3,0.4026845637583891,0.4026845637583891
2024-05-07,0.1,0.3,0.4933333333333334,0.4933333333333334
2024-05-08,0.1,0.3,-0.3973509933774835,0.3973509933774835
2024-05-09,0.1,0.3,0.019736842105263275,0.019736842105263275
2024-05-10,0.1,0.3,-0.5751633986928104,0.5751633986928104
2024-05-13,0.1,0.3,-0.19480519480519487,0.19480519480519487
2024-05-14,0.1,0.3,-0.47741935483870956,0.47741935483870956
2024-05-15,0.1,0.3,-0.46153846153846156,0.46153846153846156
2024-05-16,0.1,0.3,0.4267515923566878,0.4267515923566878
2024-05-17,0.1,0.3,0.6329113924050633,0.6329113924050633
2024-05-20,0.1,0.3,0.018867924528301883,0.018867924528301883
2024-05-21,0.1,0.3,0.34375,0.34375
2024-05-22,0.1,0.3,0.04347826086956541,0.04347826086956541
2024-05-23,0.1,0.3,0.05555555555555558,0.05555555555555558
2024-05-24,0.1,0.3,0.5030674846625767,0.5030674846625767
2024-05-27,0.1,0.3,-0.25609756097560976,0.25609756097560976
2024-05-28,0.1,0.3,-0.19393939393939397,0.19393939393939397
2024-05-29,0.1,0.3,0.1506024096385541,0.1506024096385541
2024-05-30,0.1,0.3,0.3772455089820359,0.3772455089820359
2024-05-31,0.1,0.3,-0.1964285714285714,0.1964285714285714
2024-06-03,0.1,0.3,-0.5207100591715976,0.5207100591715976
2024-06-04,0.1,0.3,-0.04705882352941171,0.04705882352941171
2024-06-05,0.1,0.3,-0.5029239766081871,0.5029239766081871
2024-06-06,0.1,0.3,0.5116279069767442,0.5116279069767442
2024-06-07,0.1,0.3,-0.17919075144508678,0.17919075144508678
2024-06-11,0.1,0.3,-0.5919540229885059,0.5919540229885059
2024-06-12,0.1,0.3,0.5314285714285714,0.5314285714285714
2024-06-13,0.1,0.3,0.005681818181818343,0.005681818181818343
2024-06-14,0.1,0.3,-0.062146892655367325,0.062146892655367325
2024-06-17,0.1,0.3,-0.1853932584269662,0.1853932584269662
2024-06-18,0.1,0.3,-0.5865921787709498,0.5865921787709498
2024-06-19,0.1,0.3,0.4722222222222223,0.4722222222222223
2024-06-20,0.1,0.3,0.23888888888888893,0.23888888888888893
2024-06-21,0.1,0.3,-0.5611111111111111,0.5611111111111111
2024-06-24,0.1,0.3,-0.6555555555555556,0.6555555555555556
2024-06-25,0.1,0.3,0.5777777777777777,0.5777777777777777
2024-06-26,0.1,0.3,0.6722222222222223,0.6722222222222223
2024-06-27,0.1,0.3,0.6222222222222222,0.6222222222222222
2024-06-28,0.1,0.3,0.07222222222222219,0.07222222222222219
2024-07-01,0.1,0.3,0.4444444444444444,0.4444444444444444
2024-07-02,0.1,0.3,-0.3666666666666667,0.3666666666666667
2024-07-03,0.1,0.3,0.27222222222222214,0.27222222222222214
2024-07-04,0.1,0.3,-0.005555555555555536,0.005555555555555536
2024-07-05,0.1,0.3,0.08333333333333326,0.08333333333333326
2024-07-08,0.1,0.3,0.06666666666666665,0.06666666666666665
2024-07-09,0.1,0.3,0.30000000000000004,0.30000000000000004
2024-07-10,0.1,0.3,-0.5722222222222222,0.5722222222222222
2024-07-11,0.1,0.3,0.38888888888888884,0.38888888888888884
2024-07-12,0.1,0.3,-0.2222222222222222,0.2222222222222222
2024-07-15,0.1,0.3,-0.7055555555555555,0.7055555555555555
2024-07-16,0.1,0.3,0.4388888888888889,0.4388888888888889
2024-07-17,0.1,0.3,-0.5166666666666666,0.5166666666666666
2024-07-18,0.1,0.3,0.4833333333333334,0.4833333333333334
2024-07-19,0.1,0.3,0.6777777777777778,0.6777777777777778
2024-07-22,0.1,0.3,-0.08333333333333326,0.08333333333333326
2024-07-23,0.1,0.3,-0.19444444444444442,0.19444444444444442
2024-07-24,0.1,0.3,-0.14444444444444438,0.14444444444444438
2024-07-25,0.1,0.3,0.15555555555555567,0.15555555555555567
2024-07-26,0.1,0.3,-0.2777777777777778,0.2777777777777778
2024-07-29,0.1,0.3,-0.6277777777777778,0.6277777777777778
2024-07-30,0.1,0.3,-0.6055555555555555,0.6055555555555555
2024-07-31,0.1,0.3,0.6388888888888888,0.6388888888888888
2024-08-01,0.1,0.3,-0.4888888888888888,0.4888888888888888
2024-08-02,0.1,0.3,0.1499999999999999,0.1499999999999999
2024-08-05,0.1,0.3,0.2944444444444445,0.2944444444444445
2024-08-06,0.1,0.3,0.061111111111111116,0.061111111111111116
2024-08-07,0.1,0.3,-0.12222222222222223,0.12222222222222223
2024-08-08,0.1,0.3,-0.47777777777777775,0.47777777777777775
2024-08-09,0.1,0.3,-0.1166666666666667,0.1166666666666667
2024-08-12,0.1,0.3,-0.40555555555555556,0.40555555555555556
2024-08-13,0.1,0.3,0.5055555555555555,0.5055555555555555
2024-08-14,0.1,0.3,-0.8055555555555556,0.8055555555555556
2024-08-15,0.1,0.3,-0.2222222222222222,0.2222222222222222
2024-08-16,0.1,0.3,0.33333333333333326,0.33333333333333326
2024-08-19,0.1,0.3,0.25555555555555554,0.25555555555555554
2024-08-20,0.1,0.3,0.6611111111111112,0.6611111111111112
2024-08-21,0.1,0.3,0.8166666666666667,0.8166666666666667
2024-08-22,0.1,0.3,-0.711111111111111,0.711111111111111
2024-08-23,0.1,0.3,-0.6555555555555556,0.6555555555555556
2024-08-26,0.1,0.3,0.47777777777777786,0.47777777777777786
2024-08-27,0.1,0.3,0.6888888888888889,0.6888888888888889
2024-08-28,0.1,0.3,-0.02777777777777779,0.02777777777777779
2024-08-29,0.1,0.3,0.48888888888888893,0.48888888888888893
2024-08-30,0.1,0.3,0.7277777777777779,0.7277777777777779
2024-09-02,0.1,0.3,-0.9166666666666666,0.9166666666666666
2024-09-03,0.1,0.3,-0.016666666666666607,0.016666666666666607
2024-09-04,0.1,0.3,-0.40555555555555556,0.40555555555555556
2024-09-05,0.1,0.3,-0.7944444444444444,0.7944444444444444
2024-09-06,0.1,0.3,0.2055555555555555,0.2055555555555555
2024-09-09,0.1,0.3,0.7388888888888889,0.7388888888888889
2024-09-10,0.1,0.3,-0.25555555555555554,0.25555555555555554
2024-09-11,0.1,0.3,0.9722222222222223,0.9722222222222223
2024-09-12,0.1,0.3,-0.49444444444444446,0.49444444444444446
2024-09-13,0.1,0.3,0.30000000000000004,0.30000000000000004
2024-09-18,0.1,0.3,-0.7333333333333334,0.7333333333333334
2024-09-19,0.1,0.3,0.16666666666666674,0.16666666666666674
2024-09-20,0.1,0.3,-0.06666666666666665,0.06666666666666665
2024-09-23,0.1,0.3,-0.08333333333333326,0.08333333333333326
2024-09-24,0.1,0.3,0.7666666666666666,0.7666666666666666
2024-09-25,0.1,0.3,-0.10555555555555551,0.10555555555555551
2024-09-26,0.1,0.3,0.41666666666666674,0.41666666666666674
2024-09-27,0.1,0.3,0.04444444444444451,0.04444444444444451
2024-09-30,0.1,0.3,0.8611111111111112,0.8611111111111112
2024-10-08,0.1,0.3,-0.85,0.85
2024-10-09,0.1,0.3,0.011111111111111072,0.011111111111111072
2024-10-10,0.1,0.3,-0.8055555555555556,0.8055555555555556
2024-10-11,0.1,0.3,0.12222222222222223,0.12222222222222223
2024-10-14,0.1,0.3,-0.1777777777777778,0.1777777777777778
2024-10-15,0.1,0.3,0.1611111111111112,0.1611111111111112
2024-10-16,0.1,0.3,-0.7277777777777777,0.7277777777777777
2024-10-17,0.1,0.3,-0.7944444444444444,0.7944444444444444
2024-10-18,0.1,0.3,0.7833333333333334,0.7833333333333334
2024-10-21,0.1,0.3,0.7166666666666668,0.7166666666666668
2024-10-22,0.1,0.3,0.588888888888889,0.588888888888889
2024-10-23,0.1,0.3,0.6444444444444444,0.6444444444444444
2024-10-24,0.1,0.3,-0.3555555555555555,0.3555555555555555
2024-10-25,0.1,0.3,0.2666666666666666,0.2666666666666666
2024-10-28,0.1,0.3,0.7611111111111111,0.7611111111111111
2024-10-29,0.1,0.3,-0.5611111111111111,0.5611111111111111
2024-10-30,0.1,0.3,-0.35,0.35
2024-10-31,0.1,0.3,0.4722222222222223,0.4722222222222223
2024-11-01,0.1,0.3,0.6722222222222223,0.6722222222222223
2024-11-04,0.1,0.3,0.3666666666666667,0.3666666666666667
2024-11-05,0.1,0.3,0.03333333333333344,0.03333333333333344
2024-11-06,0.1,0.3,-0.5,0.5
2024-11-07,0.1,0.3,0.43333333333333335,0.43333333333333335
2024-11-08,0.1,0.3,-0.1333333333333333,0.1333333333333333
2024-11-11,0.1,0.3,0.95,0.95
2024-11-12,0.1,0.3,0.10555555555555562,0.10555555555555562
2024-11-13,0.1,0.3,0.95,0.95
2024-11-14,0.1,0.3,-0.9611111111111111,0.9611111111111111
2024-11-15,0.1,0.3,-0.8,0.8
2024-11-18,0.1,0.3,0.8500000000000001,0.8500000000000001
2024-11-19,0.1,0.3,0.6611111111111112,0.6611111111111112
2024-11-20,0.1,0.3,0.0277777777777779,0.0277777777777779
2024-11-21,0.1,0.3,-0.21666666666666667,0.21666666666666667
2024-11-22,0.1,0.3,-0.75,0.75
2024-11-25,0.1,0.3,0.40555555555555567,0.40555555555555567
2024-11-26,0.1,0.3,-0.5555555555555556,0.5555555555555556
2024-11-27,0.1,0.3,0.016666666666666607,0.016666666666666607
2024-11-28,0.1,0.3,0.05555555555555558,0.05555555555555558
2024-11-29,0.1,0.3,0.06666666666666665,0.06666666666666665
2024-12-02,0.1,0.3,-0.02777777777777779,0.02777777777777779
2024-12-03,0.1,0.3,-0.07777777777777772,0.07777777777777772
2024-12-04,0.1,0.3,-0.5722222222222222,0.5722222222222222
2024-12-05,0.1,0.3,0.1777777777777778,0.1777777777777778
2024-12-06,0.1,0.3,0.14444444444444438,0.14444444444444438
2024-12-09,0.1,0.3,0.13888888888888884,0.13888888888888884
2024-12-10,0.1,0.3,-0.005555555555555536,0.005555555555555536
2024-12-11,0.1,0.3,0.08333333333333326,0.08333333333333326
2024-12-12,0.1,0.3,0.26111111111111107,0.26111111111111107
2024-12-13,0.1,0.3,-0.47777777777777775,0.47777777777777775
2024-12-16,0.1,0.3,0.2055555555555555,0.2055555555555555
2024-12-17,0.1,0.3,-0.25,0.25
2024-12-18,0.1,0.3,-0.27222222222222225,0.27222222222222225
2024-12-19,0.1,0.3,-0.13888888888888884,0.13888888888888884
2024-12-20,0.1,0.3,0.9388888888888889,0.9388888888888889
2024-12-23,0.1,0.3,-0.2222222222222222,0.2222222222222222
2024-12-24,0.1,0.3,0.5611111111111111,0.5611111111111111
2024-12-25,0.1,0.3,-0.22777777777777775,0.22777777777777775
2024-12-26,0.1,0.3,0.08333333333333326,0.08333333333333326
2024-12-27,0.1,0.3,-0.3944444444444444,0.3944444444444444
2024-12-30,0.1,0.3,0.8055555555555556,0.8055555555555556
2024-12-31,0.1,0.3,-0.5055555555555555,0.5055555555555555
2025-01-02,0.1,0.3,0.41666666666666674,0.41666666666666674
2025-01-03,0.1,0.3,-0.55,0.55
2025-01-06,0.1,0.3,0.6499999999999999,0.6499999999999999
2025-01-07,0.1,0.3,0.6055555555555556,0.6055555555555556
2025-01-08,0.1,0.3,-0.6055555555555555,0.6055555555555555
2025-01-09,0.1,0.3,0.5611111111111111,0.5611111111111111
2025-01-10,0.1,0.3,-0.08333333333333326,0.08333333333333326
2025-01-13,0.1,0.3,0.44999999999999996,0.44999999999999996
2025-01-14,0.1,0.3,0.23888888888888893,0.23888888888888893
2025-01-15,0.1,0.3,0.6111111111111112,0.6111111111111112
2025-01-16,0.1,0.3,-0.12777777777777777,0.12777777777777777
2025-01-17,0.1,0.3,0.4833333333333334,0.4833333333333334
2025-01-20,0.1,0.3,0.050000000000000044,0.050000000000000044
2025-01-21,0.1,0.3,-0.75,0.75
2025-01-22,0.1,0.3,0.3833333333333333,0.3833333333333333
2025-01-23,0.1,0.3,0.25,0.25
2025-01-24,0.1,0.3,0.06666666666666665,0.06666666666666665
2025-01-27,0.1,0.3,0.09444444444444455,0.09444444444444455
2025-02-05,0.1,0.3,-0.5888888888888888,0.5888888888888888
2025-02-06,0.1,0.3,-0.21666666666666667,0.21666666666666667
2025-02-07,0.1,0.3,0.24444444444444446,0.24444444444444446
2025-02-10,0.1,0.3,0.461111111111111,0.461111111111111
2025-02-11,0.1,0.3,-0.5555555555555556,0.5555555555555556
2025-02-12,0.1,0.3,0.18888888888888888,0.18888888888888888
2025-02-13,0.1,0.3,-0.033333333333333326,0.033333333333333326
2025-02-14,0.1,0.3,-0.21666666666666667,0.21666666666666667
2025-02-17,0.1,0.3,0.2777777777777779,0.2777777777777779
2025-02-18,0.1,0.3,0.005555555555555536,0.005555555555555536
2025-02-19,0.1,0.3,0.23888888888888893,0.23888888888888893
2025-02-20,0.1,0.3,-0.02777777777777779,0.02777777777777779
2025-02-21,0.1,0.3,-0.22777777777777775,0.22777777777777775
2025-02-24,0.1,0.3,0.12222222222222223,0.12222222222222223
2025-02-25,0.1,0.3,0.005555555555555536,0.005555555555555536
2025-02-26,0.1,0.3,-0.27222222222222225,0.27222222222222225
2025-02-27,0.1,0.3,0.1499999999999999,0.1499999999999999
2025-02-28,0.1,0.3,-0.3944444444444444,0.3944444444444444
2025-03-03,0.1,0.3,0.22222222222222232,0.22222222222222232
2025-03-04,0.1,0.3,-0.04999999999999993,0.04999999999999993
2025-03-05,0.1,0.3,0.10555555555555562,0.10555555555555562
2025-03-06,0.1,0.3,0.7277777777777779,0.7277777777777779
2025-03-07,0.1,0.3,-0.3277777777777777,0.3277777777777777
2025-03-10,0.1,0.3,-0.18333333333333335,0.18333333333333335
2025-03-11,0.1,0.3,0.22777777777777786,0.22777777777777786
2025-03-12,0.1,0.3,-0.18888888888888888,0.18888888888888888
2025-03-13,0.1,0.3,-0.15000000000000002,0.15000000000000002
2025-03-14,0.1,0.3,0.22222222222222232,0.22222222222222232
2025-03-17,0.1,0.3,0.4722222222222223,0.4722222222222223
2025-03-18,0.1,0.3,-0.43333333333333335,0.43333333333333335
2025-03-19,0.1,0.3,-0.09444444444444444,0.09444444444444444
2025-03-20,0.1,0.3,-0.7722222222222221,0.7722222222222221
2025-03-21,0.1,0.3,0.011111111111111072,0.011111111111111072
2025-03-24,0.1,0.3,0.3944444444444444,0.3944444444444444
2025-03-25,0.1,0.3,0.11111111111111116,0.11111111111111116
2025-03-26,0.1,0.3,0.48888888888888893,0.48888888888888893
2025-03-27,0.1,0.3,-0.03888888888888886,0.03888888888888886
2025-03-28,0.1,0.3,-0.22777777777777775,0.22777777777777775
2025-03-31,0.1,0.3,0.2055555555555555,0.2055555555555555
2025-04-01,0.1,0.3,0.26111111111111107,0.26111111111111107
2025-04-02,0.1,0.3,-0.5333333333333333,0.5333333333333333
2025-04-03,0.1,0.3,-0.08333333333333326,0.08333333333333326
2025-04-07,0.1,0.3,-0.8,0.8
2025-04-08,0.1,0.3,-0.3944444444444444,0.3944444444444444
2025-04-09,0.1,0.3,-0.2222222222222222,0.2222222222222222
2025-04-10,0.1,0.3,0.49444444444444446,0.49444444444444446
2025-04-11,0.1,0.3,-0.1611111111111111,0.1611111111111111
2025-04-14,0.1,0.3,0.44999999999999996,0.44999999999999996
2025-04-15,0.1,0.3,0.005555555555555536,0.005555555555555536
2025-04-16,0.1,0.3,-0.21666666666666667,0.21666666666666667
2025-04-17,0.1,0.3,0.12777777777777777,0.12777777777777777
2025-04-18,0.1,0.3,-0.16666666666666663,0.16666666666666663
2025-04-21,0.1,0.3,-0.6166666666666667,0.6166666666666667
2025-04-22,0.1,0.3,-0.6055555555555555,0.6055555555555555
2025-04-23,0.1,0.3,0.7166666666666668,0.7166666666666668
2025-04-24,0.1,0.3,-0.4,0.4
2025-04-25,0.1,0.3,-0.0444444444444444,0.0444444444444444
2025-04-28,0.1,0.3,-0.6444444444444444,0.6444444444444444
2025-04-29,0.1,0.3,-0.4388888888888889,0.4388888888888889
2025-04-30,0.1,0.3,-0.19444444444444442,0.19444444444444442
2025-05-06,0.1,0.3,-0.4444444444444444,0.4444444444444444
2025-05-07,0.1,0.3,-0.6277777777777778,0.6277777777777778
2025-05-08,0.1,0.3,0.2055555555555555,0.2055555555555555
2025-05-09,0.1,0.3,-0.6833333333333333,0.6833333333333333
2025-05-12,0.1,0.3,0.6888888888888889,0.6888888888888889
2025-05-13,0.1,0.3,-0.5055555555555555,0.5055555555555555
2025-05-14,0.1,0.3,0.8944444444444444,0.8944444444444444
2025-05-15,0.1,0.3,-0.6277777777777778,0.6277777777777778
2025-05-16,0.1,0.3,-0.8833333333333333,0.8833333333333333
2025-05-19,0.1,0.3,-0.37777777777777777,0.37777777777777777
2025-05-20,0.1,0.3,-0.21111111111111114,0.21111111111111114
2025-05-21,0.1,0.3,0.3555555555555556,0.3555555555555556
2025-05-22,0.1,0.3,0.6833333333333333,0.6833333333333333
2025-05-23,0.1,0.3,-0.6555555555555556,0.6555555555555556
2025-05-26,0.1,0.3,-0.5388888888888889,0.5388888888888889
2025-05-27,0.1,0.3,0.6055555555555556,0.6055555555555556
2025-05-28,0.1,0.3,-0.35,0.35
2025-05-29,0.1,0.3,-0.7944444444444444,0.7944444444444444
2025-05-30,0.1,0.3,0.6611111111111112,0.6611111111111112
2025-06-03,0.1,0.3,0.22222222222222232,0.22222222222222232
2025-06-04,0.1,0.3,0.7444444444444445,0.7444444444444445
2025-06-05,0.1,0.3,-0.5611111111111111,0.5611111111111111
2025-06-06,0.1,0.3,0.4222222222222223,0.4222222222222223
2025-06-09,0.1,0.3,0.3833333333333333,0.3833333333333333
2025-06-10,0.1,0.3,0.12777777777777777,0.12777777777777777
2025-06-11,0.1,0.3,0.6833333333333333,0.6833333333333333
2025-06-12,0.1,0.3,-0.7444444444444445,0.7444444444444445
2025-06-13,0.1,0.3,-0.41666666666666663,0.41666666666666663
2025-06-16,0.1,0.3,0.03888888888888897,0.03888888888888897
2025-06-17,0.1,0.3,0.16666666666666674,0.16666666666666674
2025-06-18,0.1,0.3,0.07777777777777772,0.07777777777777772
2025-06-19,0.1,0.3,0.28333333333333344,0.28333333333333344
2025-06-20,0.1,0.3,-0.6888888888888889,0.6888888888888889
2025-06-23,0.1,0.3,0.3944444444444444,0.3944444444444444
2025-06-24,0.1,0.3,0.8500000000000001,0.8500000000000001
2025-06-25,0.1,0.3,0.2666666666666666,0.2666666666666666
2025-06-26,0.1,0.3,0.538888888888889,0.538888888888889
2025-06-27,0.1,0.3,0.8888888888888888,0.8888888888888888
2025-06-30,0.1,0.3,-0.6277777777777778,0.6277777777777778
2025-07-01,0.1,0.3,0.5277777777777779,0.5277777777777779
2025-07-02,0.1,0.3,0.8055555555555556,0.8055555555555556
2025-07-03,0.1,0.3,0.1777777777777778,0.1777777777777778
2025-07-04,0.1,0.3,-0.5277777777777777,0.5277777777777777
2025-07-07,0.1,0.3,0.461111111111111,0.461111111111111
2025-07-08,0.1,0.3,0.3555555555555556,0.3555555555555556
2025-07-09,0.1,0.3,0.5222222222222221,0.5222222222222221
2025-07-10,0.1,0.3,-0.18333333333333335,0.18333333333333335
2025-07-11,0.1,0.3,0.13888888888888884,0.13888888888888884
2025-07-14,0.1,0.3,0.95,0.95
2025-07-15,0.1,0.3,0.23888888888888893,0.23888888888888893
2025-07-16,0.1,0.3,-0.2055555555555555,0.2055555555555555
2025-07-17,0.1,0.3,0.8611111111111112,0.8611111111111112
2025-07-18,0.1,0.3,0.9388888888888889,0.9388888888888889
2025-07-21,0.1,0.3,0.8277777777777777,0.8277777777777777
2025-07-22,0.1,0.3,0.8611111111111112,0.8611111111111112
2025-07-23,0.1,0.3,-0.9833333333333333,0.9833333333333333
2025-07-24,0.1,0.3,0.9944444444444445,0.9944444444444445
2025-07-25,0.1,0.3,0.95,0.95
2025-07-28,0.1,0.3,-0.9944444444444445,0.9944444444444445
2025-07-29,0.1,0.3,-0.9277777777777778,0.9277777777777778
2025-07-30,0.1,0.3,-0.19999999999999996,0.19999999999999996
2025-07-31,0.1,0.3,-0.9333333333333333,0.9333333333333333
2025-08-01,0.1,0.3,0.5555555555555556,0.5555555555555556
2025-08-04,0.1,0.3,0.005555555555555536,0.005555555555555536
2025-08-05,0.1,0.3,-0.6777777777777778,0.6777777777777778
2025-08-06,0.1,0.3,0.8833333333333333,0.8833333333333333
2025-08-07,0.1,0.3,0.95,0.95
2025-08-08,0.1,0.3,0.9833333333333334,0.9833333333333334
2025-08-11,0.1,0.3,0.9722222222222223,0.9722222222222223
2025-08-12,0.1,0.3,0.8055555555555556,0.8055555555555556
2025-08-13,0.1,0.3,0.9277777777777778,0.9277777777777778
2025-08-14,0.1,0.3,0.30000000000000004,0.30000000000000004
2025-08-15,0.1,0.3,0.8444444444444446,0.8444444444444446
2025-08-18,0.1,0.3,0.9166666666666667,0.9166666666666667
2025-08-19,0.1,0.3,-0.8944444444444444,0.8944444444444444
2025-08-20,0.1,0.3,-0.9833333333333333,0.9833333333333333
2025-08-21,0.1,0.3,0.8444444444444446,0.8444444444444446
2025-08-22,0.1,0.3,-0.9722222222222222,0.9722222222222222
2025-08-25,0.1,0.3,0.44999999999999996,0.44999999999999996
2025-08-26,0.1,0.3,-0.3388888888888889,0.3388888888888889
2025-08-27,0.1,0.3,-0.15000000000000002,0.15000000000000002
2025-08-28,0.1,0.3,-0.5388888888888889,0.5388888888888889
2025-08-29,0.1,0.3,-0.6388888888888888,0.6388888888888888
2025-09-01,0.1,0.3,-0.8611111111111112,0.8611111111111112
2025-09-02,0.1,0.3,-0.95,0.95
2025-09-03,0.1,0.3,-0.5166666666666666,0.5166666666666666
2025-09-04,0.1,0.3,0.788888888888889,0.788888888888889
2025-09-05,0.1,0.3,0.588888888888889,0.588888888888889
2025-09-08,0.1,0.3,0.4722222222222223,0.4722222222222223
2025-09-09,0.1,0.3,-0.8722222222222222,0.8722222222222222
2025-09-10,0.1,0.3,-0.8944444444444444,0.8944444444444444
2025-09-11,0.1,0.3,0.338888888888889,0.338888888888889
2025-09-12,0.1,0.3,0.16666666666666674,0.16666666666666674
2025-09-15,0.1,0.3,0.7666666666666666,0.7666666666666666
2025-09-16,0.1,0.3,0.43333333333333335,0.43333333333333335
2025-09-17,0.1,0.3,0.40555555555555567,0.40555555555555567
2025-09-18,0.1,0.3,-0.5277777777777777,0.5277777777777777
2025-09-19,0.1,0.3,0.6722222222222223,0.6722222222222223
2025-09-22,0.1,0.3,-0.38888888888888884,0.38888888888888884
2025-09-23,0.1,0.3,0.28333333333333344,0.28333333333333344
2025-09-24,0.1,0.3,-0.5444444444444444,0.5444444444444444
2025-09-25,0.1,0.3,0.7166666666666668,0.7166666666666668
2025-09-26,0.1,0.3,-0.7055555555555555,0.7055555555555555
2025-09-29,0.1,0.3,0.6444444444444444,0.6444444444444444
2025-09-30,0.1,0.3,-0.6944444444444444,0.6944444444444444
2025-10-09,0.1,0.3,0.48888888888888893,0.48888888888888893
2025-10-10,0.1,0.3,-0.41666666666666663,0.41666666666666663
2025-10-13,0.1,0.3,-0.36111111111111105,0.36111111111111105
2025-10-14,0.1,0.3,0.40555555555555567,0.40555555555555567
2025-10-15,0.1,0.3,0.3222222222222222,0.3222222222222222
2025-10-16,0.1,0.3,0.9055555555555557,0.9055555555555557
2025-10-17,0.1,0.3,0.5777777777777777,0.5777777777777777
2025-10-20,0.1,0.3,0.13888888888888884,0.13888888888888884
2025-10-21,0.1,0.3,0.0,0.0
2025-10-22,0.1,0.3,0.7055555555555555,0.7055555555555555
2025-10-23,0.1,0.3,0.95,0.95
2025-10-24,0.1,0.3,-0.36111111111111105,0.36111111111111105
2025-10-27,0.1,0.3,0.9166666666666667,0.9166666666666667
2025-10-28,0.1,0.3,-0.23333333333333328,0.23333333333333328
2025-10-29,0.1,0.3,0.7166666666666668,0.7166666666666668
2025-10-30,0.1,0.3,0.4277777777777778,0.4277777777777778
2025-10-31,0.1,0.3,-0.9388888888888889,0.9388888888888889
2025-11-03,0.1,0.3,0.7388888888888889,0.7388888888888889
2025-11-04,0.1,0.3,-0.9611111111111111,0.9611111111111111
2025-11-05,0.1,0.3,0.4833333333333334,0.4833333333333334
2025-11-06,0.1,0.3,0.7166666666666668,0.7166666666666668
2025-11-07,0.1,0.3,0.8444444444444446,0.8444444444444446
2025-11-10,0.1,0.3,0.9833333333333334,0.9833333333333334
2025-11-11,0.1,0.3,-0.5055555555555555,0.5055555555555555
2025-11-12,0.1,0.3,-0.0444444444444444,0.0444444444444444
2025-11-13,0.1,0.3,0.6666666666666667,0.6666666666666667
2025-11-14,0.1,0.3,-0.3833333333333333,0.3833333333333333
2025-11-17,0.1,0.3,0.9944444444444445,0.9944444444444445
2025-11-18,0.1,0.3,-0.8277777777777777,0.8277777777777777
2025-11-19,0.1,0.3,0.9722222222222223,0.9722222222222223
2025-11-20,0.1,0.3,-0.28888888888888886,0.28888888888888886
2025-11-21,0.1,0.3,-0.9944444444444445,0.9944444444444445
2025-11-24,0.1,0.3,-0.40555555555555556,0.40555555555555556
2025-11-25,0.1,0.3,0.95,0.95
2025-11-26,0.1,0.3,0.5,0.5
2025-11-27,0.1,0.3,-0.3833333333333333,0.3833333333333333
2025-11-28,0.1,0.3,0.40555555555555567,0.40555555555555567
2025-12-01,0.1,0.3,0.3500000000000001,0.3500000000000001
2025-12-02,0.1,0.3,-0.3388888888888889,0.3388888888888889
2025-12-03,0.1,0.3,-0.9166666666666666,0.9166666666666666
2025-12-04,0.1,0.3,-0.04999999999999993,0.04999999999999993
2025-12-05,0.1,0.3,-0.7833333333333333,0.7833333333333333
2025-12-08,0.1,0.3,0.8888888888888888,0.8888888888888888
2025-12-09,0.1,0.3,-0.8388888888888889,0.8388888888888889
2025-12-10,0.1,0.3,0.9055555555555557,0.9055555555555557
2025-12-11,0.1,0.3,0.8944444444444444,0.8944444444444444
2025-12-12,0.1,0.3,-0.6888888888888889,0.6888888888888889
2025-12-15,0.1,0.3,0.9055555555555557,0.9055555555555557
2025-12-16,0.1,0.3,-0.34444444444444444,0.34444444444444444
2025-12-17,0.1,0.3,0.9944444444444445,0.9944444444444445
2025-12-18,0.1,0.3,-0.8944444444444444,0.8944444444444444
2025-12-19,0.1,0.3,0.95,0.95
2025-12-22,0.1,0.3,0.8611111111111112,0.8611111111111112
2025-12-23,0.1,0.3,0.961111111111111,0.961111111111111
2025-12-24,0.1,0.3,0.8944444444444444,0.8944444444444444
2025-12-25,0.1,0.3,-0.7166666666666667,0.7166666666666667
2025-12-26,0.1,0.3,0.961111111111111,0.961111111111111
2025-12-29,0.1,0.3,-0.9944444444444445,0.9944444444444445
2025-12-30,0.1,0.3,0.7944444444444445,0.7944444444444445
2025-12-31,0.1,0.3,-0.1333333333333333,0.1333333333333333
2026-01-05,0.1,0.3,0.9944444444444445,0.9944444444444445
2026-01-06,0.1,0.3,0.9722222222222223,0.9722222222222223
2026-01-07,0.1,0.3,0.8555555555555556,0.8555555555555556
2026-01-08,0.1,0.3,0.75,0.75
2026-01-09,0.1,0.3,-0.7722222222222221,0.7722222222222221
2026-01-12,0.1,0.3,0.9944444444444445,0.9944444444444445
2026-01-13,0.1,0.3,0.9833333333333334,0.9833333333333334
2026-01-14,0.1,0.3,-0.95,0.95
2026-01-15,0.1,0.3,0.461111111111111,0.461111111111111
2026-01-16,0.1,0.3,-0.9944444444444445,0.9944444444444445
2026-01-19,0.1,0.3,0.37222222222222223,0.37222222222222223
2026-01-20,0.1,0.3,0.9944444444444445,0.9944444444444445
2026-01-21,0.1,0.3,0.8944444444444444,0.8944444444444444
2026-01-22,0.1,0.3,0.6166666666666667,0.6166666666666667
2026-01-23,0.1,0.3,0.9833333333333334,0.9833333333333334
2026-01-26,0.1,0.3,-0.9833333333333333,0.9833333333333333
2026-01-27,0.1,0.3,0.9944444444444445,0.9944444444444445
2026-01-28,0.1,0.3,-0.9722222222222222,0.9722222222222222
2026-01-29,0.1,0.3,-0.6944444444444444,0.6944444444444444
2026-01-30,0.1,0.3,-0.9833333333333333,0.9833333333333333
2026-02-02,0.1,0.3,-0.9611111111111111,0.9611111111111111
2026-02-03,0.1,0.3,0.9944444444444445,0.9944444444444445
2026-02-04,0.1,0.3,-0.5388888888888889,0.5388888888888889
2026-02-05,0.1,0.3,-0.95,0.95
2026-02-06,0.1,0.3,-0.11111111111111105,0.11111111111111105
2026-02-09,0.1,0.3,0.7611111111111111,0.7611111111111111
2026-02-10,0.1,0.3,0.03333333333333344,0.03333333333333344
2026-02-11,0.1,0.3,0.961111111111111,0.961111111111111
2026-02-12,0.1,0.3,-0.5277777777777777,0.5277777777777777
2026-02-13,0.1,0.3,0.7055555555555555,0.7055555555555555
2026-02-24,0.1,0.3,0.9277777777777778,0.9277777777777778
2026-02-25,0.1,0.3,0.5722222222222222,0.5722222222222222
2026-02-26,0.1,0.3,0.8500000000000001,0.8500000000000001
2026-02-27,0.1,0.3,0.5666666666666667,0.5666666666666667
2026-03-02,0.1,0.3,-0.8722222222222222,0.8722222222222222
2026-03-03,0.1,0.3,-0.9944444444444445,0.9944444444444445
2026-03-04,0.1,0.3,0.5222222222222221,0.5222222222222221
2026-03-05,0.1,0.3,1.6222222222222222,1.6222222222222222
2026-03-06,0.1,0.3,0.9666666666666667,0.9666666666666667
2026-03-09,0.1,0.3,1.7555555555555555,1.7555555555555555
2026-03-10,0.1,0.3,1.4333333333333331,1.4333333333333331
2026-03-11,0.1,0.3,0.04999999999999993,0.04999999999999993
2026-03-12,0.1,0.3,1.3944444444444444,1.3944444444444444
2026-03-13,0.30000000000000004,0.3,0.09999999999999998,0.09999999999999998
2026-03-16,0.30000000000000004,0.3,1.8555555555555556,1.8555555555555556
2026-03-17,0.35,0.3,0.14444444444444438,0.14444444444444438
2026-03-18,0.35,0.3,0.0888888888888888,0.0888888888888888
2026-03-19,0.35,0.3,-1.8777777777777778,1.8777777777777778
2026-03-20,0.55,0.5,1.3666666666666667,1.3666666666666667
2026-03-23,0.55,0.5,1.9000000000000001,1.9000000000000001
2026-03-24,0.55,0.5,1.8,1.8
2026-03-25,0.55,0.5,1.9000000000000001,1.9000000000000001
2026-03-26,0.55,0.5,0.21111111111111114,0.21111111111111114
2026-03-27,0.55,0.5,1.988888888888889,1.988888888888889
2026-03-30,0.55,0.5,1.7222222222222223,1.7222222222222223
2026-03-31,0.55,0.5,-0.0888888888888889,0.0888888888888889
2026-04-01,0.55,0.5,1.3777777777777778,1.3777777777777778
2026-04-02,0.55,0.5,1.0444444444444445,1.0444444444444445
2026-04-03,0.55,0.5,0.25555555555555554,0.25555555555555554
2026-04-07,0.55,0.5,1.6666666666666667,1.6666666666666667
2026-04-08,0.55,0.5,0.2777777777777779,0.2777777777777779
2026-04-09,0.55,0.5,-0.011111111111111072,0.011111111111111072
2026-04-10,0.55,0.5,1.7333333333333334,1.7333333333333334
2026-04-13,0.55,0.5,1.9666666666666668,1.9666666666666668
2026-04-14,0.55,0.5,0.9777777777777777,0.9777777777777777
2026-04-15,0.55,0.5,1.488888888888889,1.488888888888889
2026-04-16,0.55,0.5,1.9000000000000001,1.9000000000000001
2026-04-17,0.55,0.5,1.4333333333333333,1.4333333333333333
2026-04-20,0.55,0.5,1.6222222222222222,1.6222222222222222
2026-04-21,0.55,0.5,0.033333333333333326,0.033333333333333326
2026-04-22,0.55,0.5,1.1888888888888889,1.1888888888888889
2026-04-23,0.55,0.5,1.5777777777777777,1.5777777777777777
2026-04-24,0.55,0.5,0.688888888888889,0.688888888888889
2026-04-27,0.55,0.5,1.5666666666666667,1.5666666666666667
2026-04-28,0.55,0.5,0.12222222222222223,0.12222222222222223
2026-04-29,0.55,0.5,1.8555555555555556,1.8555555555555556
2026-04-30,0.55,0.5,1.8444444444444446,1.8444444444444446
2026-05-06,0.55,0.5,1.9777777777777779,1.9777777777777779
2026-05-07,0.55,0.5,0.5666666666666667,0.5666666666666667
2026-05-08,0.55,0.5,0.011111111111111072,0.011111111111111072
2026-05-11,0.55,0.5,1.922222222222222,1.922222222222222
2026-05-12,0.55,0.5,0.7833333333333333,0.7833333333333333
2026-05-13,0.55,0.5,-0.05555555555555558,0.05555555555555558
2026-05-14,0.55,0.5,-0.3222222222222223,0.3222222222222223
2026-05-15,0.55,0.5,-0.15555555555555556,0.15555555555555556
2026-05-18,0.55,0.5,1.4,1.4
2026-05-19,0.55,0.5,-0.28888888888888886,0.28888888888888886
2026-05-20,0.55,0.5,0.12222222222222223,0.12222222222222223
2026-05-21,0.55,0.5,-0.28888888888888886,0.28888888888888886
2026-05-22,0.55,0.5,1.6444444444444444,1.6444444444444444
2026-05-25,0.55,0.5,-0.21111111111111114,0.21111111111111114
2026-05-26,0.55,0.5,-0.3111111111111112,0.3111111111111112
2026-05-27,0.55,0.5,-0.21666666666666679,0.21666666666666679
2026-05-28,0.15000000000000002,0.4,1.2222222222222223,1.2222222222222223
2026-05-29,0.55,0.5,0.8666666666666666,0.8666666666666666
2026-06-01,0.55,0.5,0.13333333333333341,0.13333333333333341
2026-06-02,0.55,0.5,-0.37777777777777777,0.37777777777777777
2026-06-03,0.55,0.5,-0.4111111111111111,0.4111111111111111
2026-06-04,0.55,0.5,-1.8333333333333335,1.8333333333333335
2026-06-05,0.55,0.5,1.2222222222222223,1.2222222222222223
2026-06-08,0.55,0.5,0.0,0.0
2026-06-09,0.55,0.5,1.4666666666666668,1.4666666666666668
2026-06-10,0.55,0.5,0.07777777777777783,0.07777777777777783
2026-06-11,0.55,0.5,1.6111111111111112,1.6111111111111112
2026-06-12,0.55,0.5,0.8222222222222222,0.8222222222222222
2026-06-15,0.55,0.5,0.1444444444444445,0.1444444444444445
2026-06-16,0.55,0.5,-0.29999999999999993,0.29999999999999993
2026-06-17,0.55,0.5,0.8166666666666667,0.8166666666666667
2026-06-18,0.55,0.5,-1.9666666666666668,1.9666666666666668
2026-06-22,0.55,0.5,0.7666666666666666,0.7666666666666666
2026-06-23,0.55,0.5,-0.4666666666666667,0.4666666666666667
2026-06-24,0.55,0.5,1.3888888888888888,1.3888888888888888
2026-06-25,0.55,0.5,-1.9666666666666668,1.9666666666666668
2026-06-26,0.55,0.5,-0.16666666666666663,0.16666666666666663
2026-06-29,0.55,0.5,1.0333333333333332,1.0333333333333332
2026-06-30,0.55,0.5,1.577777777777778,1.577777777777778
2026-07-01,0.55,0.5,0.7444444444444445,0.7444444444444445
2026-07-02,0.55,0.5,-0.0444444444444444,0.0444444444444444
2026-07-03,0.55,0.5,1.1111111111111112,1.1111111111111112
2026-07-06,0.55,0.5,-0.5444444444444445,0.5444444444444445
2026-07-07,0.55,0.5,-0.34444444444444444,0.34444444444444444
2026-07-08,0.55,0.5,-1.7666666666666666,1.7666666666666666
2026-07-09,0.2,0.3,-1.6444444444444446,1.6444444444444446
2026-07-10,0.2,0.3,-1.3222222222222222,1.3222222222222222
2026-07-13,0.2,0.3,-0.9333333333333333,0.9333333333333333
2026-07-14,0.2,0.3,-0.8722222222222222,0.8722222222222222
2026-07-15,0.2,0.3,-1.5333333333333332,1.5333333333333332
2026-07-16,0.2,0.3,-0.6333333333333333,0.6333333333333333
2026-07-17,0.2,0.3,-1.3333333333333333,1.3333333333333333
2026-07-20,0.35,0.5,-1.8444444444444446,1.8444444444444446
2026-07-21,0.35,0.5,-1.5333333333333334,1.5333333333333334
2026-07-22,0.35,0.5,-0.5944444444444443,0.5944444444444443
2026-07-23,0.35,0.5,-0.6222222222222222,0.6222222222222222
2026-07-24,0.35,0.5,-1.2722222222222221,1.2722222222222221
2026-07-27,0.35,0.5,-0.4388888888888889,0.4388888888888889
2026-07-28,0.35,0.5,-1.6666666666666667,1.6666666666666667
2026-07-29,0.35,0.5,-0.2333333333333334,0.2333333333333334
2026-07-30,0.35,0.5,-1.8444444444444446,1.8444444444444446
2026-07-31,0.35,0.5,-1.65,1.65
2026-08-03,0.35,0.5,-0.8555555555555556,0.8555555555555556
2026-08-04,0.35,0.5,-0.9666666666666668,0.9666666666666668
2026-08-05,0.35,0.5,-0.3222222222222222,0.3222222222222222
2026-08-06,0.35,0.5,-1.4333333333333331,1.4333333333333331
2026-08-07,0.35,0.5,-1.411111111111111,1.411111111111111
2026-08-10,0.35,0.5,-0.05555555555555558,0.05555555555555558
2026-08-11,0.35,0.5,-1.0888888888888888,1.0888888888888888
2026-08-12,0.4,0.3,-0.4222222222222223,0.4222222222222223
2026-08-13,0.4,0.3,-0.461111111111111,0.461111111111111
2026-08-14,0.35,0.5,0.6333333333333333,0.6333333333333333
2026-08-17,0.35,0.5,-1.1166666666666667,1.1166666666666667
2026-08-18,0.35,0.5,0.47777777777777786,0.47777777777777786
2026-08-19,0.35,0.5,-1.488888888888889,1.488888888888889
2026-08-20,0.35,0.5,-0.4444444444444444,0.4444444444444444
2026-08-21,0.35,0.5,1.0222222222222221,1.0222222222222221
2026-08-24,0.35,0.5,0.12777777777777777,0.12777777777777777
2026-08-25,0.35,0.5,-1.6666666666666667,1.6666666666666667
2026-08-26,0.35,0.5,-0.31666666666666665,0.31666666666666665
2026-08-27,0.35,0.5,-0.8111111111111111,0.8111111111111111
2026-08-28,0.35,0.5,1.1111111111111112,1.1111111111111112
2026-08-31,0.35,0.5,0.43333333333333324,0.43333333333333324
2026-09-01,0.35,0.5,-0.47777777777777775,0.47777777777777775
2026-09-02,0.35,0.5,-0.5444444444444444,0.5444444444444444
2026-09-03,0.35,0.5,-1.511111111111111,1.511111111111111
2026-09-04,0.35,0.5,-1.777777777777778,1.777777777777778
2026-09-07,0.35,0.5,-0.9555555555555556,0.9555555555555556
