date,eq_oneshot,eq_rolling,pos_oneshot,pos_rolling
2024-02-01,1.0,1.0,0.0,0.0
2024-02-02,1.0,1.0,0.0,0.0
2024-02-05,1.0,1.0,0.0,0.0
2024-02-06,1.0,1.0,0.0,0.0
2024-02-07,1.0,1.0,0.0,0.0
2024-02-08,1.0,1.0,0.0,0.0
2024-02-19,1.0,1.0,0.0,0.0
2024-02-20,1.0,1.0,0.0,0.0
2024-02-21,1.0,1.0,0.0,0.0
2024-02-22,1.0,1.0,0.0,0.0
2024-02-23,1.0139961592944466,1.0139961592944466,0.5,0.5
2024-02-26,1.0146149879929025,1.0146149879929025,1.0,1.0
2024-02-27,1.0344938648368145,1.0344938648368145,0.5,0.5
2024-02-28,1.038552340569341,1.038552340569341,1.0,1.0
2024-02-29,1.0689972603110074,1.0689972603110074,0.25,0.25
2024-03-01,1.0683819264981482,1.0683819264981482,0.5,0.5
2024-03-04,1.060355810182474,1.060355810182474,0.5,0.5
2024-03-05,1.0475080637583798,1.0475080637583798,0.25,0.25
2024-03-06,1.0532900499371132,1.0532900499371132,0.25,0.25
2024-03-07,1.0445448266570923,1.0445448266570923,0.5,0.5
2024-03-08,1.046162721103436,1.046162721103436,0.5,0.5
2024-03-11,1.060488886404491,1.060488886404491,0.5,0.5
2024-03-12,1.076127692948775,1.076127692948775,0.5,0.5
2024-03-13,1.0714454649904788,1.0714454649904788,0.5,0.5
2024-03-14,1.0583439365171965,1.0583439365171965,0.25,0.25
2024-03-15,1.0652863591928152,1.0652863591928152,0.25,0.25
2024-03-18,1.0695757849358343,1.0695757849358343,0.25,0.25
2024-03-19,1.0651119739828434,1.0651119739828434,0.25,0.25
2024-03-20,1.067825119330101,1.067825119330101,0.15,0.15
2024-03-21,1.068051898115926,1.068051898115926,0.15,0.15
2024-03-22,1.0639330631668609,1.0639330631668609,0.15,0.15
2024-03-25,1.0594230742786015,1.0594230742786015,0.075,0.075
2024-03-26,1.0599700922501643,1.0599700922501643,0.0525,0.0525
2024-03-27,1.057884212428041,1.057884212428041,0.175,0.175
2024-03-28,1.057350018599691,1.057350018599691,0.24499999999999997,0.24499999999999997
2024-03-29,1.0539110397888276,1.0539110397888276,0.24499999999999997,0.24499999999999997
2024-04-01,1.0732286654507799,1.0732286654507799,0.35,0.35
2024-04-02,1.0642459480037276,1.0642459480037276,0.5,0.5
2024-04-03,1.067631621825617,1.067631621825617,0.35,0.35
2024-04-08,1.073295694402056,1.073295694402056,0.35,0.35
2024-04-09,1.0754571754947804,1.0754571754947804,0.35,0.35
2024-04-10,1.0813695693241472,1.0813695693241472,0.35,0.35
2024-04-11,1.070039238319225,1.070039238319225,0.35,0.35
2024-04-12,1.0637753062976714,1.0637753062976714,0.0,0.0
2024-04-15,1.0637753062976714,1.0637753062976714,0.0,0.0
2024-04-16,1.0637753062976714,1.0637753062976714,0.0,0.0
2024-04-17,1.0637753062976714,1.0637753062976714,0.0,0.0
2024-04-18,1.0637753062976714,1.0637753062976714,0.0,0.0
2024-04-19,1.0637753062976714,1.0637753062976714,0.0,0.0
2024-04-22,1.0637753062976714,1.0637753062976714,0.0,0.0
2024-04-23,1.0637753062976714,1.0637753062976714,0.0,0.0
2024-04-24,1.0637753062976714,1.0637753062976714,0.0,0.0
2024-04-25,1.0637753062976714,1.0637753062976714,0.0,0.0
2024-04-26,1.0637753062976714,1.0637753062976714,0.0,0.0
2024-04-29,1.0191129347727355,1.0191129347727355,-0.7,-0.7
2024-04-30,1.0361337409771918,1.0361337409771918,-0.48999999999999994,-0.48999999999999994
2024-05-06,1.0318074121119818,1.0318074121119818,-0.48999999999999994,-0.48999999999999994
2024-05-07,1.0250675357103598,1.0250675357103598,-0.48999999999999994,-0.48999999999999994
2024-05-08,1.033247430793198,1.033247430793198,-0.48999999999999994,-0.48999999999999994
2024-05-09,1.0270374760648455,1.0270374760648455,0.0,0.0
2024-05-10,1.0270374760648455,1.0270374760648455,0.0,0.0
2024-05-13,1.0270374760648455,1.0270374760648455,0.0,0.0
2024-05-14,1.0270374760648455,1.0270374760648455,0.0,0.0
2024-05-15,1.0270374760648455,1.0270374760648455,0.0,0.0
2024-05-16,1.0276494008644943,1.0276494008644943,0.48999999999999994,0.48999999999999994
2024-05-17,1.0394607983306783,1.0394607983306783,0.48999999999999994,0.48999999999999994
2024-05-20,1.0374372316909803,1.0374372316909803,0.48999999999999994,0.48999999999999994
2024-05-21,1.0407996147905565,1.0407996147905565,0.48999999999999994,0.48999999999999994
2024-05-22,1.039380561384879,1.039380561384879,0.48999999999999994,0.48999999999999994
2024-05-23,1.03819615944499,1.03819615944499,0.48999999999999994,0.48999999999999994
2024-05-24,1.0451517517125897,1.0451517517125897,0.48999999999999994,0.48999999999999994
2024-05-27,1.0430488525976462,1.0430488525976462,0.0,0.0
2024-05-28,1.0430488525976462,1.0430488525976462,0.0,0.0
2024-05-29,1.0430488525976462,1.0430488525976462,0.0,0.0
2024-05-30,1.0430488525976462,1.0430488525976462,0.0,0.0
2024-05-31,1.0430488525976462,1.0430488525976462,0.0,0.0
2024-06-03,1.0430488525976462,1.0430488525976462,0.0,0.0
2024-06-04,1.0430488525976462,1.0430488525976462,0.0,0.0
2024-06-05,1.0430488525976462,1.0430488525976462,0.0,0.0
2024-06-06,1.0430488525976462,1.0430488525976462,0.0,0.0
2024-06-07,1.0430488525976462,1.0430488525976462,0.0,0.0
2024-06-11,1.0430488525976462,1.0430488525976462,0.0,0.0
2024-06-12,1.0430488525976462,1.0430488525976462,0.0,0.0
2024-06-13,1.0430488525976462,1.0430488525976462,0.0,0.0
2024-06-14,1.0430488525976462,1.0430488525976462,0.0,0.0
2024-06-17,1.0430488525976462,1.0430488525976462,0.0,0.0
2024-06-18,1.0430488525976462,1.0430488525976462,0.0,0.0
2024-06-19,1.0430488525976462,1.0430488525976462,0.0,0.0
2024-06-20,1.0430488525976462,1.0430488525976462,0.0,0.0
2024-06-21,1.0430488525976462,1.0430488525976462,0.0,0.0
2024-06-24,1.0430488525976462,1.0430488525976462,0.0,0.0
2024-06-25,1.0430488525976462,1.0430488525976462,0.0,0.0
2024-06-26,1.0430488525976462,1.0430488525976462,0.0,0.0
2024-06-27,1.0430488525976462,1.0430488525976462,0.0,0.0
2024-06-28,1.0430488525976462,1.0430488525976462,0.0,0.0
2024-07-01,1.0430488525976462,1.0430488525976462,0.0,0.0
2024-07-02,1.0430488525976462,1.0430488525976462,0.0,0.0
2024-07-03,1.0430488525976462,1.0430488525976462,0.0,0.0
2024-07-04,1.0430488525976462,1.0430488525976462,0.0,0.0
2024-07-05,1.0430488525976462,1.0430488525976462,0.0,0.0
2024-07-08,1.0430488525976462,1.0430488525976462,0.0,0.0
2024-07-09,1.0430488525976462,1.0430488525976462,0.0,0.0
2024-07-10,1.0430488525976462,1.0430488525976462,0.0,0.0
2024-07-11,1.0430488525976462,1.0430488525976462,0.0,0.0
2024-07-12,1.0430488525976462,1.0430488525976462,0.0,0.0
2024-07-15,1.0430488525976462,1.0430488525976462,0.0,0.0
2024-07-16,1.0430488525976462,1.0430488525976462,0.0,0.0
2024-07-17,1.0430488525976462,1.0430488525976462,0.0,0.0
2024-07-18,1.0430488525976462,1.0430488525976462,0.0,0.0
2024-07-19,1.0430488525976462,1.0430488525976462,0.0,0.0
2024-07-22,1.0430488525976462,1.0430488525976462,0.0,0.0
2024-07-23,1.0430488525976462,1.0430488525976462,0.0,0.0
2024-07-24,1.0430488525976462,1.0430488525976462,0.0,0.0
2024-07-25,1.0430488525976462,1.0430488525976462,0.0,0.0
2024-07-26,1.0430488525976462,1.0430488525976462,0.0,0.0
2024-07-29,1.0430488525976462,1.0430488525976462,0.0,0.0
2024-07-30,1.0430488525976462,1.0430488525976462,0.0,0.0
2024-07-31,1.0430488525976462,1.0430488525976462,0.0,0.0
2024-08-01,1.0430488525976462,1.0430488525976462,0.0,0.0
2024-08-02,1.0430488525976462,1.0430488525976462,0.0,0.0
2024-08-05,1.0430488525976462,1.0430488525976462,0.0,0.0
2024-08-06,1.0430488525976462,1.0430488525976462,0.0,0.0
2024-08-07,1.0430488525976462,1.0430488525976462,0.0,0.0
2024-08-08,1.0430488525976462,1.0430488525976462,0.0,0.0
2024-08-09,1.0430488525976462,1.0430488525976462,0.0,0.0
2024-08-12,1.0430488525976462,1.0430488525976462,0.0,0.0
2024-08-13,1.0430488525976462,1.0430488525976462,0.0,0.0
2024-08-14,1.0679214009473963,1.0845030998472296,-0.6,-1.0
2024-08-15,1.0770458097030664,1.0999465734509033,-0.6,-1.0
2024-08-16,1.0650321919952885,1.079498143258223,0.0,0.0
2024-08-19,1.0650321919952885,1.079498143258223,0.0,0.0
2024-08-20,1.0650321919952885,1.079498143258223,0.0,0.0
2024-08-21,1.0650321919952885,1.079498143258223,0.0,0.0
2024-08-22,1.0650321919952885,1.0951097336686444,0.0,-0.6
2024-08-23,1.0650321919952885,1.1134271755643652,0.0,-0.6
2024-08-26,1.0650321919952885,1.1043419757746775,0.0,-0.6
2024-08-27,1.0650321919952885,1.0978210791966196,0.0,0.0
2024-08-28,1.0650321919952885,1.0978210791966196,0.0,0.0
2024-08-29,1.0650321919952885,1.0978210791966196,0.0,0.0
2024-08-30,1.0650321919952885,1.0978210791966196,0.0,0.0
2024-09-02,1.0961034854796754,1.1298489570405368,-1.0,-1.0
2024-09-03,1.1004237830405323,1.1343022625521992,-1.0,-1.0
2024-09-04,1.1031578956529915,1.1371205496250356,0.0,0.0
2024-09-05,1.1271849745320623,1.1783985408181887,-0.6,-1.0
2024-09-06,1.1178381147029455,1.1621126512899627,-0.3,-0.5
2024-09-09,1.1198191548252854,1.1655451575396054,0.0,0.0
2024-09-10,1.1198191548252854,1.1655451575396054,0.0,0.0
2024-09-11,1.1634848423992963,1.210993862791005,0.5,0.5
2024-09-12,1.1527981708194226,1.199870818273981,0.5,0.5
2024-09-13,1.1525741099025995,1.199637608192271,0.0,0.0
2024-09-18,1.1525741099025995,1.208769033429846,0.0,-0.3
2024-09-19,1.1525741099025995,1.2068436070427222,0.0,-0.3
2024-09-20,1.1525741099025995,1.2006336395877801,0.0,0.0
2024-09-23,1.1525741099025995,1.2006336395877801,0.0,0.0
2024-09-24,1.1579831370118505,1.2062682099368902,0.3,0.3
2024-09-25,1.155708000447435,1.2038982057259466,0.3,0.3
2024-09-26,1.1555748576913867,1.2037595112416566,0.0,0.0
2024-09-27,1.1555748576913867,1.2037595112416566,0.0,0.0
2024-09-30,1.159157196319042,1.207491224654099,0.5,0.5
2024-10-08,1.1374844874520509,1.1849148166789965,0.5,0.5
2024-10-09,1.1323912609414235,1.179609215043353,0.0,0.0
2024-10-10,1.1323912609414235,1.179609215043353,0.0,0.0
2024-10-11,1.1323912609414235,1.179609215043353,0.0,0.0
2024-10-14,1.1323912609414235,1.179609215043353,0.0,0.0
2024-10-15,1.1323912609414235,1.179609215043353,0.0,0.0
2024-10-16,1.1323912609414235,1.179609215043353,0.0,0.0
2024-10-17,1.1323912609414235,1.179609215043353,0.0,0.0
2024-10-18,1.1323912609414235,1.1962551728288118,0.0,0.6
2024-10-21,1.1323912609414235,1.2153386347598423,0.0,0.6
2024-10-22,1.1323912609414235,1.2284740947662647,0.0,0.6
2024-10-23,1.1323912609414235,1.2434856203376483,0.0,0.6
2024-10-24,1.1323912609414235,1.2330746745605632,0.0,0.6
2024-10-25,1.1323912609414235,1.232511719585741,0.0,0.0
2024-10-28,1.1323912609414235,1.232511719585741,0.0,0.0
2024-10-29,1.1323912609414235,1.232511719585741,0.0,0.0
2024-10-30,1.1323912609414235,1.232511719585741,0.0,0.0
2024-10-31,1.1323912609414235,1.232511719585741,0.0,0.0
2024-11-01,1.1323912609414235,1.232511719585741,0.0,0.0
2024-11-04,1.1323912609414235,1.232511719585741,0.0,0.0
2024-11-05,1.1323912609414235,1.232511719585741,0.0,0.0
2024-11-06,1.1323912609414235,1.232511719585741,0.0,0.0
2024-11-07,1.1323912609414235,1.232511719585741,0.0,0.0
2024-11-08,1.1323912609414235,1.232511719585741,0.0,0.0
2024-11-11,1.19125717029474,1.2965822627491677,1.0,1.0
2024-11-12,1.1941986891160592,1.2997838561786716,1.0,1.0
2024-11-13,1.2388529354119207,1.348386211024789,0.5,0.5
2024-11-14,1.199660440478907,1.3057285086997243,0.5,0.5
2024-11-15,1.1915410976337943,1.2968912935452939,0.0,0.0
2024-11-18,1.1982350031200828,1.309034206285529,0.21,0.35
2024-11-19,1.2035051646224784,1.3211365496917393,0.21,0.5
2024-11-20,1.2038615162785726,1.3215636481315585,0.3,0.5
2024-11-21,1.2037791177536015,1.321412890349498,0.0,0.0
2024-11-22,1.2037791177536015,1.321412890349498,0.0,0.0
2024-11-25,1.2037791177536015,1.321412890349498,0.0,0.0
2024-11-26,1.2037791177536015,1.321412890349498,0.0,0.0
2024-11-27,1.2037791177536015,1.321412890349498,0.0,0.0
2024-11-28,1.2037791177536015,1.321412890349498,0.0,0.0
2024-11-29,1.2037791177536015,1.321412890349498,0.0,0.0
2024-12-02,1.2037791177536015,1.321412890349498,0.0,0.0
2024-12-03,1.2037791177536015,1.321412890349498,0.0,0.0
2024-12-04,1.2037791177536015,1.321412890349498,0.0,0.0
2024-12-05,1.2037791177536015,1.321412890349498,0.0,0.0
2024-12-06,1.2037791177536015,1.321412890349498,0.0,0.0
2024-12-09,1.2037791177536015,1.321412890349498,0.0,0.0
2024-12-10,1.2037791177536015,1.321412890349498,0.0,0.0
2024-12-11,1.2037791177536015,1.321412890349498,0.0,0.0
2024-12-12,1.2037791177536015,1.321412890349498,0.0,0.0
2024-12-13,1.2037791177536015,1.321412890349498,0.0,0.0
2024-12-16,1.2037791177536015,1.321412890349498,0.0,0.0
2024-12-17,1.2037791177536015,1.321412890349498,0.0,0.0
2024-12-18,1.2037791177536015,1.321412890349498,0.0,0.0
2024-12-19,1.2037791177536015,1.321412890349498,0.0,0.0
2024-12-20,1.2153269149249757,1.3340891428383028,1.0,1.0
2024-12-23,1.2043853908672544,1.3220784087121595,1.0,1.0
2024-12-24,1.196342421040948,1.3132494766859863,0.0,0.0
2024-12-25,1.196342421040948,1.3132494766859863,0.0,0.0
2024-12-26,1.196342421040948,1.3132494766859863,0.0,0.0
2024-12-27,1.196342421040948,1.3132494766859863,0.0,0.0
2024-12-30,1.212289978951919,1.3307554362780398,0.6,0.6
2024-12-31,1.2009153739933607,1.3182693004137451,0.6,0.6
2025-01-02,1.1980055052498528,1.3150750781430747,0.0,0.0
2025-01-03,1.1980055052498528,1.3150750781430747,0.0,0.0
2025-01-06,1.1980055052498528,1.3150750781430747,0.0,0.0
2025-01-07,1.1980055052498528,1.3150750781430747,0.0,0.0
2025-01-08,1.1980055052498528,1.3150750781430747,0.0,0.0
2025-01-09,1.1980055052498528,1.3150750781430747,0.0,0.0
2025-01-10,1.1980055052498528,1.3150750781430747,0.0,0.0
2025-01-13,1.1980055052498528,1.3150750781430747,0.0,0.0
2025-01-14,1.1980055052498528,1.3150750781430747,0.0,0.0
2025-01-15,1.1980055052498528,1.3150750781430747,0.0,0.0
2025-01-16,1.1980055052498528,1.3150750781430747,0.0,0.0
2025-01-17,1.1980055052498528,1.3150750781430747,0.0,0.0
2025-01-20,1.1980055052498528,1.3150750781430747,0.0,0.0
2025-01-21,1.1980055052498528,1.3150750781430747,0.0,0.0
2025-01-22,1.1980055052498528,1.3150750781430747,0.0,0.0
2025-01-23,1.1980055052498528,1.3150750781430747,0.0,0.0
2025-01-24,1.1980055052498528,1.3150750781430747,0.0,0.0
2025-01-27,1.1980055052498528,1.3150750781430747,0.0,0.0
2025-02-05,1.1980055052498528,1.3150750781430747,0.0,0.0
2025-02-06,1.1980055052498528,1.3150750781430747,0.0,0.0
2025-02-07,1.1980055052498528,1.3150750781430747,0.0,0.0
2025-02-10,1.1980055052498528,1.3150750781430747,0.0,0.0
2025-02-11,1.1980055052498528,1.3150750781430747,0.0,0.0
2025-02-12,1.1980055052498528,1.3150750781430747,0.0,0.0
2025-02-13,1.1980055052498528,1.3150750781430747,0.0,0.0
2025-02-14,1.1980055052498528,1.3150750781430747,0.0,0.0
2025-02-17,1.1980055052498528,1.3150750781430747,0.0,0.0
2025-02-18,1.1980055052498528,1.3150750781430747,0.0,0.0
2025-02-19,1.1980055052498528,1.3150750781430747,0.0,0.0
2025-02-20,1.1980055052498528,1.3150750781430747,0.0,0.0
2025-02-21,1.1980055052498528,1.3150750781430747,0.0,0.0
2025-02-24,1.1980055052498528,1.3150750781430747,0.0,0.0
2025-02-25,1.1980055052498528,1.3150750781430747,0.0,0.0
2025-02-26,1.1980055052498528,1.3150750781430747,0.0,0.0
2025-02-27,1.1980055052498528,1.3150750781430747,0.0,0.0
2025-02-28,1.1980055052498528,1.3150750781430747,0.0,0.0
2025-03-03,1.1980055052498528,1.3150750781430747,0.0,0.0
2025-03-04,1.1980055052498528,1.3150750781430747,0.0,0.0
2025-03-05,1.1980055052498528,1.3150750781430747,0.0,0.0
2025-03-06,1.1980055052498528,1.3150750781430747,0.0,0.0
2025-03-07,1.1980055052498528,1.3150750781430747,0.0,0.0
2025-03-10,1.1980055052498528,1.3150750781430747,0.0,0.0
2025-03-11,1.1980055052498528,1.3150750781430747,0.0,0.0
2025-03-12,1.1980055052498528,1.3150750781430747,0.0,0.0
2025-03-13,1.1980055052498528,1.3150750781430747,0.0,0.0
2025-03-14,1.1980055052498528,1.3150750781430747,0.0,0.0
2025-03-17,1.1980055052498528,1.3150750781430747,0.0,0.0
2025-03-18,1.1980055052498528,1.3150750781430747,0.0,0.0
2025-03-19,1.1980055052498528,1.3150750781430747,0.0,0.0
2025-03-20,1.1980055052498528,1.3150750781430747,0.0,0.0
2025-03-21,1.1980055052498528,1.3150750781430747,0.0,0.0
2025-03-24,1.1980055052498528,1.3150750781430747,0.0,0.0
2025-03-25,1.1980055052498528,1.3150750781430747,0.0,0.0
2025-03-26,1.1980055052498528,1.3150750781430747,0.0,0.0
2025-03-27,1.1980055052498528,1.3150750781430747,0.0,0.0
2025-03-28,1.1980055052498528,1.3150750781430747,0.0,0.0
2025-03-31,1.1980055052498528,1.3150750781430747,0.0,0.0
2025-04-01,1.1980055052498528,1.3150750781430747,0.0,0.0
2025-04-02,1.1980055052498528,1.3150750781430747,0.0,0.0
2025-04-03,1.1980055052498528,1.3150750781430747,0.0,0.0
2025-04-07,1.1980055052498528,1.3150750781430747,0.0,0.0
2025-04-08,1.1980055052498528,1.3150750781430747,0.0,0.0
2025-04-09,1.1980055052498528,1.3150750781430747,0.0,0.0
2025-04-10,1.1980055052498528,1.3150750781430747,0.0,0.0
2025-04-11,1.1980055052498528,1.3150750781430747,0.0,0.0
2025-04-14,1.1980055052498528,1.3150750781430747,0.0,0.0
2025-04-15,1.1980055052498528,1.3150750781430747,0.0,0.0
2025-04-16,1.1980055052498528,1.3150750781430747,0.0,0.0
2025-04-17,1.1980055052498528,1.3150750781430747,0.0,0.0
2025-04-18,1.1980055052498528,1.3150750781430747,0.0,0.0
2025-04-21,1.1980055052498528,1.3150750781430747,0.0,0.0
2025-04-22,1.1980055052498528,1.3150750781430747,0.0,0.0
2025-04-23,1.1980055052498528,1.3150750781430747,0.0,0.0
2025-04-24,1.1980055052498528,1.3150750781430747,0.0,0.0
2025-04-25,1.1980055052498528,1.3150750781430747,0.0,0.0
2025-04-28,1.1980055052498528,1.3150750781430747,0.0,0.0
2025-04-29,1.1980055052498528,1.3150750781430747,0.0,0.0
2025-04-30,1.1980055052498528,1.3150750781430747,0.0,0.0
2025-05-06,1.1980055052498528,1.3150750781430747,0.0,0.0
2025-05-07,1.1980055052498528,1.3150750781430747,0.0,0.0
2025-05-08,1.1980055052498528,1.3150750781430747,0.0,0.0
2025-05-09,1.1980055052498528,1.3150750781430747,0.0,0.0
2025-05-12,1.1980055052498528,1.3150750781430747,0.0,0.0
2025-05-13,1.1980055052498528,1.3150750781430747,0.0,0.0
2025-05-14,1.1980055052498528,1.3150750781430747,0.0,0.0
2025-05-15,1.1980055052498528,1.3150750781430747,0.0,0.0
2025-05-16,1.2361803313138302,1.3569803633435071,-1.0,-1.0
2025-05-19,1.2270018088367098,1.3469049120113201,0.0,0.0
2025-05-20,1.2270018088367098,1.3469049120113201,0.0,0.0
2025-05-21,1.2270018088367098,1.3469049120113201,0.0,0.0
2025-05-22,1.2270018088367098,1.3469049120113201,0.0,0.0
2025-05-23,1.2270018088367098,1.3469049120113201,0.0,0.0
2025-05-26,1.2270018088367098,1.3469049120113201,0.0,0.0
2025-05-27,1.2270018088367098,1.3469049120113201,0.0,0.0
2025-05-28,1.2270018088367098,1.3469049120113201,0.0,0.0
2025-05-29,1.1963624722048054,1.3132714872575246,1.0,1.0
2025-05-30,1.2154738476913918,1.334250433932901,1.0,1.0
2025-06-03,1.2183207143915313,1.3373754975755494,1.0,1.0
2025-06-04,1.2413910565857167,1.3627002827546277,1.0,1.0
2025-06-05,1.221395326388377,1.3407505618755822,1.0,1.0
2025-06-06,1.228424980410915,1.3484671564759385,1.0,1.0
2025-06-09,1.2337900286183676,1.3543564793210663,1.0,1.0
2025-06-10,1.2350448541786518,1.3557339269325468,1.0,1.0
2025-06-11,1.2549294113958802,1.377561610963793,1.0,1.0
2025-06-12,1.2292864159835861,1.3494127718742663,1.0,1.0
2025-06-13,1.2154262336451849,1.3341981670232235,1.0,1.0
2025-06-16,1.2150402272229681,1.3337744399004048,1.0,1.0
2025-06-17,1.2166663922134997,1.3355595143784649,1.0,1.0
2025-06-18,1.2170957760093233,1.3360308577290352,1.0,1.0
2025-06-19,1.2207620775620078,1.3400554317228643,1.0,1.0
2025-06-20,1.1972243964736013,1.3142176391075564,1.0,1.0
2025-06-23,1.2016953726325192,1.319125520829134,1.0,1.0
2025-06-24,1.2338376208605977,1.3544087222960743,1.0,1.0
2025-06-25,1.2374943689800135,1.3584228092913486,1.0,1.0
2025-06-26,1.2440645354516013,1.365635015035123,0.7,0.7
2025-06-27,1.2764714505373986,1.4012087467100394,1.0,1.0
2025-06-30,1.2555875015080376,1.3782840099025944,1.0,1.0
2025-07-01,1.2611665454391265,1.384408240218306,0.7,0.7
2025-07-02,1.2778084324989896,1.402676379078931,0.7,0.7
2025-07-03,1.2794888339246062,1.4045209899980131,0.7,0.7
2025-07-04,1.2682846779785564,1.3922219594912995,0.7,0.7
2025-07-07,1.273619838343295,1.3980784738418754,0.7,0.7
2025-07-08,1.2767018462743707,1.401461656809763,0.7,0.7
2025-07-09,1.2839663062412279,1.4094360026844004,0.7,0.7
2025-07-10,1.280895655097859,1.4060652862940164,0.7,0.7
2025-07-11,1.2822922277957896,1.4075983326296262,0.7,0.7
2025-07-14,1.3129760877512868,1.4412806315438462,0.7,0.7
2025-07-15,1.304535403171154,1.4320151199204383,0.0,0.0
2025-07-16,1.304535403171154,1.4320151199204383,0.0,0.0
2025-07-17,1.3175908923865285,1.446346396717471,1.0,1.0
2025-07-18,1.3560865870003669,1.4886039058696574,1.0,1.0
2025-07-21,1.3816885384560798,1.516707690170895,1.0,1.0
2025-07-22,1.4125699872524873,1.5506068863858882,1.0,1.0
2025-07-23,1.478921261376942,1.6234420333211368,-1.0,-1.0
2025-07-24,1.4334335238061975,1.5735092160024697,-0.15,-0.15
2025-07-25,1.4346773396036234,1.5748745779727007,0.105,0.105
2025-07-28,1.4208992369198374,1.5597500736326608,0.0525,0.0525
2025-07-29,1.4176284029404598,1.5561596124601755,0.0,0.0
2025-07-30,1.4176284029404598,1.5561596124601755,0.0,0.0
2025-07-31,1.4178448917705846,1.5563972566646018,-0.105,-0.105
2025-08-01,1.4164263178018706,1.554840059085306,-0.105,-0.105
2025-08-04,1.4161159550787594,1.5544993675938565,0.0,0.0
2025-08-05,1.4161159550787594,1.5544993675938565,0.0,0.0
2025-08-06,1.4182810633615843,1.5568760511163837,0.105,0.105
2025-08-07,1.417472633161515,1.555988620796681,-0.017499999999999995,-0.017499999999999995
2025-08-08,1.4158751510861483,1.5542350321396263,-0.017499999999999995,-0.017499999999999995
2025-08-11,1.4145840388626334,1.5528177519177995,-0.017499999999999995,-0.017499999999999995
2025-08-12,1.413985854037576,1.5521611122345016,-0.017499999999999995,-0.017499999999999995
2025-08-13,1.413209521507114,1.5513089161814047,-0.017499999999999995,-0.017499999999999995
2025-08-14,1.4131507043616447,1.5512443514011633,-0.017499999999999995,-0.017499999999999995
2025-08-15,1.4100624711894143,1.5478543348590874,-0.12249999999999998,-0.12249999999999998
2025-08-18,1.406074557363849,1.5434767205135762,-0.017499999999999995,-0.017499999999999995
2025-08-19,1.4065452584106746,1.5439934186532955,-0.017499999999999995,-0.017499999999999995
2025-08-20,1.4098126432439595,1.5475800936277644,-0.03674999999999999,-0.03674999999999999
2025-08-21,1.4086765712681308,1.5463330042480896,-0.03674999999999999,-0.03674999999999999
2025-08-22,1.411935449300325,1.549910341133493,-0.0525,-0.0525
2025-08-25,1.4129886735304757,1.551066486852939,-0.105,-0.105
2025-08-26,1.4132045802347497,1.5513034920459456,-0.07349999999999998,-0.07349999999999998
2025-08-27,1.4134059604154456,1.5515245511777314,-0.07349999999999998,-0.07349999999999998
2025-08-28,1.4143507421768395,1.5525616573873846,-0.07349999999999998,-0.07349999999999998
2025-08-29,1.415626796840811,1.5539624086189803,-0.07349999999999998,-0.07349999999999998
2025-09-01,1.4178126278300087,1.556361839878962,-0.07349999999999998,-0.07349999999999998
2025-09-02,1.423324537751755,1.5624123758233242,-0.105,-0.105
2025-09-03,1.4246038733827944,1.5638167286393905,-0.09,-0.09
2025-09-04,1.4245042300188164,1.5637073480863835,0.0,0.0
2025-09-05,1.4245042300188164,1.5637073480863835,0.0,0.0
2025-09-08,1.42246146862194,1.5614649672360008,-0.105,-0.105
2025-09-09,1.424845388213856,1.564081844395486,-0.07349999999999998,-0.07349999999999998
2025-09-10,1.4262357041170022,1.5656080225198445,-0.105,-0.105
2025-09-11,1.4256410962637076,1.5649553093514081,-0.105,-0.105
2025-09-12,1.4224332081285824,1.561433945116029,-0.21,-0.21
2025-09-15,1.4160666705135527,1.5544452669213993,-0.21,-0.21
2025-09-16,1.4139632661479742,1.5521363170473728,-0.21,-0.21
2025-09-17,1.4120832843017685,1.5500726226298827,-0.21,-0.21
2025-09-18,1.4151419990905496,1.5534302362403767,-0.21,-0.21
2025-09-19,1.3940756596372161,1.5303052857444244,-0.7,-0.7
2025-09-22,1.3961015552884048,1.5325291527217644,-0.48999999999999994,-0.48999999999999994
2025-09-23,1.3902207674797225,1.526073691997122,-0.7,-0.7
2025-09-24,1.395591949673681,1.531969748244349,-0.48999999999999994,-0.48999999999999994
2025-09-25,1.3779098504506082,1.5125597472755585,-0.7,-0.7
2025-09-26,1.3876618018463012,1.523264663227563,-0.48999999999999994,-0.48999999999999994
2025-09-29,1.3779919839777324,1.512649906923513,-0.48999999999999994,-0.48999999999999994
2025-09-30,1.3881827025883056,1.5238364665965745,-0.48999999999999994,-0.48999999999999994
2025-10-09,1.3831454061701527,1.5183069235755258,-0.48999999999999994,-0.48999999999999994
2025-10-10,1.3887010909094593,1.5244055120299738,-0.48999999999999994,-0.48999999999999994
2025-10-13,1.3866923872132997,1.5222005170123236,0.0,0.0
2025-10-14,1.3866923872132997,1.5222005170123236,0.0,0.0
2025-10-15,1.3866923872132997,1.5222005170123236,0.0,0.0
2025-10-16,1.3866923872132997,1.5222005170123236,0.0,0.0
2025-10-17,1.3866923872132997,1.5222005170123236,0.0,0.0
2025-10-20,1.3866923872132997,1.5222005170123236,0.0,0.0
2025-10-21,1.3866923872132997,1.5222005170123236,0.0,0.0
2025-10-22,1.3866923872132997,1.5222005170123236,0.0,0.0
2025-10-23,1.3866923872132997,1.5222005170123236,0.0,0.0
2025-10-24,1.3866923872132997,1.5222005170123236,0.0,0.0
2025-10-27,1.3907642530783868,1.5266702872239393,0.18,0.18
2025-10-28,1.3899754130878648,1.525804361476827,0.18,0.18
2025-10-29,1.3911646085153737,1.52710976555294,0.0,0.0
2025-10-30,1.3911646085153737,1.52710976555294,0.0,0.0
2025-10-31,1.399517319228402,1.5362787064680747,-0.18,-0.18
2025-11-03,1.3948598559906553,1.531166114076397,-0.18,-0.18
2025-11-04,1.4130984486733194,1.5511869892662582,-0.3,-0.3
2025-11-05,1.4099678669359539,1.5477504858404743,-0.3,-0.3
2025-11-06,1.407723544367976,1.5452868471814465,0.0,0.0
2025-11-07,1.407723544367976,1.5452868471814465,0.0,0.0
2025-11-10,1.407723544367976,1.5452868471814465,0.0,0.0
2025-11-11,1.407723544367976,1.5452868471814465,0.0,0.0
2025-11-12,1.407723544367976,1.5452868471814465,0.0,0.0
2025-11-13,1.407723544367976,1.5452868471814465,0.0,0.0
2025-11-14,1.407723544367976,1.5452868471814465,0.0,0.0
2025-11-17,1.4244316997740925,1.5636277301573913,0.15,0.15
2025-11-18,1.4207410460995908,1.5595764243427475,0.15,0.15
2025-11-19,1.4338504071109506,1.5739668373090252,0.15,0.15
2025-11-20,1.4331725299475804,1.5732227177205225,0.15,0.15
2025-11-21,1.4197497599274034,1.5584882692928423,0.0,0.0
2025-11-24,1.4197497599274034,1.5584882692928423,0.0,0.0
2025-11-25,1.4223442138083966,1.5613362542355946,0.045,0.045
2025-11-26,1.4230152445802764,1.5620728584005164,0.045,0.045
2025-11-27,1.4223556663441501,1.561348825917682,0.0,0.0
2025-11-28,1.4223556663441501,1.561348825917682,0.0,0.0
2025-12-01,1.4223556663441501,1.561348825917682,0.0,0.0
2025-12-02,1.4223556663441501,1.561348825917682,0.0,0.0
2025-12-03,1.4223556663441501,1.561348825917682,0.0,0.0
2025-12-04,1.4223556663441501,1.561348825917682,0.0,0.0
2025-12-05,1.4223556663441501,1.561348825917682,0.0,0.0
2025-12-08,1.4223556663441501,1.561348825917682,0.0,0.0
2025-12-09,1.4223556663441501,1.561348825917682,0.0,0.0
2025-12-10,1.4223556663441501,1.561348825917682,0.0,0.0
2025-12-11,1.4223556663441501,1.561348825917682,0.0,0.0
2025-12-12,1.4223556663441501,1.561348825917682,0.0,0.0
2025-12-15,1.4223556663441501,1.561348825917682,0.0,0.0
2025-12-16,1.4223556663441501,1.561348825917682,0.0,0.0
2025-12-17,1.473965841228968,1.6180023675518453,0.5,0.5
2025-12-18,1.4571792378232196,1.5995753706066456,0.5,0.5
2025-12-19,1.4540594448652402,1.5961507102440462,0.0,0.0
2025-12-22,1.4540594448652402,1.5961507102440462,0.0,0.0
2025-12-23,1.4760322873804423,1.6202707476404339,0.3,0.3
2025-12-24,1.4919341809927935,1.6377265806005037,0.3,0.3
2025-12-25,1.4725780257807661,1.6164789342278791,0.09,0.09
2025-12-26,1.4800243297019857,1.6246528939201867,0.09,0.09
2025-12-29,1.4734455505375479,1.6174312338478027,0.045,0.045
2025-12-30,1.4725060186045258,1.616399890481831,0.0,0.0
2025-12-31,1.4725060186045258,1.616399890481831,0.0,0.0
2026-01-05,1.4756295564497621,1.6198286616835547,0.075,0.075
2026-01-06,1.4823433088400084,1.6271984846188798,0.075,0.075
2026-01-07,1.4858716743284472,1.6310716433815837,0.075,0.075
2026-01-08,1.4879963753225542,1.633403970999121,0.075,0.075
2026-01-09,1.4853184275096851,1.630464333064371,0.0,0.0
2026-01-12,1.4840153858943228,1.6290339577057964,0.075,0.075
2026-01-13,1.4919226885922368,1.6377139651580088,0.075,0.075
2026-01-14,1.488556078120713,1.6340183681765967,0.075,0.075
2026-01-15,1.4882898319130735,1.633726104284,0.0,0.0
2026-01-16,1.4995938249318301,1.6461347279817429,-0.075,-0.075
2026-01-19,1.498772425126437,1.6452330606617427,-0.075,-0.075
2026-01-20,1.4955479287222535,1.6416934651906692,0.0,0.0
2026-01-21,1.4955479287222535,1.6416934651906692,0.0,0.0
2026-01-22,1.4955479287222535,1.6416934651906692,0.0,0.0
2026-01-23,1.4979562324929954,1.6443371093606016,0.045,0.045
2026-01-26,1.50075433115744,1.647408639335774,0.0,0.0
2026-01-27,1.50075433115744,1.647408639335774,0.0,0.0
2026-01-28,1.50075433115744,1.647408639335774,0.0,0.0
2026-01-29,1.50075433115744,1.647408639335774,0.0,0.0
2026-01-30,1.50075433115744,1.647408639335774,0.0,0.0
2026-02-02,1.50075433115744,1.647408639335774,0.0,0.0
2026-02-03,1.50075433115744,1.647408639335774,0.0,0.0
2026-02-04,1.50075433115744,1.647408639335774,0.0,0.0
2026-02-05,1.50075433115744,1.647408639335774,0.0,0.0
2026-02-06,1.50075433115744,1.647408639335774,0.0,0.0
2026-02-09,1.50075433115744,1.647408639335774,0.0,0.0
2026-02-10,1.50075433115744,1.647408639335774,0.0,0.0
2026-02-11,1.50075433115744,1.647408639335774,0.0,0.0
2026-02-12,1.50075433115744,1.647408639335774,0.0,0.0
2026-02-13,1.50075433115744,1.647408639335774,0.0,0.0
2026-02-24,1.50075433115744,1.647408639335774,0.0,0.0
2026-02-25,1.50075433115744,1.647408639335774,0.0,0.0
2026-02-26,1.50075433115744,1.647408639335774,0.0,0.0
2026-02-27,1.50075433115744,1.647408639335774,0.0,0.0
2026-03-02,1.50075433115744,1.647408639335774,0.0,0.0
2026-03-03,1.50075433115744,1.647408639335774,0.0,0.0
2026-03-04,1.50075433115744,1.647408639335774,0.0,0.0
2026-03-05,1.50075433115744,1.647408639335774,0.0,0.0
2026-03-06,1.50075433115744,1.647408639335774,0.0,0.0
2026-03-09,1.50075433115744,1.647408639335774,0.0,0.0
2026-03-10,1.50075433115744,1.647408639335774,0.0,0.0
2026-03-11,1.50075433115744,1.647408639335774,0.0,0.0
2026-03-12,1.5016621649586503,1.6484051870159273,0.25,0.25
2026-03-13,1.4899432962369923,1.6355411457971278,0.25,0.25
2026-03-16,1.5083354867828311,1.6557306284942437,0.25,0.25
2026-03-17,1.4981143535748094,1.6445106820972137,0.25,0.25
2026-03-18,1.4982808135635963,1.6446934086220941,0.0,0.0
2026-03-19,1.4982808135635963,1.6446934086220941,0.0,0.0
2026-03-20,1.4925471049413606,1.6383993997203037,0.25,0.25
2026-03-23,1.5062348697927241,1.6534247383791245,0.25,0.25
2026-03-24,1.5160908899619832,1.6642438927465035,0.25,0.25
2026-03-25,1.5312824277900474,1.6809199536734425,0.25,0.25
2026-03-26,1.5266726365196248,1.6758596917726345,0.25,0.25
2026-03-27,1.5545811891325743,1.7064954792105897,0.25,0.25
2026-03-30,1.5618850565465248,1.7145130834436724,0.25,0.25
2026-03-31,1.5285148042396088,1.677881876852498,0.25,0.25
2026-04-01,1.5338230982570826,1.6837088994657037,0.15,0.15
2026-04-02,1.5345769326586083,1.6845363988637856,0.15,0.15
2026-04-03,1.5375484735932075,1.682619408368563,0.0,0.15
2026-04-07,1.539318955088529,1.6886876241836999,0.15,0.25
2026-04-08,1.5375358818629437,1.685427466307706,0.15,0.25
2026-04-09,1.5368580735403856,1.6841891247322809,0.0,0.0
2026-04-10,1.5362302023608672,1.683042354545231,0.15,0.25
2026-04-13,1.549469794666226,1.7072171110070617,0.15,0.25
2026-04-14,1.549947212733674,1.7080938155166272,0.15,0.25
2026-04-15,1.5513373956926768,1.7127523955319992,0.0,0.25
2026-04-16,1.5513373956926768,1.7313296313222581,0.0,0.25
2026-04-17,1.5513373956926768,1.7309414805058605,0.0,0.5
2026-04-20,1.5513373956926768,1.7437850062413518,0.0,0.5
2026-04-21,1.5513373956926768,1.7153915417658268,0.0,0.5
2026-04-22,1.5513373956926768,1.7128708564071877,0.0,0.0
2026-04-23,1.5513373956926768,1.7128708564071877,0.0,0.0
2026-04-24,1.5513373956926768,1.7128708564071877,0.0,0.0
2026-04-27,1.5481709807628161,1.7093747375953097,0.3,0.3
2026-04-28,1.5431680151858722,1.7038508367622938,0.3,0.3
2026-04-29,1.5810125913754904,1.7456359905323637,1.0,1.0
2026-04-30,1.625560010917471,1.7948219231821292,1.0,1.0
2026-05-06,1.7133518915267392,1.8917551590741521,1.0,1.0
2026-05-07,1.7104291909651217,1.888528131460495,1.0,1.0
2026-05-08,1.6764569277812753,1.8510184964221266,0.0,0.0
2026-05-11,1.7129982412679168,1.8913646848785457,0.5,0.5
2026-05-12,1.7025301096435284,1.8798065559826433,1.0,1.0
2026-05-13,1.7072387087664012,1.8850054393683378,0.0,0.0
2026-05-14,1.7072387087664012,1.8850054393683378,0.0,0.0
2026-05-15,1.7072387087664012,1.8850054393683378,0.0,0.0
2026-05-18,1.7072387087664012,1.8850054393683378,0.0,0.0
2026-05-19,1.7072387087664012,1.8850054393683378,0.0,0.0
2026-05-20,1.7072387087664012,1.8850054393683378,0.0,0.0
2026-05-21,1.7072387087664012,1.8850054393683378,0.0,0.0
2026-05-22,1.7241417507657282,1.9036685155667596,0.3,0.3
2026-05-25,1.7150980622371061,1.893683150321191,0.3,0.3
2026-05-26,1.715798034158276,1.8944560070236751,0.0,0.0
2026-05-27,1.715798034158276,1.8944560070236751,0.0,0.0
2026-05-28,1.715798034158276,1.8944560070236751,0.0,0.0
2026-05-29,1.715798034158276,1.8944560070236751,0.0,0.0
2026-06-01,1.715798034158276,1.8944560070236751,0.0,0.0
2026-06-02,1.715798034158276,1.8944560070236751,0.0,0.0
2026-06-03,1.715798034158276,1.8944560070236751,0.0,0.0
2026-06-04,1.715798034158276,1.8944560070236751,0.0,0.0
2026-06-05,1.715798034158276,1.8944560070236751,0.0,0.0
2026-06-08,1.715798034158276,1.8944560070236751,0.0,0.0
2026-06-09,1.715798034158276,1.8944560070236751,0.0,0.0
2026-06-10,1.715798034158276,1.8944560070236751,0.0,0.0
2026-06-11,1.715798034158276,1.8944560070236751,0.0,0.0
2026-06-12,1.715798034158276,1.8944560070236751,0.0,0.0
2026-06-15,1.715798034158276,1.8944560070236751,0.0,0.0
2026-06-16,1.715798034158276,1.8944560070236751,0.0,0.0
2026-06-17,1.715798034158276,1.8944560070236751,0.0,0.0
2026-06-18,1.7699665965012406,1.9542648867866177,-0.5,-0.5
2026-06-22,1.7627802850537901,1.946330298554825,-0.5,-0.5
2026-06-23,1.7771692864242739,1.9622175589075608,0.0,0.0
2026-06-24,1.7771692864242739,1.9622175589075608,0.0,0.0
2026-06-25,1.827895023505041,2.0182251282194734,-0.5,-0.5
2026-06-26,1.831629924908329,2.0223489273253343,-0.5,-0.5
2026-06-29,1.836028011765952,2.0272049662652107,0.0,0.0
2026-06-30,1.836028011765952,2.0272049662652107,0.0,0.0
2026-07-01,1.836028011765952,2.0272049662652107,0.0,0.0
2026-07-02,1.836028011765952,2.0272049662652107,0.0,0.0
2026-07-03,1.836028011765952,2.0272049662652107,0.0,0.0
2026-07-06,1.836028011765952,2.0272049662652107,0.0,0.0
2026-07-07,1.836028011765952,2.0272049662652107,0.0,0.0
2026-07-08,1.836028011765952,2.0272049662652107,0.0,0.0
2026-07-09,1.836028011765952,2.0272049662652107,0.0,0.0
2026-07-10,1.836028011765952,2.0272049662652107,0.0,0.0
2026-07-13,1.836028011765952,2.0272049662652107,0.0,0.0
2026-07-14,1.836028011765952,2.0272049662652107,0.0,0.0
2026-07-15,1.836028011765952,2.0272049662652107,0.0,0.0
2026-07-16,1.836028011765952,2.0272049662652107,0.0,0.0
2026-07-17,1.836028011765952,2.0272049662652107,0.0,0.0
2026-07-20,1.836028011765952,2.0272049662652107,0.0,0.0
2026-07-21,1.836028011765952,2.0272049662652107,0.0,0.0
2026-07-22,1.836028011765952,2.0272049662652107,0.0,0.0
2026-07-23,1.836028011765952,2.0272049662652107,0.0,0.0
2026-07-24,1.836028011765952,2.0272049662652107,0.0,0.0
2026-07-27,1.836028011765952,2.0272049662652107,0.0,0.0
2026-07-28,1.836028011765952,2.0272049662652107,0.0,0.0
2026-07-29,1.836028011765952,2.0272049662652107,0.0,0.0
2026-07-30,1.8836718692085,2.0798097543188896,-0.6,-0.6
2026-07-31,1.909082630593256,2.1078664186756666,-0.6,-0.6
2026-08-03,1.8994968571974944,2.09728252381739,-0.6,-0.6
2026-08-04,1.8907816066237855,2.08765979522499,0.0,0.0
2026-08-05,1.8907816066237855,2.08765979522499,0.0,0.0
2026-08-06,1.8907816066237855,2.08765979522499,0.0,0.0
2026-08-07,1.8907816066237855,2.08765979522499,0.0,0.0
2026-08-10,1.8907816066237855,2.08765979522499,0.0,0.0
2026-08-11,1.8907816066237855,2.08765979522499,0.0,0.0
2026-08-12,1.8907816066237855,2.08765979522499,0.0,0.0
2026-08-13,1.8907816066237855,2.08765979522499,0.0,0.0
2026-08-14,1.8907816066237855,2.08765979522499,0.0,0.0
2026-08-17,1.8907816066237855,2.08765979522499,0.0,0.0
2026-08-18,1.8907816066237855,2.08765979522499,0.0,0.0
2026-08-19,1.8907816066237855,2.08765979522499,0.0,0.0
2026-08-20,1.8907816066237855,2.08765979522499,0.0,0.0
2026-08-21,1.8907816066237855,2.08765979522499,0.0,0.0
2026-08-24,1.8907816066237855,2.08765979522499,0.0,0.0
2026-08-25,1.8907816066237855,2.08765979522499,0.0,0.0
2026-08-26,1.8907816066237855,2.08765979522499,0.0,0.0
2026-08-27,1.8907816066237855,2.08765979522499,0.0,0.0
2026-08-28,1.8907816066237855,2.08765979522499,0.0,0.0
2026-08-31,1.8907816066237855,2.08765979522499,0.0,0.0
2026-09-01,1.8907816066237855,2.08765979522499,0.0,0.0
2026-09-02,1.8907816066237855,2.08765979522499,0.0,0.0
2026-09-03,1.8907816066237855,2.08765979522499,0.0,0.0
2026-09-04,1.8907816066237855,2.08765979522499,0.0,0.0
2026-09-07,1.8907816066237855,2.08765979522499,0.0,0.0
