date,close,P_fund,Total_Demand,n_f,n_c,n_f_minus_n_c,D_f,D_c,profit_f,profit_c,valid
2023-07-03,20155.0,20155.0,404800.0,0.0,0.0,0.0,0.0,0.0,0.0,0.0,1
2023-07-04,20085.0,20085.0,404800.0,0.0,0.0,0.0,0.0,0.0,0.0,0.0,1
2023-07-05,20070.0,20070.0,404800.0,0.0,0.0,0.0,0.0,0.0,0.0,0.0,1
2023-07-06,20090.0,20090.0,404800.0,0.0,0.0,0.0,0.0,0.0,0.0,0.0,1
2023-07-07,19965.0,19965.0,389230.0,0.0,0.0,0.0,0.0,0.0,0.0,0.0,1
2023-07-10,19935.0,19935.0,389230.0,0.0,0.0,0.0,0.0,0.0,0.0,0.0,1
2023-07-11,20220.0,20220.0,389230.0,0.0,0.0,0.0,0.0,0.0,0.0,0.0,1
2023-07-12,20025.0,20025.0,389230.0,0.0,0.0,0.0,0.0,0.0,0.0,0.0,1
2023-07-13,20535.0,20535.0,389230.0,0.0,0.0,0.0,0.0,0.0,0.0,0.0,1
2023-07-14,20450.0,20450.0,416025.0,0.0,0.0,0.0,0.0,0.0,0.0,0.0,1
2023-07-17,20195.0,20195.0,416025.0,0.0,0.0,0.0,0.0,0.0,0.0,0.0,1
2023-07-18,20245.0,20245.0,416025.0,0.0,0.0,0.0,0.0,0.0,0.0,0.0,1
2023-07-19,20185.0,20185.0,416025.0,0.0,0.0,0.0,0.0,0.0,0.0,0.0,1
2023-07-20,20150.0,20150.0,416025.0,0.0,0.0,0.0,0.0,0.0,0.0,0.0,1
2023-07-21,20200.0,20200.0,392845.0,0.0,0.0,0.0,0.0,0.0,0.0,0.0,1
2023-07-24,20015.0,20015.0,392845.0,0.0,0.0,0.0,0.0,0.0,0.0,0.0,1
2023-07-25,20475.0,20475.0,392845.0,0.0,0.0,0.0,0.0,0.0,0.0,0.0,1
2023-07-26,20665.0,20665.0,392845.0,0.0,0.0,0.0,0.0,0.0,0.0,0.0,1
2023-07-27,20735.0,20735.0,392845.0,0.0,0.0,0.0,0.0,0.0,0.0,0.0,1
2023-07-28,20645.0,20645.0,413495.0,0.0,0.0,0.0,0.0,0.0,0.0,0.0,1
2023-07-31,20890.0,20890.0,413495.0,0.0,0.0,0.0,0.0,0.0,0.0,0.0,1
2023-08-01,21175.0,21175.0,413495.0,0.0,0.0,0.0,0.0,0.0,0.0,0.0,1
2023-08-02,21055.0,21055.0,413495.0,0.0,0.0,0.0,0.0,0.0,0.0,0.0,1
2023-08-03,20800.0,20800.0,413495.0,0.0,0.0,0.0,0.0,0.0,0.0,0.0,1
2023-08-04,20970.0,20970.0,375955.0,0.0,0.0,0.0,0.0,0.0,0.0,0.0,1
2023-08-07,20875.0,20875.0,375955.0,0.0,0.0,0.0,0.0,0.0,0.0,0.0,1
2023-08-08,20840.0,20840.0,375955.0,0.0,0.0,0.0,0.0,0.0,0.0,0.0,1
2023-08-09,20820.0,20820.0,375955.0,0.0,0.0,0.0,0.0,0.0,0.0,0.0,1
2023-08-10,20950.0,20950.0,375955.0,0.0,0.0,0.0,0.0,0.0,0.0,0.0,1
2023-08-11,20655.0,20655.0,397575.0,0.0,0.0,0.0,0.0,0.0,0.0,0.0,1
2023-08-14,20330.0,20330.0,397575.0,0.0,0.0,0.0,0.0,0.0,0.0,0.0,1
2023-08-15,20495.0,20495.0,397575.0,0.0,0.0,0.0,0.0,0.0,0.0,0.0,1
2023-08-16,19880.0,19880.0,397575.0,0.0,0.0,0.0,0.0,0.0,0.0,0.0,1
2023-08-17,19990.0,19990.0,397575.0,0.0,0.0,0.0,0.0,0.0,0.0,0.0,1
2023-08-18,19895.0,19895.0,372820.0,0.0,0.0,0.0,0.0,0.0,0.0,0.0,1
2023-08-21,20220.0,20220.0,372820.0,0.0,0.0,0.0,0.0,0.0,0.0,0.0,1
2023-08-22,20170.0,20170.0,372820.0,0.0,0.0,0.0,0.0,0.0,0.0,0.0,1
2023-08-23,20245.0,20245.0,372820.0,0.0,0.0,0.0,0.0,0.0,0.0,0.0,1
2023-08-24,20410.0,20410.0,372820.0,0.0,0.0,0.0,0.0,0.0,0.0,0.0,1
2023-08-25,20650.0,20650.0,386325.0,0.0,0.0,0.0,0.0,0.0,0.0,0.0,1
2023-08-28,20615.0,20615.0,386325.0,0.0,0.0,0.0,0.0,0.0,0.0,0.0,1
2023-08-29,20745.0,20745.0,386325.0,0.0,0.0,0.0,0.0,0.0,0.0,0.0,1
2023-08-30,20975.0,20975.0,386325.0,0.0,0.0,0.0,0.0,0.0,0.0,0.0,1
2023-08-31,20960.0,20960.0,386325.0,0.0,0.0,0.0,0.0,0.0,0.0,0.0,1
2023-09-01,21260.0,21260.0,378905.0,0.0,0.0,0.0,0.0,0.0,0.0,0.0,1
2023-09-04,21220.0,21220.0,378905.0,0.0,0.0,0.0,0.0,0.0,0.0,0.0,1
2023-09-05,21180.0,21180.0,378905.0,0.0,0.0,0.0,0.0,0.0,0.0,0.0,1
2023-09-06,21385.0,21385.0,378905.0,0.0,0.0,0.0,0.0,0.0,0.0,0.0,1
2023-09-07,21370.0,21370.0,378905.0,0.0,0.0,0.0,0.0,0.0,0.0,0.0,1
2023-09-08,21250.0,21250.0,388675.0,0.0,0.0,0.0,0.0,0.0,0.0,0.0,1
2023-09-11,21480.0,21480.0,388675.0,0.0,0.0,0.0,0.0,0.0,0.0,0.0,1
2023-09-12,21760.0,21760.0,388675.0,0.0,0.0,0.0,0.0,0.0,0.0,0.0,1
2023-09-13,21575.0,21575.0,388675.0,0.0,0.0,0.0,0.0,0.0,0.0,0.0,1
2023-09-14,21950.0,21950.0,388675.0,0.0,0.0,0.0,0.0,0.0,0.0,0.0,1
2023-09-15,21915.0,21915.0,366245.0,0.0,0.0,0.0,0.0,0.0,0.0,0.0,1
2023-09-18,21835.0,21835.0,366245.0,0.0,0.0,0.0,0.0,0.0,0.0,0.0,1
2023-09-19,21710.0,21710.0,366245.0,0.0,0.0,0.0,0.0,0.0,0.0,0.0,1
2023-09-20,21605.0,21605.0,366245.0,0.0,0.0,0.0,0.0,0.0,0.0,0.0,1
2023-09-21,21670.0,21670.0,366245.0,0.0,0.0,0.0,0.0,0.0,0.0,0.0,1
2023-09-22,22055.0,21700.55593797226,384125.0,0.0,0.0,0.0,0.0,0.0,0.0,0.0,1
2023-09-25,21690.0,21345.066929984994,384125.0,0.0,0.0,0.0,0.0,0.0,0.0,0.0,1
2023-09-26,21850.0,21506.08122519152,384125.0,0.0,0.0,0.0,0.0,0.0,0.0,0.0,1
2023-09-27,21535.0,21199.440795704566,384125.0,0.0,0.0,0.0,0.0,0.0,0.0,0.0,1
2023-09-28,21570.0,20158.257648280352,312843.0,0.0,0.0,0.0,0.0,0.0,0.0,0.0,1
2023-10-09,21865.0,20494.872960016593,314355.0,0.0,0.0,0.0,0.0,0.0,0.0,0.0,1
2023-10-10,21200.0,19923.64055285465,314355.0,0.0,0.0,0.0,0.0,0.0,0.0,0.0,1
2023-10-11,21285.0,20050.10477601187,314355.0,0.0,0.0,0.0,0.0,0.0,0.0,0.0,1
2023-10-12,21320.0,20124.974073187448,314355.0,0.0,0.0,0.0,0.0,0.0,0.0,0.0,1
2023-10-13,21215.0,19621.978272517197,380925.0,0.0,0.0,0.0,0.0,0.0,0.0,0.0,1
2023-10-16,21315.0,19793.368061013356,380925.0,0.0,0.0,0.0,0.0,0.0,0.0,0.0,1
2023-10-17,20855.0,19432.985322266202,380925.0,0.0,0.0,0.0,0.0,0.0,0.0,0.0,1
2023-10-18,21150.0,19767.20993279998,380925.0,0.0,0.0,0.0,0.0,0.0,0.0,0.0,1
2023-10-19,21015.0,19693.254561743404,380925.0,0.0,0.0,0.0,0.0,0.0,0.0,0.0,1
2023-10-20,20900.0,19631.902371184777,355950.0,0.0,0.0,0.0,0.0,0.0,0.0,0.0,1
2023-10-23,20845.0,19621.93924695417,355950.0,0.0,0.0,0.0,0.0,0.0,0.0,0.0,1
2023-10-24,21085.0,19886.112304084072,355950.0,0.0,0.0,0.0,0.0,0.0,0.0,0.0,1
2023-10-25,21240.0,20067.458741562354,355950.0,0.0,0.0,0.0,0.0,0.0,0.0,0.0,1
2023-10-26,21105.0,19971.955669460556,355950.0,0.0,0.0,0.0,0.0,0.0,0.0,0.0,1
2023-10-27,21080.0,18983.862252137216,371795.0,0.0,0.0,0.0,0.0,0.0,0.0,0.0,1
2023-10-30,21300.0,19327.79074906291,371795.0,0.0,0.0,0.0,0.0,0.0,0.0,0.0,1
2023-10-31,21160.0,19319.25938208204,371795.0,0.0,0.0,0.0,0.0,0.0,0.0,0.0,1
2023-11-01,20925.0,19202.887929894656,371795.0,0.0,0.0,0.0,0.0,0.0,0.0,0.0,1
2023-11-02,21530.0,19844.338394939383,371795.0,0.0,0.0,0.0,0.0,0.0,0.0,0.0,1
2023-11-03,21455.0,19849.694385647188,346180.0,0.0,0.0,0.0,0.0,0.0,0.0,0.0,1
2023-11-06,21435.0,19896.49511102264,346180.0,0.0,0.0,0.0,0.0,0.0,0.0,0.0,1
2023-11-07,21520.0,20033.536832139034,346180.0,0.0,0.0,0.0,0.0,0.0,0.0,0.0,1
2023-11-08,21750.0,20300.2297594154,346180.0,0.0,0.0,0.0,0.0,0.0,0.0,0.0,1
2023-11-09,21715.0,20314.895831954447,346180.0,0.0,0.0,0.0,0.0,0.0,0.0,0.0,1
2023-11-10,21670.0,20315.6733273003,375249.0,0.0,0.0,0.0,0.0,0.0,0.0,0.0,1
2023-11-13,21600.0,20289.0704877761,375249.0,0.0,0.0,0.0,0.0,0.0,0.0,0.0,1
2023-11-14,21645.0,20367.229968075728,375249.0,0.0,0.0,0.0,0.0,0.0,0.0,0.0,1
2023-11-15,21880.0,20621.811307713237,375249.0,0.0,0.0,0.0,0.0,0.0,0.0,0.0,1
2023-11-16,21640.0,20426.24933083106,375249.0,0.0,0.0,0.0,0.0,0.0,0.0,0.0,1
2023-11-17,21430.0,19814.568706881648,362670.0,0.0,0.0,0.0,0.0,0.0,0.0,0.0,1
2023-11-20,21405.0,19851.21718474343,362670.0,0.0,0.0,0.0,0.0,0.0,0.0,0.0,1
2023-11-21,21180.0,19695.556976201293,362670.0,0.0,0.0,0.0,0.0,0.0,0.0,0.0,1
2023-11-22,20920.0,19501.060775409194,362670.0,0.0,0.0,0.0,0.0,0.0,0.0,0.0,1
2023-11-23,20935.0,19558.050419552867,362670.0,0.0,0.0,0.0,0.0,0.0,0.0,0.0,1
2023-11-24,21080.0,19355.296252696695,348720.0,0.0,0.0,0.0,0.0,0.0,0.0,0.0,1
2023-11-27,21190.0,19526.270613512723,348720.0,0.0,0.0,0.0,0.0,0.0,0.0,0.0,1
2023-11-28,21175.0,19574.526554652828,348720.0,0.0,0.0,0.0,0.0,0.0,0.0,0.0,1
2023-11-29,20920.0,19393.727992555367,348720.0,0.0,0.0,0.0,0.0,0.0,0.0,0.0,1
2023-11-30,20765.0,19299.2357341786,348720.0,0.0,0.0,0.0,0.0,0.0,0.0,0.0,1
2023-12-01,20620.0,18889.557272298156,372870.0,0.0,0.0,0.0,0.0,0.0,0.0,0.0,1
2023-12-04,20760.0,19087.81829628223,372870.0,0.0,0.0,0.0,0.0,0.0,0.0,0.0,1
2023-12-05,20410.0,18827.14823523566,372870.0,0.0,0.0,0.0,0.0,0.0,0.0,0.0,1
2023-12-06,20695.0,19145.590532335285,372870.0,0.0,0.0,0.0,0.0,0.0,0.0,0.0,1
2023-12-07,20685.0,19186.458002982636,372870.0,0.0,0.0,0.0,0.0,0.0,0.0,0.0,1
2023-12-08,20725.0,19269.18975520539,356830.0,0.0,0.0,0.0,0.0,0.0,0.0,0.0,1
2023-12-11,20640.0,19231.69102600114,356830.0,0.0,0.0,0.0,0.0,0.0,0.0,0.0,1
2023-12-12,20880.0,19493.908388293825,356830.0,0.0,0.0,0.0,0.0,0.0,0.0,0.0,1
2023-12-13,20655.0,19319.073879693082,356830.0,0.0,0.0,0.0,0.0,0.0,0.0,0.0,1
2023-12-14,20825.0,19510.98927607279,356830.0,0.0,0.0,0.0,0.0,0.0,0.0,0.0,1
2023-12-15,20870.0,19451.828434584888,381600.0,0.0,0.0,0.0,0.0,0.0,0.0,0.0,1
2023-12-18,20855.0,19474.689688875787,381600.0,0.0,0.0,0.0,0.0,0.0,0.0,0.0,1
2023-12-19,20885.0,19536.859345633395,381600.0,0.0,0.0,0.0,0.0,0.0,0.0,0.0,1
2023-12-20,21230.0,19891.85228653993,381600.0,0.0,0.0,0.0,0.0,0.0,0.0,0.0,1
2023-12-21,21165.0,19860.940248439147,381600.0,0.0,0.0,0.0,0.0,0.0,0.0,0.0,1
2023-12-22,21235.0,19954.77200428464,353140.0,0.0,0.0,0.0,0.0,0.0,0.0,0.0,1
2023-12-25,21315.0,20056.448695443905,353140.0,0.0,0.0,0.0,0.0,0.0,0.0,0.0,1
2023-12-26,21440.0,20199.136697467755,353140.0,0.0,0.0,0.0,0.0,0.0,0.0,0.0,1
2023-12-27,21455.0,20236.91864218337,353140.0,0.0,0.0,0.0,0.0,0.0,0.0,0.0,1
2023-12-28,21530.0,20330.084694720932,353140.0,0.0,0.0,0.0,0.0,0.0,0.0,0.0,1
2023-12-29,21545.0,19890.709969301268,298105.0,0.0,0.0,0.0,0.0,0.0,0.0,0.0,1
2024-01-02,21635.0,20022.452404663207,298105.0,0.0,0.0,0.0,0.0,0.0,0.0,0.0,1
2024-01-03,21645.0,20076.337052783554,298105.0,0.0,0.0,0.0,0.0,0.0,0.0,0.0,1
2024-01-04,21310.0,19806.094493514076,298105.0,0.0,0.0,0.0,0.0,0.0,0.0,0.0,1
2024-01-05,21250.0,19787.674091040688,336475.0,0.0,0.0,0.0,0.0,0.0,0.0,0.0,1
2024-01-08,21235.0,19808.36577360157,336475.0,0.0,0.0,0.0,0.0,0.0,0.0,0.0,1
2024-01-09,21220.0,19826.652295683663,336475.0,0.0,0.0,0.0,0.0,0.0,0.0,0.0,1
2024-01-10,21080.0,19725.82403519751,336475.0,0.0,0.0,0.0,0.0,0.0,0.0,0.0,1
2024-01-11,21215.0,19880.440917735647,336475.0,0.0,0.0,0.0,0.0,0.0,0.0,0.0,1
2024-01-12,21135.0,19831.968435703533,334995.0,0.0,0.0,0.0,0.0,0.0,0.0,0.0,1
2024-01-15,21225.0,19941.49541264464,334995.0,0.0,0.0,0.0,0.0,0.0,0.0,0.0,1
2024-01-16,21180.0,19922.85164344234,334995.0,0.0,0.0,0.0,0.0,0.0,0.0,0.0,1
2024-01-17,21100.0,19869.88673413489,334995.0,0.0,0.0,0.0,0.0,0.0,0.0,0.0,1
2024-01-18,20770.0,19579.930838900873,334995.0,0.0,0.0,0.0,0.0,0.0,0.0,0.0,1
2024-01-19,20675.0,19323.787604475147,308800.0,0.0,0.0,0.0,0.0,0.0,0.0,0.0,1
2024-01-22,20685.0,19360.55295962771,308800.0,0.0,0.0,0.0,0.0,0.0,0.0,0.0,1
2024-01-23,20885.0,19573.810018005246,308800.0,0.0,0.0,0.0,0.0,0.0,0.0,0.0,1
2024-01-24,21250.0,19940.918742293376,308800.0,0.0,0.0,0.0,0.0,0.0,0.0,0.0,1
2024-01-25,21370.0,20077.324686058953,308800.0,0.0,0.0,0.0,0.0,0.0,0.0,0.0,1
2024-01-26,21410.0,20137.498261478235,300005.0,0.0,0.0,0.0,0.0,0.0,0.0,0.0,1
2024-01-29,21395.0,20144.823680786267,300005.0,0.0,0.0,0.0,0.0,0.0,0.0,0.0,1
2024-01-30,21275.0,20052.10513952857,300005.0,0.0,0.0,0.0,0.0,0.0,0.0,0.0,1
2024-01-31,21295.0,20090.281551473927,300005.0,0.0,0.0,0.0,0.0,0.0,0.0,0.0,1
2024-02-01,20880.0,19716.837248106185,300005.0,0.0,0.0,0.0,0.0,0.0,0.0,0.0,1
2024-02-02,20715.0,19493.87391456615,176660.0,0.0,0.0,0.0,0.0,0.0,0.0,0.0,1
2024-02-05,20535.0,19343.962923251867,176660.0,0.0,0.0,0.0,0.0,0.0,0.0,0.0,1
2024-02-06,20565.0,19390.815963765475,176660.0,0.0,0.0,0.0,0.0,0.0,0.0,0.0,1
2024-02-07,20565.0,19408.564564867014,176660.0,0.0,0.0,0.0,0.0,0.0,0.0,0.0,1
2024-02-08,20515.0,19378.301175642966,5290.0,0.0,0.0,0.0,0.0,0.0,0.0,0.0,1
2024-02-19,20265.0,19158.155970384614,6800.0,0.0,0.0,0.0,0.0,0.0,0.0,0.0,1
2024-02-20,20260.0,19168.761765133837,6800.0,0.0,0.0,0.0,0.0,0.0,0.0,0.0,1
2024-02-21,20420.0,19334.971656413138,6800.0,0.0,0.0,0.0,0.0,0.0,0.0,0.0,1
2024-02-22,20385.0,19316.049890384253,6800.0,0.0,0.0,0.0,0.0,0.0,0.0,0.0,1
2024-02-23,20395.0,19339.204250179635,270800.0,0.0,0.0,0.0,0.0,0.0,0.0,0.0,1
2024-02-26,20530.0,19480.46897227908,270800.0,0.0,0.0,0.0,0.0,0.0,0.0,0.0,1
2024-02-27,20670.0,19626.167788860446,270800.0,0.0,0.0,0.0,0.0,0.0,0.0,0.0,1
2024-02-28,20540.0,19515.05187099101,270800.0,0.0,0.0,0.0,0.0,0.0,0.0,0.0,1
2024-02-29,20635.0,19617.256027607655,270800.0,0.0,0.0,0.0,0.0,0.0,0.0,0.0,1
2024-03-01,20595.0,19212.401826453304,318515.0,0.0,0.0,0.0,0.0,0.0,0.0,0.0,1
2024-03-04,20650.0,19288.820448607163,318515.0,0.0,0.0,0.0,0.0,0.0,0.0,0.0,1
2024-03-05,20685.0,19345.34623723979,318515.0,0.0,0.0,0.0,0.0,0.0,0.0,0.0,1
2024-03-06,20800.0,19475.648018245374,318515.0,0.0,0.0,0.0,0.0,0.0,0.0,0.0,1
2024-03-07,21070.0,19750.37117573419,318515.0,0.0,0.0,0.0,0.0,0.0,0.0,0.0,1
2024-03-08,21315.0,20001.14243343818,365815.0,0.0,0.0,0.0,0.0,0.0,0.0,0.0,1
2024-03-11,21235.0,19946.14136321837,365815.0,0.0,0.0,0.0,0.0,0.0,0.0,0.0,1
2024-03-12,21360.0,20082.83841373222,365815.0,0.0,0.0,0.0,0.0,0.0,0.0,0.0,1
2024-03-13,21390.0,20129.517783843046,365815.0,0.0,0.0,0.0,0.0,0.0,0.0,0.0,1
2024-03-14,21410.0,20166.049909742636,365815.0,0.0,0.0,0.0,0.0,0.0,0.0,0.0,1
2024-03-15,21485.0,20253.736095259224,348200.0,0.0,0.0,0.0,0.0,0.0,0.0,0.0,1
2024-03-18,21340.0,20133.298675738228,348200.0,0.0,0.0,0.0,0.0,0.0,0.0,0.0,1
2024-03-19,21130.0,19950.640579633313,348200.0,0.0,0.0,0.0,0.0,0.0,0.0,0.0,1
2024-03-20,21195.0,20026.939283953736,348200.0,0.0,0.0,0.0,0.0,0.0,0.0,0.0,1
2024-03-21,21525.0,20353.351528777574,348200.0,0.0,0.0,0.0,0.0,0.0,0.0,0.0,1
2024-03-22,21230.0,20088.287990354605,378410.0,0.0,0.0,0.0,0.0,0.0,0.0,0.0,1
2024-03-25,21145.0,20021.195555643044,378410.0,0.0,0.0,0.0,0.0,0.0,0.0,0.0,1
2024-03-26,21025.0,19920.377498410202,378410.0,0.0,0.0,0.0,0.0,0.0,0.0,0.0,1
2024-03-27,20795.0,19714.69935897009,378410.0,0.0,0.0,0.0,0.0,0.0,0.0,0.0,1
2024-03-28,20880.0,19811.06339375212,378410.0,0.0,0.0,0.0,0.0,0.0,0.0,0.0,1
2024-03-29,20945.0,19498.459588126647,382815.0,0.0,0.0,0.0,0.0,0.0,0.0,0.0,1
2024-04-01,21045.0,19620.727900587925,382815.0,0.0,0.0,0.0,0.0,0.0,0.0,0.0,1
2024-04-02,21115.0,19713.912663540195,382815.0,0.0,0.0,0.0,0.0,0.0,0.0,0.0,1
2024-04-03,21270.0,19884.81286784584,333860.0,0.0,0.0,0.0,0.0,0.0,0.0,0.0,1
2024-04-08,21725.0,20335.78943725705,333860.0,0.0,0.0,0.0,0.0,0.0,0.0,0.0,1
2024-04-09,21840.0,20468.118716841112,333860.0,0.0,0.0,0.0,0.0,0.0,0.0,0.0,1
2024-04-10,22605.0,21209.59230462967,333860.0,0.0,0.0,0.0,0.0,0.0,0.0,0.0,1
2024-04-11,22870.0,21482.08670593199,333860.0,0.0,0.0,0.0,0.0,0.0,0.0,0.0,1
2024-04-12,23045.0,21669.597170802714,383780.0,0.0,0.0,0.0,0.0,0.0,0.0,0.0,1
2024-04-15,22800.0,21461.267263344438,383780.0,0.0,0.0,0.0,0.0,0.0,0.0,0.0,1
2024-04-16,22280.0,20992.57813768532,383780.0,0.0,0.0,0.0,0.0,0.0,0.0,0.0,1
2024-04-17,22585.0,21300.287689909022,383780.0,0.0,0.0,0.0,0.0,0.0,0.0,0.0,1
2024-04-18,22840.0,21560.65229886324,383780.0,0.0,0.0,0.0,0.0,0.0,0.0,0.0,1
2024-04-19,22740.0,21174.272738072537,365370.0,0.0,0.0,0.0,0.0,0.0,0.0,0.0,1
2024-04-22,22535.0,21013.139745357796,365370.0,0.0,0.0,0.0,0.0,0.0,0.0,0.0,1
2024-04-23,22270.0,20794.115961531246,365370.0,0.0,0.0,0.0,0.0,0.0,0.0,0.0,1
2024-04-24,22555.0,21087.42989056894,365370.0,0.0,0.0,0.0,0.0,0.0,0.0,0.0,1
2024-04-25,22770.0,21314.743686200498,365370.0,0.0,0.0,0.0,0.0,0.0,0.0,0.0,1
2024-04-26,22910.0,21471.179006571223,384595.0,0.0,0.0,0.0,0.0,0.0,0.0,0.0,1
2024-04-29,23015.0,21594.072231259666,384595.0,0.0,0.0,0.0,0.0,0.0,0.0,0.0,1
2024-04-30,23515.0,21907.857521875958,384595.0,0.0,0.0,0.0,0.0,0.0,0.0,0.0,1
2024-05-06,23305.0,21742.162188300565,335660.0,0.0,0.0,0.0,0.0,0.0,0.0,0.0,1
2024-05-07,23275.0,21742.76351888677,335660.0,0.0,0.0,0.0,0.0,0.0,0.0,0.0,1
2024-05-08,23120.0,21624.049491316742,335660.0,0.0,0.0,0.0,0.0,0.0,0.0,0.0,1
2024-05-09,23185.0,21709.92114971255,335660.0,0.0,0.0,0.0,0.0,0.0,0.0,0.0,1
2024-05-10,23720.0,22235.510759599958,382290.0,0.0,0.0,0.0,0.0,0.0,0.0,0.0,1
2024-05-13,23535.0,22085.57015910819,382290.0,0.0,0.0,0.0,0.0,0.0,0.0,0.0,1
2024-05-14,23720.0,22281.942111418637,382290.0,0.0,0.0,0.0,0.0,0.0,0.0,0.0,1
2024-05-15,23940.0,22510.72780400158,382290.0,0.0,0.0,0.0,0.0,0.0,0.0,0.0,1
2024-05-16,23600.0,22212.0451523248,382290.0,0.0,0.0,0.0,0.0,0.0,0.0,0.0,1
2024-05-17,23880.0,22271.048914641528,370150.0,0.0,0.0,0.0,0.0,0.0,0.0,0.0,1
2024-05-20,24260.0,22653.720265810945,370150.0,0.0,0.0,0.0,0.0,0.0,0.0,0.0,1
2024-05-21,24810.0,23194.986551143546,370150.0,0.0,0.0,0.0,0.0,0.0,0.0,0.0,1
2024-05-22,24920.0,23324.477413134293,370150.0,0.0,0.0,0.0,0.0,0.0,0.0,0.0,1
2024-05-23,24345.0,22811.27625538286,370150.0,0.0,0.0,0.0,0.0,0.0,0.0,0.0,1
2024-05-24,24725.0,23191.710297904432,371630.0,0.0,0.0,0.0,0.0,0.0,0.0,0.0,1
2024-05-27,24690.0,23182.28362902649,371630.0,0.0,0.0,0.0,0.0,0.0,0.0,0.0,1
2024-05-28,24795.0,23303.49035597684,371630.0,0.0,0.0,0.0,0.0,0.0,0.0,0.0,1
2024-05-29,25350.0,23847.379346912014,371630.0,0.0,0.0,0.0,0.0,0.0,0.0,0.0,1
2024-05-30,24710.0,23266.245058188997,371630.0,0.0,0.0,0.0,0.0,0.0,0.0,0.0,1
2024-05-31,24890.0,23127.420494473863,388945.0,0.0,0.0,0.0,0.0,0.0,0.0,0.0,1
2024-06-03,24180.0,22498.498739388284,388945.0,0.0,0.0,0.0,0.0,0.0,0.0,0.0,1
2024-06-04,24390.0,22723.534964889946,388945.0,0.0,0.0,0.0,0.0,0.0,0.0,0.0,1
2024-06-05,24040.0,22426.044600449648,388945.0,0.0,0.0,0.0,0.0,0.0,0.0,0.0,1
2024-06-06,24085.0,22495.425364530132,388945.0,0.0,0.0,0.0,0.0,0.0,0.0,0.0,1
2024-06-07,24165.0,22495.022319562664,362320.0,0.0,0.0,0.0,0.0,0.0,0.0,0.0,1
2024-06-11,23695.0,22086.24379343496,362320.0,0.0,0.0,0.0,0.0,0.0,0.0,0.0,1
2024-06-12,23555.0,21983.055024372876,362320.0,0.0,0.0,0.0,0.0,0.0,0.0,0.0,1
2024-06-13,23695.0,22140.605771893992,362320.0,0.0,0.0,0.0,0.0,0.0,0.0,0.0,1
2024-06-14,23520.0,22002.659618008714,375375.0,0.0,0.0,0.0,0.0,0.0,0.0,0.0,1
2024-06-17,23195.0,21722.81521097581,375375.0,0.0,0.0,0.0,0.0,0.0,0.0,0.0,1
2024-06-18,23410.0,21947.608945094362,375375.0,0.0,0.0,0.0,0.0,0.0,0.0,0.0,1
2024-06-19,23835.0,22368.996442005817,375375.0,0.0,0.0,0.0,0.0,0.0,0.0,0.0,1
2024-06-20,23840.0,22395.758255937613,375375.0,0.0,0.0,0.0,0.0,0.0,0.0,0.0,1
2024-06-21,23780.0,22172.99046966031,328670.0,0.0,0.0,0.0,0.0,0.0,0.0,0.0,1
2024-06-24,23655.0,22083.500932068786,328670.0,0.0,0.0,0.0,0.0,0.0,0.0,0.0,1
2024-06-25,23660.0,22114.07961657954,328670.0,0.0,0.0,0.0,0.0,0.0,0.0,0.0,1
2024-06-26,24130.0,22578.6940180771,328670.0,0.0,0.0,0.0,0.0,0.0,0.0,0.0,1
2024-06-27,24120.0,22593.620216795003,328670.0,0.0,0.0,0.0,0.0,0.0,0.0,0.0,1
2024-06-28,24665.0,22987.49860371952,340220.0,0.0,0.0,0.0,0.0,0.0,0.0,0.0,1
2024-07-01,24375.0,22745.0785136274,340220.0,0.0,0.0,0.0,0.0,0.0,0.0,0.0,1
2024-07-02,24450.0,22841.798589315786,340220.0,0.0,0.0,0.0,0.0,0.0,0.0,0.0,1
2024-07-03,24555.0,22966.77154139578,340220.0,0.0,0.0,0.0,0.0,0.0,0.0,0.0,1
2024-07-04,24670.0,23100.229471885086,340220.0,0.0,0.0,0.0,0.0,0.0,0.0,0.0,1
2024-07-05,24655.0,22975.917120408147,330900.0,0.0,0.0,0.0,0.0,0.0,0.0,0.0,1
2024-07-08,24370.0,22739.046737485794,330900.0,0.0,0.0,0.0,0.0,0.0,0.0,0.0,1
2024-07-09,24410.0,22803.891160746763,330900.0,0.0,0.0,0.0,0.0,0.0,0.0,0.0,1
2024-07-10,24120.0,22559.54036768528,330900.0,0.0,0.0,0.0,0.0,0.0,0.0,0.0,1
2024-07-11,24490.0,22931.469928214745,330900.0,0.0,0.0,0.0,0.0,0.0,0.0,0.0,1
2024-07-12,24160.0,22477.560463140133,353525.0,0.0,0.0,0.0,0.0,0.0,0.0,0.0,1
2024-07-15,24235.0,22577.64321640767,353525.0,0.0,0.0,0.0,0.0,0.0,0.0,0.0,1
2024-07-16,24240.0,22611.253053121636,353525.0,0.0,0.0,0.0,0.0,0.0,0.0,0.0,1
2024-07-17,23695.0,22129.939813005873,353525.0,0.0,0.0,0.0,0.0,0.0,0.0,0.0,1
2024-07-18,23725.0,22183.909672030695,353525.0,0.0,0.0,0.0,0.0,0.0,0.0,0.0,1
2024-07-19,23450.0,21951.363237513317,339350.0,0.0,0.0,0.0,0.0,0.0,0.0,0.0,1
2024-07-22,23430.0,21956.220817174904,339350.0,0.0,0.0,0.0,0.0,0.0,0.0,0.0,1
2024-07-23,23095.0,21664.620571402233,339350.0,0.0,0.0,0.0,0.0,0.0,0.0,0.0,1
2024-07-24,23040.0,21635.676129248644,339350.0,0.0,0.0,0.0,0.0,0.0,0.0,0.0,1
2024-07-25,22570.0,21215.679629236285,339350.0,0.0,0.0,0.0,0.0,0.0,0.0,0.0,1
2024-07-26,22600.0,21264.482912977222,348845.0,0.0,0.0,0.0,0.0,0.0,0.0,0.0,1
2024-07-29,22790.0,21463.290685086668,348845.0,0.0,0.0,0.0,0.0,0.0,0.0,0.0,1
2024-07-30,22495.0,21204.550832326942,348845.0,0.0,0.0,0.0,0.0,0.0,0.0,0.0,1
2024-07-31,22840.0,21548.478371468384,348845.0,0.0,0.0,0.0,0.0,0.0,0.0,0.0,1
2024-08-01,22785.0,21514.63885469322,348845.0,0.0,0.0,0.0,0.0,0.0,0.0,0.0,1
2024-08-02,22920.0,21403.95575744796,332525.0,0.0,0.0,0.0,0.0,0.0,0.0,0.0,1
2024-08-05,22150.0,20709.563247979444,332525.0,0.0,0.0,0.0,0.0,0.0,0.0,0.0,1
2024-08-06,22025.0,20616.212085948464,332525.0,0.0,0.0,0.0,0.0,0.0,0.0,0.0,1
2024-08-07,21840.0,20465.42640760483,332525.0,0.0,0.0,0.0,0.0,0.0,0.0,0.0,1
2024-08-08,21835.0,20482.23649133152,332525.0,0.0,0.0,0.0,0.0,0.0,0.0,0.0,1
2024-08-09,22605.0,21225.93044858614,347575.0,0.0,0.0,0.0,0.0,0.0,0.0,0.0,1
2024-08-12,23140.0,21749.374060044003,347575.0,0.0,0.0,0.0,0.0,0.0,0.0,0.0,1
2024-08-13,23065.0,21699.12363034953,347575.0,0.0,0.0,0.0,0.0,0.0,0.0,0.0,1
2024-08-14,22650.0,21328.565132198833,347575.0,0.0,0.0,0.0,0.0,0.0,0.0,0.0,1
2024-08-15,22890.0,21573.93681616345,347575.0,0.0,0.0,0.0,0.0,0.0,0.0,0.0,1
2024-08-16,23325.0,22002.99213493577,306950.0,0.0,0.0,0.0,0.0,0.0,0.0,0.0,1
2024-08-19,23345.0,22040.30052369521,306950.0,0.0,0.0,0.0,0.0,0.0,0.0,0.0,1
2024-08-20,23305.0,22020.340941645463,306950.0,0.0,0.0,0.0,0.0,0.0,0.0,0.0,1
2024-08-21,23540.0,22260.397424312196,306950.0,0.0,0.0,0.0,0.0,0.0,0.0,0.0,1
2024-08-22,23670.0,22400.87290013246,306950.0,0.0,0.0,0.0,0.0,0.0,0.0,0.0,1
2024-08-23,24000.0,22730.41899025011,329395.0,0.0,0.0,0.0,0.0,0.0,0.0,0.0,1
2024-08-26,24200.0,22936.69841429323,329395.0,0.0,0.0,0.0,0.0,0.0,0.0,0.0,1
2024-08-27,23995.0,22758.621374847957,329395.0,0.0,0.0,0.0,0.0,0.0,0.0,0.0,1
2024-08-28,24015.0,22793.869902383598,329395.0,0.0,0.0,0.0,0.0,0.0,0.0,0.0,1
2024-08-29,24095.0,22885.674003918884,329395.0,0.0,0.0,0.0,0.0,0.0,0.0,0.0,1
2024-08-30,24050.0,22858.33574789086,341915.0,0.0,0.0,0.0,0.0,0.0,0.0,0.0,1
2024-09-02,23630.0,22473.868673619116,341915.0,0.0,0.0,0.0,0.0,0.0,0.0,0.0,1
2024-09-03,23535.0,22397.787277720923,341915.0,0.0,0.0,0.0,0.0,0.0,0.0,0.0,1
2024-09-04,23420.0,22302.17118148688,341915.0,0.0,0.0,0.0,0.0,0.0,0.0,0.0,1
2024-09-05,22695.0,21624.82712317797,341915.0,0.0,0.0,0.0,0.0,0.0,0.0,0.0,1
2024-09-06,22850.0,21785.323886484624,323505.0,0.0,0.0,0.0,0.0,0.0,0.0,0.0,1
2024-09-09,22845.0,21793.037684199302,323505.0,0.0,0.0,0.0,0.0,0.0,0.0,0.0,1
2024-09-10,22790.0,21752.71204625596,323505.0,0.0,0.0,0.0,0.0,0.0,0.0,0.0,1
2024-09-11,22945.0,21912.79208896137,323505.0,0.0,0.0,0.0,0.0,0.0,0.0,0.0,1
2024-09-12,23570.0,22521.84360905249,323505.0,0.0,0.0,0.0,0.0,0.0,0.0,0.0,1
2024-09-13,23830.0,22782.293632563375,342355.0,0.0,0.0,0.0,0.0,0.0,0.0,0.0,1
2024-09-18,23915.0,22875.330891816153,342355.0,0.0,0.0,0.0,0.0,0.0,0.0,0.0,1
2024-09-19,24240.0,23197.861547871224,342355.0,0.0,0.0,0.0,0.0,0.0,0.0,0.0,1
2024-09-20,24170.0,23142.231895059125,315725.0,0.0,0.0,0.0,0.0,0.0,0.0,0.0,1
2024-09-23,23625.0,22631.260530998643,315725.0,0.0,0.0,0.0,0.0,0.0,0.0,0.0,1
2024-09-24,24010.0,23010.849910312278,315725.0,0.0,0.0,0.0,0.0,0.0,0.0,0.0,1
2024-09-25,24450.0,23443.27678123631,315725.0,0.0,0.0,0.0,0.0,0.0,0.0,0.0,1
2024-09-26,24710.0,23703.182543855502,315725.0,0.0,0.0,0.0,0.0,0.0,0.0,0.0,1
2024-09-27,24990.0,23983.052058136007,358745.0,0.0,0.0,0.0,0.0,0.0,0.0,0.0,1
2024-09-30,25120.0,24118.923981631113,358745.0,0.0,0.0,0.0,0.0,0.0,0.0,0.0,1
2024-10-08,25285.0,24288.3106780254,289220.0,0.0,0.0,0.0,0.0,0.0,0.0,0.0,1
2024-10-09,25040.0,24063.61223555049,289220.0,0.0,0.0,0.0,0.0,0.0,0.0,0.0,1
2024-10-10,24800.0,23843.309131160782,289220.0,0.0,0.0,0.0,0.0,0.0,0.0,0.0,1
2024-10-11,25350.0,24382.458082945417,350275.0,0.0,0.0,0.0,0.0,0.0,0.0,0.0,1
2024-10-14,25335.0,24378.194242637284,350275.0,0.0,0.0,0.0,0.0,0.0,0.0,0.0,1
2024-10-15,24955.0,24022.368704219003,350275.0,0.0,0.0,0.0,0.0,0.0,0.0,0.0,1
2024-10-16,25300.0,24364.24882612431,350275.0,0.0,0.0,0.0,0.0,0.0,0.0,0.0,1
2024-10-17,24545.0,23646.47996885291,350275.0,0.0,0.0,0.0,0.0,0.0,0.0,0.0,1
2024-10-18,25045.0,24174.24082115382,348020.0,0.0,0.0,0.0,0.0,0.0,0.0,0.0,1
2024-10-21,25230.0,24361.633562078587,348020.0,0.0,0.0,0.0,0.0,0.0,0.0,0.0,1
2024-10-22,25010.0,24157.80416365935,348020.0,0.0,0.0,0.0,0.0,0.0,0.0,0.0,1
2024-10-23,25025.0,24180.750415811246,348020.0,0.0,0.0,0.0,0.0,0.0,0.0,0.0,1
2024-10-24,25925.0,25059.31745848322,348020.0,0.0,0.0,0.0,0.0,0.0,0.0,0.0,1
2024-10-25,25030.0,24202.689163699357,331895.0,0.0,0.0,0.0,0.0,0.0,0.0,0.0,1
2024-10-28,24970.0,24153.00584418064,331895.0,0.0,0.0,0.0,0.0,0.0,0.0,0.0,1
2024-10-29,25010.0,24199.9141803929,331895.0,0.0,0.0,0.0,0.0,0.0,0.0,0.0,1
2024-10-30,25030.0,24227.362583191385,331895.0,0.0,0.0,0.0,0.0,0.0,0.0,0.0,1
2024-10-31,25275.0,24472.555139507334,331895.0,0.0,0.0,0.0,0.0,0.0,0.0,0.0,1
2024-11-01,24865.0,24083.367990342223,338755.0,0.0,0.0,0.0,0.0,0.0,0.0,0.0,1
2024-11-04,25125.0,24342.95035807341,338755.0,0.0,0.0,0.0,0.0,0.0,0.0,0.0,1
2024-11-05,25065.0,24292.434735405674,338755.0,0.0,0.0,0.0,0.0,0.0,0.0,0.0,1
2024-11-06,24955.0,24193.29024054717,338755.0,0.0,0.0,0.0,0.0,0.0,0.0,0.0,1
2024-11-07,25170.0,24409.292642016113,338755.0,0.0,0.0,0.0,0.0,0.0,0.0,0.0,1
2024-11-08,25025.0,24276.084290885297,327495.0,0.0,0.0,0.0,0.0,0.0,0.0,0.0,1
2024-11-11,24975.0,24234.864462023263,327495.0,0.0,0.0,0.0,0.0,0.0,0.0,0.0,1
2024-11-12,24850.0,24120.706900999037,327495.0,0.0,0.0,0.0,0.0,0.0,0.0,0.0,1
2024-11-13,24585.0,23870.43843235198,327495.0,0.0,0.0,0.0,0.0,0.0,0.0,0.0,1
2024-11-14,24465.0,23760.739922621255,327495.0,0.0,0.0,0.0,0.0,0.0,0.0,0.0,1
2024-11-15,24640.0,23937.457316454245,351865.0,0.0,0.0,0.0,0.0,0.0,0.0,0.0,1
2024-11-18,24715.0,24016.986512677784,351865.0,0.0,0.0,0.0,0.0,0.0,0.0,0.0,1
2024-11-19,24865.0,24169.34907244847,351865.0,0.0,0.0,0.0,0.0,0.0,0.0,0.0,1
2024-11-20,25205.0,24506.41450167781,351865.0,0.0,0.0,0.0,0.0,0.0,0.0,0.0,1
2024-11-21,25200.0,24508.016677208227,351865.0,0.0,0.0,0.0,0.0,0.0,0.0,0.0,1
2024-11-22,25170.0,24485.18209707743,365000.0,0.0,0.0,0.0,0.0,0.0,0.0,0.0,1
2024-11-25,25275.0,24593.576512274503,365000.0,0.0,0.0,0.0,0.0,0.0,0.0,0.0,1
2024-11-26,25175.0,24502.38003628377,365000.0,0.0,0.0,0.0,0.0,0.0,0.0,0.0,1
2024-11-27,25830.0,25146.873549997825,365000.0,0.0,0.0,0.0,0.0,0.0,0.0,0.0,1
2024-11-28,25355.0,24691.216118797234,365000.0,0.0,0.0,0.0,0.0,0.0,0.0,0.0,1
2024-11-29,25200.0,24634.066564932462,398065.0,0.0,0.0,0.0,0.0,0.0,0.0,0.0,1
2024-12-02,25455.0,24889.831056517134,398065.0,0.0,0.0,0.0,0.0,0.0,0.0,0.0,1
2024-12-03,25290.0,24734.89417538765,398065.0,0.0,0.0,0.0,0.0,0.0,0.0,0.0,1
2024-12-04,25465.0,24912.447518526456,398065.0,0.0,0.0,0.0,0.0,0.0,0.0,0.0,1
2024-12-05,25550.0,25001.969611565375,398065.0,0.0,0.0,0.0,0.0,0.0,0.0,0.0,1
2024-12-06,25495.0,25000.502505670924,372285.0,0.0,0.0,0.0,0.0,0.0,0.0,0.0,1
2024-12-09,25590.0,25100.01149683772,372285.0,0.0,0.0,0.0,0.0,0.0,0.0,0.0,1
2024-12-10,25775.0,25287.838590153984,372285.0,0.0,0.0,0.0,0.0,0.0,0.0,0.0,1
2024-12-11,25870.0,25387.408171839717,372285.0,0.0,0.0,0.0,0.0,0.0,0.0,0.0,1
2024-12-12,25965.0,25486.99696042143,372285.0,0.0,0.0,0.0,0.0,0.0,0.0,0.0,1
2024-12-13,25850.0,25380.419571380346,381605.0,0.0,0.0,0.0,0.0,0.0,0.0,0.0,1
2024-12-16,25770.0,25308.13157611428,381605.0,0.0,0.0,0.0,0.0,0.0,0.0,0.0,1
2024-12-17,25645.0,25191.572919635397,381605.0,0.0,0.0,0.0,0.0,0.0,0.0,0.0,1
2024-12-18,25240.0,24799.8092572225,381605.0,0.0,0.0,0.0,0.0,0.0,0.0,0.0,1
2024-12-19,25200.0,24766.544478782784,381605.0,0.0,0.0,0.0,0.0,0.0,0.0,0.0,1
2024-12-20,25155.0,24728.315825838617,366230.0,0.0,0.0,0.0,0.0,0.0,0.0,0.0,1
2024-12-23,25025.0,24606.456191640053,366230.0,0.0,0.0,0.0,0.0,0.0,0.0,0.0,1
2024-12-24,25230.0,24813.977907219156,366230.0,0.0,0.0,0.0,0.0,0.0,0.0,0.0,1
2024-12-25,25425.0,25012.204731087066,366230.0,0.0,0.0,0.0,0.0,0.0,0.0,0.0,1
2024-12-26,25395.0,24989.130626819802,366230.0,0.0,0.0,0.0,0.0,0.0,0.0,0.0,1
2024-12-27,25175.0,24998.70209848061,373970.0,0.0,0.0,0.0,0.0,0.0,0.0,0.0,1
2024-12-30,25325.0,25155.589596975526,373970.0,0.0,0.0,0.0,0.0,0.0,0.0,0.0,1
2024-12-31,25460.0,25297.82390467818,373970.0,0.0,0.0,0.0,0.0,0.0,0.0,0.0,1
2025-01-02,25265.0,25112.310495322927,373970.0,0.0,0.0,0.0,0.0,0.0,0.0,0.0,1
2025-01-03,24665.0,24638.232416466308,338400.0,0.0,0.0,0.0,0.0,0.0,0.0,0.0,1
2025-01-06,24490.0,24472.960512993857,338400.0,0.0,0.0,0.0,0.0,0.0,0.0,0.0,1
2025-01-07,24395.0,24387.835747272362,338400.0,0.0,0.0,0.0,0.0,0.0,0.0,0.0,1
2025-01-08,24225.0,24227.961734285527,338400.0,0.0,0.0,0.0,0.0,0.0,0.0,0.0,1
2025-01-09,24110.0,24123.343008412092,338400.0,0.0,0.0,0.0,0.0,0.0,0.0,0.0,1
2025-01-10,24145.0,24412.90764324027,318490.0,0.0,0.0,0.0,0.0,0.0,0.0,0.0,1
2025-01-13,24290.0,24574.32535943546,318490.0,0.0,0.0,0.0,0.0,0.0,0.0,0.0,1
2025-01-14,24045.0,24338.27627278619,318490.0,0.0,0.0,0.0,0.0,0.0,0.0,0.0,1
2025-01-15,23595.0,23894.829262674873,318490.0,0.0,0.0,0.0,0.0,0.0,0.0,0.0,1
2025-01-16,23760.0,24074.537024884034,318490.0,0.0,0.0,0.0,0.0,0.0,0.0,0.0,1
2025-01-17,24225.0,24559.088918238638,257762.0,0.0,0.0,0.0,0.0,0.0,0.0,0.0,1
2025-01-20,24215.0,24562.928964053153,257762.0,0.0,0.0,0.0,0.0,0.0,0.0,0.0,1
2025-01-21,24200.0,24562.32544800999,257762.0,0.0,0.0,0.0,0.0,0.0,0.0,0.0,1
2025-01-22,24115.0,24491.317289089213,257762.0,0.0,0.0,0.0,0.0,0.0,0.0,0.0,1
2025-01-23,23705.0,24087.900105033637,257762.0,0.0,0.0,0.0,0.0,0.0,0.0,0.0,1
2025-01-24,23875.0,24557.280042598144,73710.0,0.0,0.0,0.0,0.0,0.0,0.0,0.0,1
2025-01-27,23655.0,24346.785541063353,73710.0,0.0,0.0,0.0,0.0,0.0,0.0,0.0,1
2025-02-05,23260.0,23956.422776269257,2500.0,0.0,0.0,0.0,0.0,0.0,0.0,0.0,1
2025-02-06,23675.0,24401.053100561625,2500.0,0.0,0.0,0.0,0.0,0.0,0.0,0.0,1
2025-02-07,24015.0,25144.425615448563,142302.0,0.0,0.0,0.0,0.0,0.0,0.0,0.0,1
2025-02-10,23805.0,24942.874952329887,142302.0,0.0,0.0,0.0,0.0,0.0,0.0,0.0,1
2025-02-11,23745.0,24898.981783627973,142302.0,0.0,0.0,0.0,0.0,0.0,0.0,0.0,1
2025-02-12,23800.0,24976.41873668922,142302.0,0.0,0.0,0.0,0.0,0.0,0.0,0.0,1
2025-02-13,23775.0,24970.723750233083,142302.0,0.0,0.0,0.0,0.0,0.0,0.0,0.0,1
2025-02-14,24125.0,25586.74894974986,311685.0,0.0,0.0,0.0,0.0,0.0,0.0,0.0,1
2025-02-17,23850.0,25302.367503542097,311685.0,0.0,0.0,0.0,0.0,0.0,0.0,0.0,1
2025-02-18,23880.0,25341.574861947778,311685.0,0.0,0.0,0.0,0.0,0.0,0.0,0.0,1
2025-02-19,23925.0,25396.815962654367,311685.0,0.0,0.0,0.0,0.0,0.0,0.0,0.0,1
2025-02-20,24145.0,25638.001013891862,311685.0,0.0,0.0,0.0,0.0,0.0,0.0,0.0,1
2025-02-21,24020.0,25512.980166769714,311560.0,0.0,0.0,0.0,0.0,0.0,0.0,0.0,1
2025-02-24,23990.0,25488.913417033073,311560.0,0.0,0.0,0.0,0.0,0.0,0.0,0.0,1
2025-02-25,23595.0,25077.002661153678,311560.0,0.0,0.0,0.0,0.0,0.0,0.0,0.0,1
2025-02-26,23565.0,25052.979384030812,311560.0,0.0,0.0,0.0,0.0,0.0,0.0,0.0,1
2025-02-27,23555.0,25050.309690448506,311560.0,0.0,0.0,0.0,0.0,0.0,0.0,0.0,1
2025-02-28,23425.0,25370.82677610804,342565.0,0.0,0.0,0.0,0.0,0.0,0.0,0.0,1
2025-03-03,23730.0,25672.109835309686,342565.0,0.0,0.0,0.0,0.0,0.0,0.0,0.0,1
2025-03-04,23680.0,25590.1140362317,342565.0,0.0,0.0,0.0,0.0,0.0,0.0,0.0,1
2025-03-05,23645.0,25525.445823225215,342565.0,0.0,0.0,0.0,0.0,0.0,0.0,0.0,1
2025-03-06,24000.0,25882.39984521992,342565.0,0.0,0.0,0.0,0.0,0.0,0.0,0.0,1
2025-03-07,23960.0,25956.9326628637,343200.0,0.0,0.0,0.0,0.0,0.0,0.0,0.0,1
2025-03-10,23835.0,25784.717986922085,343200.0,0.0,0.0,0.0,0.0,0.0,0.0,0.0,1
2025-03-11,23840.0,25755.03693438446,343200.0,0.0,0.0,0.0,0.0,0.0,0.0,0.0,1
2025-03-12,23870.0,25753.895806433393,343200.0,0.0,0.0,0.0,0.0,0.0,0.0,0.0,1
2025-03-13,24030.0,25894.22152602373,343200.0,0.0,0.0,0.0,0.0,0.0,0.0,0.0,1
2025-03-14,24155.0,26135.313811194348,351045.0,0.0,0.0,0.0,0.0,0.0,0.0,0.0,1
2025-03-17,24205.0,26151.57314787456,351045.0,0.0,0.0,0.0,0.0,0.0,0.0,0.0,1
2025-03-18,23770.0,25646.199216933117,351045.0,0.0,0.0,0.0,0.0,0.0,0.0,0.0,1
2025-03-19,23895.0,25747.12527667903,351045.0,0.0,0.0,0.0,0.0,0.0,0.0,0.0,1
2025-03-20,23855.0,25666.575487251637,351045.0,0.0,0.0,0.0,0.0,0.0,0.0,0.0,1
2025-03-21,23770.0,25539.642474429198,348065.0,0.0,0.0,0.0,0.0,0.0,0.0,0.0,1
2025-03-24,24200.0,25967.25216021675,348065.0,0.0,0.0,0.0,0.0,0.0,0.0,0.0,1
2025-03-25,24125.0,25854.053101125017,348065.0,0.0,0.0,0.0,0.0,0.0,0.0,0.0,1
2025-03-26,24155.0,25854.89494492163,348065.0,0.0,0.0,0.0,0.0,0.0,0.0,0.0,1
2025-03-27,24105.0,25769.150273200292,348065.0,0.0,0.0,0.0,0.0,0.0,0.0,0.0,1
2025-03-28,23770.0,25555.614709717815,356925.0,0.0,0.0,0.0,0.0,0.0,0.0,0.0,1
2025-03-31,23455.0,25179.53659363249,356925.0,0.0,0.0,0.0,0.0,0.0,0.0,0.0,1
2025-04-01,23615.0,25315.53723086907,356925.0,0.0,0.0,0.0,0.0,0.0,0.0,0.0,1
2025-04-02,23380.0,25029.934162774214,356925.0,0.0,0.0,0.0,0.0,0.0,0.0,0.0,1
2025-04-03,23155.0,24809.186797757902,347500.0,0.0,0.0,0.0,0.0,0.0,0.0,0.0,1
2025-04-07,22625.0,24207.90476852542,347500.0,0.0,0.0,0.0,0.0,0.0,0.0,0.0,1
2025-04-08,22085.0,23599.07417226623,347500.0,0.0,0.0,0.0,0.0,0.0,0.0,0.0,1
2025-04-09,21705.0,23163.923378547213,347500.0,0.0,0.0,0.0,0.0,0.0,0.0,0.0,1
2025-04-10,22475.0,23956.899391920466,347500.0,0.0,0.0,0.0,0.0,0.0,0.0,0.0,1
2025-04-11,22405.0,23854.062528860264,377875.0,0.0,0.0,0.0,0.0,0.0,0.0,0.0,1
2025-04-14,22515.0,23944.031739475773,377875.0,0.0,0.0,0.0,0.0,0.0,0.0,0.0,1
2025-04-15,22325.0,23716.171721689923,377875.0,0.0,0.0,0.0,0.0,0.0,0.0,0.0,1
2025-04-16,21920.0,23261.618123597025,377875.0,0.0,0.0,0.0,0.0,0.0,0.0,0.0,1
2025-04-17,21990.0,23312.457010678,377875.0,0.0,0.0,0.0,0.0,0.0,0.0,0.0,1
2025-04-18,22050.0,23353.442220542824,369265.0,0.0,0.0,0.0,0.0,0.0,0.0,0.0,1
2025-04-21,22395.0,23696.699706695632,369265.0,0.0,0.0,0.0,0.0,0.0,0.0,0.0,1
2025-04-22,22285.0,23559.060732803642,369265.0,0.0,0.0,0.0,0.0,0.0,0.0,0.0,1
2025-04-23,22460.0,23723.392638481215,369265.0,0.0,0.0,0.0,0.0,0.0,0.0,0.0,1
2025-04-24,22590.0,23840.61023373721,369265.0,0.0,0.0,0.0,0.0,0.0,0.0,0.0,1
2025-04-25,22750.0,23989.891245106843,371825.0,0.0,0.0,0.0,0.0,0.0,0.0,0.0,1
2025-04-28,22520.0,23728.59281024565,371825.0,0.0,0.0,0.0,0.0,0.0,0.0,0.0,1
2025-04-29,22550.0,23741.99571350788,371825.0,0.0,0.0,0.0,0.0,0.0,0.0,0.0,1
2025-04-30,22440.0,23608.60873392517,295440.0,0.0,0.0,0.0,0.0,0.0,0.0,0.0,1
2025-05-06,22355.0,23502.190464380983,295440.0,0.0,0.0,0.0,0.0,0.0,0.0,0.0,1
2025-05-07,22210.0,23333.518414572147,295440.0,0.0,0.0,0.0,0.0,0.0,0.0,0.0,1
2025-05-08,22175.0,23280.99411927707,295440.0,0.0,0.0,0.0,0.0,0.0,0.0,0.0,1
2025-05-09,22190.0,23322.66055439534,350800.0,0.0,0.0,0.0,0.0,0.0,0.0,0.0,1
2025-05-12,22490.0,23621.755596603918,350800.0,0.0,0.0,0.0,0.0,0.0,0.0,0.0,1
2025-05-13,22325.0,23432.79780630058,350800.0,0.0,0.0,0.0,0.0,0.0,0.0,0.0,1
2025-05-14,22710.0,23821.406903002975,350800.0,0.0,0.0,0.0,0.0,0.0,0.0,0.0,1
2025-05-15,22590.0,23680.52692694844,350800.0,0.0,0.0,0.0,0.0,0.0,0.0,0.0,1
2025-05-16,22500.0,23571.619445887547,361325.0,0.0,0.0,0.0,0.0,0.0,0.0,0.0,1
2025-05-19,22455.0,23510.30826947114,361325.0,0.0,0.0,0.0,0.0,0.0,0.0,0.0,1
2025-05-20,22220.0,23250.5893563757,361325.0,0.0,0.0,0.0,0.0,0.0,0.0,0.0,1
2025-05-21,22410.0,23435.94206084348,361325.0,0.0,0.0,0.0,0.0,0.0,0.0,0.0,1
2025-05-22,22245.0,23250.342288156055,361325.0,0.0,0.0,0.0,0.0,0.0,0.0,0.0,1
2025-05-23,22215.0,23206.258366058715,359535.0,0.0,0.0,0.0,0.0,0.0,0.0,0.0,1
2025-05-26,22185.0,23162.49564621484,359535.0,0.0,0.0,0.0,0.0,0.0,0.0,0.0,1
2025-05-27,22330.0,23301.65555743121,359535.0,0.0,0.0,0.0,0.0,0.0,0.0,0.0,1
2025-05-28,22210.0,23164.533992611494,359535.0,0.0,0.0,0.0,0.0,0.0,0.0,0.0,1
2025-05-29,22495.0,23449.98559224299,359535.0,0.0,0.0,0.0,0.0,0.0,0.0,0.0,1
2025-05-30,22225.0,23235.130565019,310640.0,0.0,0.0,0.0,0.0,0.0,0.0,0.0,1
2025-06-03,22180.0,23175.381091088293,310640.0,0.0,0.0,0.0,0.0,0.0,0.0,0.0,1
2025-06-04,22420.0,23413.602946478688,310640.0,0.0,0.0,0.0,0.0,0.0,0.0,0.0,1
2025-06-05,22340.0,23317.83308582001,310640.0,0.0,0.0,0.0,0.0,0.0,0.0,0.0,1
2025-06-06,22385.0,23352.82205882238,343925.0,0.0,0.0,0.0,0.0,0.0,0.0,0.0,1
2025-06-09,21910.0,22845.810711243765,343925.0,0.0,0.0,0.0,0.0,0.0,0.0,0.0,1
2025-06-10,21845.0,22766.834928584798,343925.0,0.0,0.0,0.0,0.0,0.0,0.0,0.0,1
2025-06-11,22140.0,23063.167410357844,343925.0,0.0,0.0,0.0,0.0,0.0,0.0,0.0,1
2025-06-12,22085.0,22995.010378035156,343925.0,0.0,0.0,0.0,0.0,0.0,0.0,0.0,1
2025-06-13,21815.0,22703.367765062314,350645.0,0.0,0.0,0.0,0.0,0.0,0.0,0.0,1
2025-06-16,21840.0,22719.06228273536,350645.0,0.0,0.0,0.0,0.0,0.0,0.0,0.0,1
2025-06-17,21905.0,22776.523012924903,350645.0,0.0,0.0,0.0,0.0,0.0,0.0,0.0,1
2025-06-18,22060.0,22927.655393312987,350645.0,0.0,0.0,0.0,0.0,0.0,0.0,0.0,1
2025-06-19,21680.0,22523.03045544949,350645.0,0.0,0.0,0.0,0.0,0.0,0.0,0.0,1
2025-06-20,21675.0,22508.335607485547,339700.0,0.0,0.0,0.0,0.0,0.0,0.0,0.0,1
2025-06-23,21780.0,22607.99707444303,339700.0,0.0,0.0,0.0,0.0,0.0,0.0,0.0,1
2025-06-24,21920.0,22744.049888456444,339700.0,0.0,0.0,0.0,0.0,0.0,0.0,0.0,1
2025-06-25,22045.0,22864.58833374367,339700.0,0.0,0.0,0.0,0.0,0.0,0.0,0.0,1
2025-06-26,22240.0,23057.7539369211,339700.0,0.0,0.0,0.0,0.0,0.0,0.0,0.0,1
2025-06-27,22410.0,23378.333179679372,334740.0,0.0,0.0,0.0,0.0,0.0,0.0,0.0,1
2025-06-30,22495.0,23455.744217815747,334740.0,0.0,0.0,0.0,0.0,0.0,0.0,0.0,1
2025-07-01,22255.0,23194.59290224304,334740.0,0.0,0.0,0.0,0.0,0.0,0.0,0.0,1
2025-07-02,22230.0,23157.880146424275,334740.0,0.0,0.0,0.0,0.0,0.0,0.0,0.0,1
2025-07-03,22325.0,23246.36699068369,326050.0,0.0,0.0,0.0,0.0,0.0,0.0,0.0,1
2025-07-04,22410.0,23324.57410136817,326050.0,0.0,0.0,0.0,0.0,0.0,0.0,0.0,1
2025-07-07,22090.0,22981.56794526957,326050.0,0.0,0.0,0.0,0.0,0.0,0.0,0.0,1
2025-07-08,22050.0,22930.22492304056,326050.0,0.0,0.0,0.0,0.0,0.0,0.0,0.0,1
2025-07-09,22120.0,22993.454116189758,326050.0,0.0,0.0,0.0,0.0,0.0,0.0,0.0,1
2025-07-10,22385.0,23259.42901136461,345545.0,0.0,0.0,0.0,0.0,0.0,0.0,0.0,1
2025-07-11,22380.0,23244.93149766977,345545.0,0.0,0.0,0.0,0.0,0.0,0.0,0.0,1
2025-07-14,22250.0,23100.837651947124,345545.0,0.0,0.0,0.0,0.0,0.0,0.0,0.0,1
2025-07-15,22070.0,22904.955956711587,345545.0,0.0,0.0,0.0,0.0,0.0,0.0,0.0,1
2025-07-16,22030.0,22854.626221966468,345545.0,0.0,0.0,0.0,0.0,0.0,0.0,0.0,1
2025-07-17,22120.0,22939.30439849594,342740.0,0.0,0.0,0.0,0.0,0.0,0.0,0.0,1
2025-07-18,22295.0,23112.185412942075,342740.0,0.0,0.0,0.0,0.0,0.0,0.0,0.0,1
2025-07-21,22925.0,23756.591998249678,342740.0,0.0,0.0,0.0,0.0,0.0,0.0,0.0,1
2025-07-22,22945.0,23768.77994584404,342740.0,0.0,0.0,0.0,0.0,0.0,0.0,0.0,1
2025-07-23,22975.0,23791.45984210728,342740.0,0.0,0.0,0.0,0.0,0.0,0.0,0.0,1
2025-07-24,23015.0,23824.617871277518,353820.0,0.0,0.0,0.0,0.0,0.0,0.0,0.0,1
2025-07-25,22885.0,23681.972328289805,353820.0,0.0,0.0,0.0,0.0,0.0,0.0,0.0,1
2025-07-28,22645.0,23425.76649197697,353820.0,0.0,0.0,0.0,0.0,0.0,0.0,0.0,1
2025-07-29,22655.0,23428.39738696536,353820.0,0.0,0.0,0.0,0.0,0.0,0.0,0.0,1
2025-07-30,22670.0,23436.32556134485,353820.0,0.0,0.0,0.0,0.0,0.0,0.0,0.0,1
2025-07-31,22345.0,23092.995317561457,338080.0,0.0,0.0,0.0,0.0,0.0,0.0,0.0,1
2025-08-01,22320.0,23139.10325120901,338080.0,0.0,0.0,0.0,0.0,0.0,0.0,0.0,1
2025-08-04,22255.0,23063.940936578627,338080.0,0.0,0.0,0.0,0.0,0.0,0.0,0.0,1
2025-08-05,22380.0,23185.827694861753,338080.0,0.0,0.0,0.0,0.0,0.0,0.0,0.0,1
2025-08-06,22380.0,23178.33279850939,338080.0,0.0,0.0,0.0,0.0,0.0,0.0,0.0,1
2025-08-07,22580.0,23378.06715894333,331050.0,0.0,0.0,0.0,0.0,0.0,0.0,0.0,1
2025-08-08,22515.0,23303.551445670757,331050.0,0.0,0.0,0.0,0.0,0.0,0.0,0.0,1
2025-08-11,22590.0,23374.09594922055,331050.0,0.0,0.0,0.0,0.0,0.0,0.0,0.0,1
2025-08-12,22630.0,23408.549692113098,331050.0,0.0,0.0,0.0,0.0,0.0,0.0,0.0,1
2025-08-13,22600.0,23370.752200875064,331050.0,0.0,0.0,0.0,0.0,0.0,0.0,0.0,1
2025-08-14,22480.0,23240.090071700623,347045.0,0.0,0.0,0.0,0.0,0.0,0.0,0.0,1
2025-08-15,22530.0,23285.357695541974,347045.0,0.0,0.0,0.0,0.0,0.0,0.0,0.0,1
2025-08-18,22360.0,23103.44533426725,347045.0,0.0,0.0,0.0,0.0,0.0,0.0,0.0,1
2025-08-19,22205.0,22937.284759439703,347045.0,0.0,0.0,0.0,0.0,0.0,0.0,0.0,1
2025-08-20,22265.0,22993.406235784798,347045.0,0.0,0.0,0.0,0.0,0.0,0.0,0.0,1
2025-08-21,22240.0,22961.90701136146,332890.0,0.0,0.0,0.0,0.0,0.0,0.0,0.0,1
2025-08-22,22275.0,22992.526653760666,332890.0,0.0,0.0,0.0,0.0,0.0,0.0,0.0,1
2025-08-25,22395.0,23111.02584223531,332890.0,0.0,0.0,0.0,0.0,0.0,0.0,0.0,1
2025-08-26,22270.0,22976.28613815841,332890.0,0.0,0.0,0.0,0.0,0.0,0.0,0.0,1
2025-08-27,22310.0,23011.960964040903,332890.0,0.0,0.0,0.0,0.0,0.0,0.0,0.0,1
2025-08-28,22170.0,22862.16026131557,330330.0,0.0,0.0,0.0,0.0,0.0,0.0,0.0,1
2025-08-29,22140.0,22826.00292295884,330330.0,0.0,0.0,0.0,0.0,0.0,0.0,0.0,1
2025-09-01,22175.0,22857.03236442205,330330.0,0.0,0.0,0.0,0.0,0.0,0.0,0.0,1
2025-09-02,22325.0,23006.429374093168,330330.0,0.0,0.0,0.0,0.0,0.0,0.0,0.0,1
2025-09-03,22285.0,22960.17205868522,330330.0,0.0,0.0,0.0,0.0,0.0,0.0,0.0,1
2025-09-04,22120.0,22785.350451756436,289100.0,0.0,0.0,0.0,0.0,0.0,0.0,0.0,1
2025-09-05,22155.0,22769.612481379736,289100.0,0.0,0.0,0.0,0.0,0.0,0.0,0.0,1
2025-09-08,22270.0,22883.287460482123,289100.0,0.0,0.0,0.0,0.0,0.0,0.0,0.0,1
2025-09-09,22125.0,22729.984115731742,289100.0,0.0,0.0,0.0,0.0,0.0,0.0,0.0,1
2025-09-10,22215.0,22818.305091012655,289100.0,0.0,0.0,0.0,0.0,0.0,0.0,0.0,1
2025-09-11,22250.0,22850.31048950596,332345.0,0.0,0.0,0.0,0.0,0.0,0.0,0.0,1
2025-09-12,22305.0,22903.056966057193,332345.0,0.0,0.0,0.0,0.0,0.0,0.0,0.0,1
2025-09-15,22310.0,22904.688410953284,332345.0,0.0,0.0,0.0,0.0,0.0,0.0,0.0,1
2025-09-16,22255.0,22844.984694193987,332345.0,0.0,0.0,0.0,0.0,0.0,0.0,0.0,1
2025-09-17,22285.0,22872.819698615785,332345.0,0.0,0.0,0.0,0.0,0.0,0.0,0.0,1
2025-09-18,22045.0,22623.868666318103,337400.0,0.0,0.0,0.0,0.0,0.0,0.0,0.0,1
2025-09-19,22040.0,22616.460160222236,337400.0,0.0,0.0,0.0,0.0,0.0,0.0,0.0,1
2025-09-22,22090.0,22665.870614865013,337400.0,0.0,0.0,0.0,0.0,0.0,0.0,0.0,1
2025-09-23,21845.0,22411.24470486451,337400.0,0.0,0.0,0.0,0.0,0.0,0.0,0.0,1
2025-09-24,21860.0,22423.658412526536,337400.0,0.0,0.0,0.0,0.0,0.0,0.0,0.0,1
2025-09-25,22045.0,22610.725160559596,332370.0,0.0,0.0,0.0,0.0,0.0,0.0,0.0,1
2025-09-26,21980.0,22302.3171309091,332370.0,0.0,0.0,0.0,0.0,0.0,0.0,0.0,1
2025-09-29,21800.0,22114.30644064891,332370.0,0.0,0.0,0.0,0.0,0.0,0.0,0.0,1
2025-09-30,21825.0,22134.298203662664,332370.0,0.0,0.0,0.0,0.0,0.0,0.0,0.0,1
2025-10-09,22315.0,22625.76464159312,277630.0,0.0,0.0,0.0,0.0,0.0,0.0,0.0,1
2025-10-10,22270.0,22376.41789619894,277630.0,0.0,0.0,0.0,0.0,0.0,0.0,0.0,1
2025-10-13,22255.0,22352.2627969079,277630.0,0.0,0.0,0.0,0.0,0.0,0.0,0.0,1
2025-10-14,22220.0,22308.61437995603,277630.0,0.0,0.0,0.0,0.0,0.0,0.0,0.0,1
2025-10-15,22015.0,22094.094442428624,277630.0,0.0,0.0,0.0,0.0,0.0,0.0,0.0,1
2025-10-16,21940.0,22009.835373747803,336490.0,0.0,0.0,0.0,0.0,0.0,0.0,0.0,1
2025-10-17,21830.0,21745.577702017443,336490.0,0.0,0.0,0.0,0.0,0.0,0.0,0.0,1
2025-10-20,21850.0,21753.073969722635,336490.0,0.0,0.0,0.0,0.0,0.0,0.0,0.0,1
2025-10-21,21970.0,21859.320053937245,336490.0,0.0,0.0,0.0,0.0,0.0,0.0,0.0,1
2025-10-22,22000.0,21875.097037626212,336490.0,0.0,0.0,0.0,0.0,0.0,0.0,0.0,1
2025-10-23,22345.0,22202.871594567423,342270.0,0.0,0.0,0.0,0.0,0.0,0.0,0.0,1
2025-10-24,22355.0,21941.784017825834,342270.0,0.0,0.0,0.0,0.0,0.0,0.0,0.0,1
2025-10-27,22365.0,21927.054494351185,342270.0,0.0,0.0,0.0,0.0,0.0,0.0,0.0,1
2025-10-28,22310.0,21853.041546284087,342270.0,0.0,0.0,0.0,0.0,0.0,0.0,0.0,1
2025-10-29,22430.0,21948.9188352832,342270.0,0.0,0.0,0.0,0.0,0.0,0.0,0.0,1
2025-10-30,22365.0,21862.031912474027,342620.0,0.0,0.0,0.0,0.0,0.0,0.0,0.0,1
2025-10-31,22355.0,21055.233895332003,342620.0,0.0,0.0,0.0,0.0,0.0,0.0,0.0,1
2025-11-03,22565.0,21237.79782862627,342620.0,0.0,0.0,0.0,0.0,0.0,0.0,0.0,1
2025-11-04,22670.0,21320.88441267176,342620.0,0.0,0.0,0.0,0.0,0.0,0.0,0.0,1
2025-11-05,22650.0,21285.888144402474,342620.0,0.0,0.0,0.0,0.0,0.0,0.0,0.0,1
2025-11-06,22675.0,21292.690673980396,318270.0,0.0,0.0,0.0,0.0,0.0,0.0,0.0,1
2025-11-07,22720.0,20917.641617249672,318270.0,0.0,0.0,0.0,0.0,0.0,0.0,0.0,1
2025-11-10,22670.0,20880.296252539538,318270.0,0.0,0.0,0.0,0.0,0.0,0.0,0.0,1
2025-11-11,22675.0,20893.482872547276,318270.0,0.0,0.0,0.0,0.0,0.0,0.0,0.0,1
2025-11-12,22680.0,20906.566824919166,318270.0,0.0,0.0,0.0,0.0,0.0,0.0,0.0,1
2025-11-13,22740.0,20970.269937421082,341395.0,0.0,0.0,0.0,0.0,0.0,0.0,0.0,1
2025-11-14,22425.0,20592.595288321365,341395.0,0.0,0.0,0.0,0.0,0.0,0.0,0.0,1
2025-11-17,22465.0,20642.280000231764,341395.0,0.0,0.0,0.0,0.0,0.0,0.0,0.0,1
2025-11-18,22310.0,20512.484510187423,341395.0,0.0,0.0,0.0,0.0,0.0,0.0,0.0,1
2025-11-19,22435.0,20639.883058563828,341395.0,0.0,0.0,0.0,0.0,0.0,0.0,0.0,1
2025-11-20,22385.0,20606.10388543907,331390.0,0.0,0.0,0.0,0.0,0.0,0.0,0.0,1
2025-11-21,22390.0,20168.759049769098,331390.0,0.0,0.0,0.0,0.0,0.0,0.0,0.0,1
2025-11-24,22390.0,20230.860283488844,331390.0,0.0,0.0,0.0,0.0,0.0,0.0,0.0,1
2025-11-25,22360.0,20261.328505977992,331390.0,0.0,0.0,0.0,0.0,0.0,0.0,0.0,1
2025-11-26,22355.0,20310.43575669088,331390.0,0.0,0.0,0.0,0.0,0.0,0.0,0.0,1
2025-11-27,22415.0,20415.232999258784,336690.0,0.0,0.0,0.0,0.0,0.0,0.0,0.0,1
2025-11-28,22425.0,19995.61955718887,336690.0,0.0,0.0,0.0,0.0,0.0,0.0,0.0,1
2025-12-01,22590.0,20232.54222419422,336690.0,0.0,0.0,0.0,0.0,0.0,0.0,0.0,1
2025-12-02,22745.0,20453.31411409688,336690.0,0.0,0.0,0.0,0.0,0.0,0.0,0.0,1
2025-12-03,22755.0,20537.088553763166,336690.0,0.0,0.0,0.0,0.0,0.0,0.0,0.0,1
2025-12-04,22865.0,20705.296213865422,335970.0,0.0,0.0,0.0,0.0,0.0,0.0,0.0,1
2025-12-05,23305.0,20886.499050498594,335970.0,0.0,0.0,0.0,0.0,0.0,0.0,0.0,1
2025-12-08,23285.0,20955.254966634297,335970.0,0.0,0.0,0.0,0.0,0.0,0.0,0.0,1
2025-12-09,23070.0,20839.856420953365,335970.0,0.0,0.0,0.0,0.0,0.0,0.0,0.0,1
2025-12-10,23075.0,20915.823757923125,335970.0,0.0,0.0,0.0,0.0,0.0,0.0,0.0,1
2025-12-11,22995.0,20908.792371714222,346145.0,0.0,0.0,0.0,0.0,0.0,0.0,0.0,1
2025-12-12,23605.0,21216.24856628262,346145.0,0.0,0.0,0.0,0.0,0.0,0.0,0.0,1
2025-12-15,23430.0,21141.5771392092,346145.0,0.0,0.0,0.0,0.0,0.0,0.0,0.0,1
2025-12-16,23030.0,20854.727750849637,346145.0,0.0,0.0,0.0,0.0,0.0,0.0,0.0,1
2025-12-17,22975.0,20872.724582331324,346145.0,0.0,0.0,0.0,0.0,0.0,0.0,0.0,1
2025-12-18,23035.0,20989.912775241937,325090.0,0.0,0.0,0.0,0.0,0.0,0.0,0.0,1
2025-12-19,23075.0,21084.513073692422,325090.0,0.0,0.0,0.0,0.0,0.0,0.0,0.0,1
2025-12-22,23115.0,21176.309519012877,325090.0,0.0,0.0,0.0,0.0,0.0,0.0,0.0,1
2025-12-23,23090.0,21204.85182746726,325090.0,0.0,0.0,0.0,0.0,0.0,0.0,0.0,1
2025-12-24,23230.0,21381.83603184614,325090.0,0.0,0.0,0.0,0.0,0.0,0.0,0.0,1
2025-12-25,23065.0,21275.069680834884,337480.0,0.0,0.0,0.0,0.0,0.0,0.0,0.0,1
2025-12-26,23170.0,21317.41785792807,337480.0,0.0,0.0,0.0,0.0,0.0,0.0,0.0,1
2025-12-29,23255.0,21441.899465513136,337480.0,0.0,0.0,0.0,0.0,0.0,0.0,0.0,1
2025-12-30,23380.0,21600.901466464555,337480.0,0.0,0.0,0.0,0.0,0.0,0.0,0.0,1
2025-12-31,23275.0,21544.952267119286,337480.0,0.0,0.0,0.0,0.0,0.0,0.0,0.0,1
2026-01-05,23820.0,22089.159966552274,315480.0,0.0,0.0,0.0,0.0,0.0,0.0,0.0,1
2026-01-06,24295.0,22568.021549628855,315480.0,0.0,0.0,0.0,0.0,0.0,0.0,0.0,1
2026-01-07,24330.0,22637.019344492506,315480.0,0.0,0.0,0.0,0.0,0.0,0.0,0.0,1
2026-01-08,23975.0,22340.922045194176,313970.0,0.0,0.0,0.0,0.0,0.0,0.0,0.0,1
2026-01-09,24015.0,22410.843082613148,313970.0,0.0,0.0,0.0,0.0,0.0,0.0,0.0,1
2026-01-12,24175.0,22591.529724257492,313970.0,0.0,0.0,0.0,0.0,0.0,0.0,0.0,1
2026-01-13,24280.0,22719.78238770783,313970.0,0.0,0.0,0.0,0.0,0.0,0.0,0.0,1
2026-01-14,24475.0,22931.337569624884,313970.0,0.0,0.0,0.0,0.0,0.0,0.0,0.0,1
2026-01-15,25090.0,23536.14344368367,317045.0,0.0,0.0,0.0,0.0,0.0,0.0,0.0,1
2026-01-16,24750.0,23244.28745023341,317045.0,0.0,0.0,0.0,0.0,0.0,0.0,0.0,1
2026-01-19,24450.0,22988.268021499895,317045.0,0.0,0.0,0.0,0.0,0.0,0.0,0.0,1
2026-01-20,24410.0,22975.388241340715,317045.0,0.0,0.0,0.0,0.0,0.0,0.0,0.0,1
2026-01-21,24350.0,22942.689111167627,317045.0,0.0,0.0,0.0,0.0,0.0,0.0,0.0,1
2026-01-22,24400.0,23012.784706757968,322465.0,0.0,0.0,0.0,0.0,0.0,0.0,0.0,1
2026-01-23,24585.0,23209.63477730848,322465.0,0.0,0.0,0.0,0.0,0.0,0.0,0.0,1
2026-01-26,24725.0,23363.550213376708,322465.0,0.0,0.0,0.0,0.0,0.0,0.0,0.0,1
2026-01-27,24950.0,23597.396559914607,322465.0,0.0,0.0,0.0,0.0,0.0,0.0,0.0,1
2026-01-28,25605.0,24237.99445459057,322465.0,0.0,0.0,0.0,0.0,0.0,0.0,0.0,1
2026-01-29,25950.0,24585.36848787901,274430.0,0.0,0.0,0.0,0.0,0.0,0.0,0.0,1
2026-01-30,25835.0,24496.497517118372,274430.0,0.0,0.0,0.0,0.0,0.0,0.0,0.0,1
2026-02-02,24515.0,23263.386139323153,274430.0,0.0,0.0,0.0,0.0,0.0,0.0,0.0,1
2026-02-03,24960.0,23703.966839022665,274430.0,0.0,0.0,0.0,0.0,0.0,0.0,0.0,1
2026-02-04,24885.0,23650.48020673131,274430.0,0.0,0.0,0.0,0.0,0.0,0.0,0.0,1
2026-02-05,24395.0,23201.70797906765,222800.0,0.0,0.0,0.0,0.0,0.0,0.0,0.0,1
2026-02-06,24490.0,23308.597625505055,222800.0,0.0,0.0,0.0,0.0,0.0,0.0,0.0,1
2026-02-09,24565.0,23396.139060927537,222800.0,0.0,0.0,0.0,0.0,0.0,0.0,0.0,1
2026-02-10,24505.0,23354.707899483983,222800.0,0.0,0.0,0.0,0.0,0.0,0.0,0.0,1
2026-02-11,24640.0,23498.782422237357,222800.0,0.0,0.0,0.0,0.0,0.0,0.0,0.0,1
2026-02-12,24670.0,23542.452130134498,96325.0,0.0,0.0,0.0,0.0,0.0,0.0,0.0,1
2026-02-13,24250.0,23156.103049505356,96325.0,0.0,0.0,0.0,0.0,0.0,0.0,0.0,1
2026-02-24,24680.0,23581.078914969487,3700.0,0.0,0.0,0.0,0.0,0.0,0.0,0.0,1
2026-02-25,24710.0,23623.809795134166,3700.0,0.0,0.0,0.0,0.0,0.0,0.0,0.0,1
2026-02-26,24570.0,23503.643158785377,40730.0,0.0,0.0,0.0,0.0,0.0,0.0,0.0,1
2026-02-27,24710.0,23687.80430018361,40730.0,0.0,0.0,0.0,0.0,0.0,0.0,0.0,1
2026-03-02,24850.0,23834.54888407567,40730.0,0.0,0.0,0.0,0.0,0.0,0.0,0.0,1
2026-03-03,24370.0,23386.21835117691,40730.0,0.0,0.0,0.0,0.0,0.0,0.0,0.0,1
2026-03-04,24480.0,23503.6570079872,40730.0,0.0,0.0,0.0,0.0,0.0,0.0,0.0,1
2026-03-05,24520.0,23553.73862939216,225470.0,0.0,0.0,0.0,0.0,0.0,0.0,0.0,1
2026-03-06,24260.0,23315.32680106429,225470.0,0.0,0.0,0.0,0.0,0.0,0.0,0.0,1
2026-03-09,24420.0,23480.309549070964,225470.0,0.0,0.0,0.0,0.0,0.0,0.0,0.0,1
2026-03-10,24415.0,23486.51643091361,225470.0,0.0,0.0,0.0,0.0,0.0,0.0,0.0,1
2026-03-11,24385.0,23468.469536042037,225470.0,0.0,0.0,0.0,0.0,0.0,0.0,0.0,1
2026-03-12,24300.0,23397.25777506535,314195.0,0.0,0.0,0.0,0.0,0.0,0.0,0.0,1
2026-03-13,24140.0,23253.552137501316,314195.0,0.0,0.0,0.0,0.0,0.0,0.0,0.0,1
2026-03-16,23905.0,23037.26582285122,314195.0,0.0,0.0,0.0,0.0,0.0,0.0,0.0,1
2026-03-17,23700.0,22849.54682788416,314195.0,0.0,0.0,0.0,0.0,0.0,0.0,0.0,1
2026-03-18,23345.0,22516.82777023318,314195.0,0.0,0.0,0.0,0.0,0.0,0.0,0.0,1
2026-03-19,22705.0,21908.67158138233,346090.0,0.0,0.0,0.0,0.0,0.0,0.0,0.0,1
2026-03-20,22935.0,22139.69963978174,346090.0,0.0,0.0,0.0,0.0,0.0,0.0,0.0,1
2026-03-23,22800.0,22018.290399549503,346090.0,0.0,0.0,0.0,0.0,0.0,0.0,0.0,1
2026-03-24,22975.0,22196.14003427526,346090.0,0.0,0.0,0.0,0.0,0.0,0.0,0.0,1
2026-03-25,22935.0,22166.20659225261,346090.0,0.0,0.0,0.0,0.0,0.0,0.0,0.0,1
2026-03-26,23070.0,22305.274380320123,350630.0,0.0,0.0,0.0,0.0,0.0,0.0,0.0,1
2026-03-27,23380.0,22613.589500299106,350630.0,0.0,0.0,0.0,0.0,0.0,0.0,0.0,1
2026-03-30,23540.0,22776.880012622685,350630.0,0.0,0.0,0.0,0.0,0.0,0.0,0.0,1
2026-03-31,23480.0,22727.228390505832,350630.0,0.0,0.0,0.0,0.0,0.0,0.0,0.0,1
2026-04-01,23550.0,22803.305465984202,350630.0,0.0,0.0,0.0,0.0,0.0,0.0,0.0,1
2026-04-02,23600.0,22859.955275343487,349845.0,0.0,0.0,0.0,0.0,0.0,0.0,0.0,1
2026-04-03,23590.0,22724.129454097038,349845.0,0.0,0.0,0.0,0.0,0.0,0.0,0.0,1
2026-04-07,23730.0,22868.755498783576,349845.0,0.0,0.0,0.0,0.0,0.0,0.0,0.0,1
2026-04-08,23815.0,22960.31305010695,349845.0,0.0,0.0,0.0,0.0,0.0,0.0,0.0,1
2026-04-09,23765.0,22921.57812647477,334170.0,0.0,0.0,0.0,0.0,0.0,0.0,0.0,1
2026-04-10,23615.0,22786.166868775843,334170.0,0.0,0.0,0.0,0.0,0.0,0.0,0.0,1
2026-04-13,23575.0,22756.67969450131,334170.0,0.0,0.0,0.0,0.0,0.0,0.0,0.0,1
2026-04-14,23790.0,22973.27143822885,334170.0,0.0,0.0,0.0,0.0,0.0,0.0,0.0,1
2026-04-15,23715.0,22909.739896686948,334170.0,0.0,0.0,0.0,0.0,0.0,0.0,0.0,1
2026-04-16,23905.0,23102.123884802917,362895.0,0.0,0.0,0.0,0.0,0.0,0.0,0.0,1
2026-04-17,24020.0,23153.646363394244,362895.0,0.0,0.0,0.0,0.0,0.0,0.0,0.0,1
2026-04-20,24205.0,23341.507393312637,362895.0,0.0,0.0,0.0,0.0,0.0,0.0,0.0,1
2026-04-21,24115.0,23264.06497778438,362895.0,0.0,0.0,0.0,0.0,0.0,0.0,0.0,1
2026-04-22,24250.0,23403.55315236131,362895.0,0.0,0.0,0.0,0.0,0.0,0.0,0.0,1
2026-04-23,24340.0,23499.55447556544,361640.0,0.0,0.0,0.0,0.0,0.0,0.0,0.0,1
2026-04-24,24225.0,23259.32619602546,361640.0,0.0,0.0,0.0,0.0,0.0,0.0,0.0,1
2026-04-27,24450.0,23486.106008802824,361640.0,0.0,0.0,0.0,0.0,0.0,0.0,0.0,1
2026-04-28,23840.0,22910.433274618917,361640.0,0.0,0.0,0.0,0.0,0.0,0.0,0.0,1
2026-04-29,23935.0,23011.853275177662,361640.0,0.0,0.0,0.0,0.0,0.0,0.0,0.0,1
2026-04-30,23645.0,22608.24969569972,364495.0,0.0,0.0,0.0,0.0,0.0,0.0,0.0,1
2026-05-06,24250.0,23198.32452811913,364495.0,0.0,0.0,0.0,0.0,0.0,0.0,0.0,1
2026-05-07,24285.0,23243.151796147744,275700.0,0.0,0.0,0.0,0.0,0.0,0.0,0.0,1
2026-05-08,24275.0,23141.188140313545,275700.0,0.0,0.0,0.0,0.0,0.0,0.0,0.0,1
2026-05-11,24085.0,22972.561582219212,275700.0,0.0,0.0,0.0,0.0,0.0,0.0,0.0,1
2026-05-12,24380.0,23266.25687907746,275700.0,0.0,0.0,0.0,0.0,0.0,0.0,0.0,1
2026-05-13,24830.0,23707.921036615833,275700.0,0.0,0.0,0.0,0.0,0.0,0.0,0.0,1
2026-05-14,24880.0,23767.589906293466,356795.0,0.0,0.0,0.0,0.0,0.0,0.0,0.0,1
2026-05-15,24690.0,23492.361787609494,356795.0,0.0,0.0,0.0,0.0,0.0,0.0,0.0,1
2026-05-18,24670.0,23486.44333384524,356795.0,0.0,0.0,0.0,0.0,0.0,0.0,0.0,1
2026-05-19,24705.0,23532.517588183113,356795.0,0.0,0.0,0.0,0.0,0.0,0.0,0.0,1
2026-05-20,24790.0,23625.91431233661,356795.0,0.0,0.0,0.0,0.0,0.0,0.0,0.0,1
2026-05-21,24805.0,23652.291865911808,347140.0,0.0,0.0,0.0,0.0,0.0,0.0,0.0,1
2026-05-22,24865.0,23615.08675488047,347140.0,0.0,0.0,0.0,0.0,0.0,0.0,0.0,1
2026-05-25,24875.0,23637.989155282285,347140.0,0.0,0.0,0.0,0.0,0.0,0.0,0.0,1
2026-05-26,25110.0,23874.407307372818,347140.0,0.0,0.0,0.0,0.0,0.0,0.0,0.0,1
2026-05-27,24710.0,23506.577095918845,347140.0,0.0,0.0,0.0,0.0,0.0,0.0,0.0,1
2026-05-28,24665.0,23475.83511010349,347345.0,0.0,0.0,0.0,0.0,0.0,0.0,0.0,1
2026-05-29,24965.0,23595.094211641295,347345.0,0.0,0.0,0.0,0.0,0.0,0.0,0.0,1
2026-06-01,24720.0,23378.482821716094,347345.0,0.0,0.0,0.0,0.0,0.0,0.0,0.0,1
2026-06-02,24985.0,23643.65541522411,347345.0,0.0,0.0,0.0,0.0,0.0,0.0,0.0,1
2026-06-03,25150.0,23813.908872545653,347345.0,0.0,0.0,0.0,0.0,0.0,0.0,0.0,1
2026-06-04,24800.0,23495.901589319907,333270.0,0.0,0.0,0.0,0.0,0.0,0.0,0.0,1
2026-06-05,24780.0,23419.037566298084,333270.0,0.0,0.0,0.0,0.0,0.0,0.0,0.0,1
2026-06-08,24630.0,23291.10943051984,333270.0,0.0,0.0,0.0,0.0,0.0,0.0,0.0,1
2026-06-09,24760.0,23427.39482934992,333270.0,0.0,0.0,0.0,0.0,0.0,0.0,0.0,1
2026-06-10,24620.0,23308.172917877484,333270.0,0.0,0.0,0.0,0.0,0.0,0.0,0.0,1
2026-06-11,24165.0,22889.902459530742,340745.0,0.0,0.0,0.0,0.0,0.0,0.0,0.0,1
2026-06-12,24360.0,23016.565044578023,340745.0,0.0,0.0,0.0,0.0,0.0,0.0,0.0,1
2026-06-15,24875.0,23516.49539884548,340745.0,0.0,0.0,0.0,0.0,0.0,0.0,0.0,1
2026-06-16,24765.0,23425.206461555026,340745.0,0.0,0.0,0.0,0.0,0.0,0.0,0.0,1
2026-06-17,24740.0,23413.689988617356,340745.0,0.0,0.0,0.0,0.0,0.0,0.0,0.0,1
2026-06-18,24820.0,23392.98212836313,329110.0,0.0,0.0,0.0,0.0,0.0,0.0,0.0,1
2026-06-22,24770.0,23359.22096960078,329110.0,0.0,0.0,0.0,0.0,0.0,0.0,0.0,1
2026-06-23,24570.0,23183.221802254353,329110.0,0.0,0.0,0.0,0.0,0.0,0.0,0.0,1
2026-06-24,24330.0,22968.622345655924,329110.0,0.0,0.0,0.0,0.0,0.0,0.0,0.0,1
2026-06-25,23945.0,22616.214688357875,306850.0,0.0,0.0,0.0,0.0,0.0,0.0,0.0,1
2026-06-26,23945.0,22626.649578312692,306850.0,0.0,0.0,0.0,0.0,0.0,0.0,0.0,1
2026-06-29,24470.0,23132.778992954223,306850.0,0.0,0.0,0.0,0.0,0.0,0.0,0.0,1
2026-06-30,24350.0,23028.69217620433,306850.0,0.0,0.0,0.0,0.0,0.0,0.0,0.0,1
2026-07-01,24400.0,23084.715407345666,306850.0,0.0,0.0,0.0,0.0,0.0,0.0,0.0,1
2026-07-02,24130.0,22839.83363725104,324920.0,0.0,0.0,0.0,0.0,0.0,0.0,0.0,1
2026-07-03,24295.0,22713.689089050033,324920.0,0.0,0.0,0.0,0.0,0.0,0.0,0.0,1
2026-07-06,24515.0,22936.135362348654,324920.0,0.0,0.0,0.0,0.0,0.0,0.0,0.0,1
2026-07-07,24740.0,23162.648178899017,324920.0,0.0,0.0,0.0,0.0,0.0,0.0,0.0,1
2026-07-08,24665.0,23109.82277071503,324920.0,0.0,0.0,0.0,0.0,0.0,0.0,0.0,1
2026-07-09,24795.0,23248.25254457987,308900.0,0.0,0.0,0.0,0.0,0.0,0.0,0.0,1
2026-07-10,24865.0,23329.72394096046,308900.0,0.0,0.0,0.0,0.0,0.0,0.0,0.0,1
2026-07-13,24700.0,23189.835724376484,308900.0,0.0,0.0,0.0,0.0,0.0,0.0,0.0,1
2026-07-14,24840.0,23335.48795124915,308900.0,0.0,0.0,0.0,0.0,0.0,0.0,0.0,1
2026-07-15,24805.0,23317.493202758746,308900.0,0.0,0.0,0.0,0.0,0.0,0.0,0.0,1
2026-07-16,24700.0,23232.866336263392,326455.0,0.0,0.0,0.0,0.0,0.0,0.0,0.0,1
2026-07-17,24465.0,22913.63698363532,326455.0,0.0,0.0,0.0,0.0,0.0,0.0,0.0,1
