datetime,open,high,low,close,volume,hold
2026-09-04 10:58:00,151300.0,151300.0,150960.0,151020.0,1105,398445
2026-09-04 10:59:00,151140.0,151280.0,151120.0,151120.0,274,398537
2026-09-04 11:00:00,151200.0,151340.0,151180.0,151180.0,264,398502
2026-09-04 11:01:00,151240.0,151320.0,151160.0,151320.0,85,398497
2026-09-04 11:02:00,151240.0,151300.0,151220.0,151220.0,167,398462
2026-09-04 11:03:00,151160.0,151200.0,151020.0,151060.0,201,398409
2026-09-04 11:04:00,151060.0,151100.0,150760.0,150780.0,769,398383
2026-09-04 11:05:00,150800.0,150800.0,150580.0,150700.0,996,398257
2026-09-04 11:06:00,150600.0,150600.0,150440.0,150500.0,1210,398415
2026-09-04 11:07:00,150440.0,150820.0,150440.0,150560.0,791,398244
2026-09-04 11:08:00,150460.0,150740.0,150460.0,150580.0,552,398402
2026-09-04 11:09:00,150580.0,150580.0,150200.0,150400.0,1217,398647
2026-09-04 11:10:00,150520.0,150580.0,150360.0,150400.0,560,398669
2026-09-04 11:11:00,150440.0,150640.0,150300.0,150520.0,795,398706
2026-09-04 11:12:00,150520.0,150620.0,150280.0,150280.0,445,398708
2026-09-04 11:13:00,150240.0,150280.0,150040.0,150040.0,1343,398630
2026-09-04 11:14:00,150040.0,150260.0,150040.0,150200.0,553,398673
2026-09-04 11:15:00,150240.0,150240.0,150100.0,150120.0,440,398777
2026-09-04 11:16:00,149880.0,150180.0,149240.0,149460.0,5692,398331
2026-09-04 11:17:00,149480.0,150060.0,149480.0,150020.0,1353,398177
2026-09-04 11:18:00,150080.0,150380.0,150080.0,150100.0,1089,398107
2026-09-04 11:19:00,150100.0,150140.0,149860.0,149980.0,869,398422
2026-09-04 11:20:00,149980.0,150300.0,149940.0,150240.0,775,398461
2026-09-04 11:21:00,150260.0,150580.0,150200.0,150500.0,760,398416
2026-09-04 11:22:00,150500.0,150560.0,150260.0,150480.0,757,398551
2026-09-04 11:23:00,150460.0,150520.0,150400.0,150420.0,290,398493
2026-09-04 11:24:00,150440.0,150460.0,150180.0,150400.0,400,398584
2026-09-04 11:25:00,150400.0,150400.0,150300.0,150360.0,256,398586
2026-09-04 11:26:00,150400.0,150400.0,149900.0,149980.0,683,398395
2026-09-04 11:27:00,149960.0,149960.0,149600.0,149700.0,969,398324
2026-09-04 11:28:00,149700.0,149760.0,149540.0,149680.0,1152,398192
2026-09-04 11:29:00,149680.0,149860.0,149600.0,149700.0,640,398227
2026-09-04 11:30:00,149720.0,149900.0,149460.0,149520.0,1177,398525
2026-09-04 13:31:00,149400.0,149500.0,148700.0,148760.0,5149,398436
2026-09-04 13:32:00,148700.0,149020.0,148680.0,148880.0,2287,398587
2026-09-04 13:33:00,148980.0,149540.0,148880.0,148900.0,2472,399117
2026-09-04 13:34:00,149040.0,149280.0,148860.0,149100.0,1925,398766
2026-09-04 13:35:00,149060.0,149420.0,148980.0,149020.0,971,398822
2026-09-04 13:36:00,149040.0,149220.0,148760.0,149220.0,1729,399106
2026-09-04 13:37:00,149180.0,149260.0,149000.0,149000.0,772,399351
2026-09-04 13:38:00,148980.0,149000.0,148800.0,148800.0,847,399504
2026-09-04 13:39:00,148780.0,149220.0,148740.0,149220.0,575,399635
2026-09-04 13:40:00,149200.0,149360.0,149120.0,149360.0,679,399562
2026-09-04 13:41:00,149160.0,149300.0,149160.0,149220.0,286,399511
2026-09-04 13:42:00,149520.0,149840.0,149500.0,149800.0,1400,399282
2026-09-04 13:43:00,149800.0,149840.0,149680.0,149840.0,561,399322
2026-09-04 13:44:00,149840.0,150260.0,149840.0,150120.0,1527,398989
2026-09-04 13:45:00,150140.0,150300.0,150080.0,150240.0,1248,399240
2026-09-04 13:46:00,150160.0,150320.0,150120.0,150300.0,711,399359
2026-09-04 13:47:00,150160.0,150160.0,149880.0,150120.0,640,399394
2026-09-04 13:48:00,150120.0,150260.0,150120.0,150180.0,501,399376
2026-09-04 13:49:00,150180.0,150180.0,149720.0,149840.0,1001,399373
2026-09-04 13:50:00,149720.0,149940.0,149700.0,149860.0,490,399466
2026-09-04 13:51:00,149820.0,150140.0,149820.0,150120.0,487,399540
2026-09-04 13:52:00,150220.0,150220.0,149960.0,149960.0,368,399663
2026-09-04 13:53:00,150000.0,150000.0,149540.0,149560.0,670,399574
2026-09-04 13:54:00,149480.0,149620.0,149140.0,149140.0,1020,399639
2026-09-04 13:55:00,149180.0,149400.0,149080.0,149280.0,976,399392
2026-09-04 13:56:00,149320.0,149340.0,148980.0,148980.0,731,399514
2026-09-04 13:57:00,149080.0,149440.0,148980.0,149340.0,439,399509
2026-09-04 13:58:00,149340.0,149400.0,149200.0,149200.0,253,399566
2026-09-04 13:59:00,149280.0,149320.0,149000.0,149000.0,710,399618
2026-09-04 14:00:00,149000.0,149220.0,148980.0,149020.0,445,399758
2026-09-04 14:01:00,148940.0,149200.0,148940.0,149200.0,630,400049
2026-09-04 14:02:00,149160.0,149300.0,149100.0,149240.0,317,400068
2026-09-04 14:03:00,149240.0,149280.0,149120.0,149120.0,312,400077
2026-09-04 14:04:00,149120.0,149480.0,149120.0,149460.0,537,399982
2026-09-04 14:05:00,149400.0,149420.0,149200.0,149200.0,303,400022
2026-09-04 14:06:00,149220.0,149280.0,149100.0,149140.0,369,400036
2026-09-04 14:07:00,149140.0,149200.0,149100.0,149100.0,374,400167
2026-09-04 14:08:00,149080.0,149100.0,148400.0,148520.0,3833,400318
2026-09-04 14:09:00,148140.0,148140.0,147120.0,147120.0,7369,399261
2026-09-04 14:10:00,147120.0,147560.0,147000.0,147180.0,5466,398581
2026-09-04 14:11:00,147280.0,147700.0,147240.0,147700.0,1893,398457
2026-09-04 14:12:00,147720.0,147800.0,147420.0,147640.0,1905,398537
2026-09-04 14:13:00,147620.0,147620.0,146960.0,146960.0,2229,398921
2026-09-04 14:14:00,146860.0,147120.0,146780.0,146780.0,2752,399162
2026-09-04 14:15:00,146820.0,147200.0,146780.0,147200.0,1729,399287
2026-09-04 14:16:00,147220.0,147220.0,146880.0,147060.0,1237,399443
2026-09-04 14:17:00,147080.0,147080.0,146320.0,146360.0,3386,399523
2026-09-04 14:18:00,146100.0,146160.0,145760.0,146000.0,4449,399060
2026-09-04 14:19:00,145980.0,146120.0,145700.0,145880.0,2592,399146
2026-09-04 14:20:00,145860.0,146120.0,145640.0,146120.0,2503,399026
2026-09-04 14:21:00,146040.0,146380.0,146040.0,146320.0,2097,399300
2026-09-04 14:22:00,146320.0,146320.0,145720.0,145720.0,1389,399568
2026-09-04 14:23:00,145800.0,145860.0,145500.0,145860.0,2154,399597
2026-09-04 14:24:00,145760.0,145860.0,144880.0,144880.0,5212,398756
2026-09-04 14:25:00,144800.0,144820.0,144140.0,144500.0,5052,398298
2026-09-04 14:26:00,144740.0,145080.0,144660.0,145020.0,2953,398059
2026-09-04 14:27:00,145000.0,145060.0,144040.0,144040.0,3762,398167
2026-09-04 14:28:00,144040.0,144280.0,143900.0,143900.0,3842,398391
2026-09-04 14:29:00,144180.0,144540.0,144140.0,144460.0,2053,398152
2026-09-04 14:30:00,144540.0,144760.0,144400.0,144740.0,1571,398011
2026-09-04 14:31:00,144560.0,144660.0,144200.0,144540.0,1387,398350
2026-09-04 14:32:00,144540.0,144700.0,143620.0,143620.0,2153,398004
2026-09-04 14:33:00,143660.0,143740.0,143060.0,143060.0,5902,397409
2026-09-04 14:34:00,143020.0,143460.0,143020.0,143420.0,3764,397155
2026-09-04 14:35:00,143140.0,143600.0,143140.0,143340.0,2322,396878
2026-09-04 14:36:00,143420.0,143420.0,143080.0,143140.0,2228,397060
2026-09-04 14:37:00,143120.0,143120.0,141820.0,142000.0,7562,396392
2026-09-04 14:38:00,142000.0,142080.0,141000.0,141040.0,7514,396237
2026-09-04 14:39:00,140960.0,141940.0,140660.0,141940.0,6089,395833
2026-09-04 14:40:00,142000.0,142480.0,141960.0,142440.0,1605,395753
2026-09-04 14:41:00,142340.0,142380.0,142000.0,142040.0,2168,395955
2026-09-04 14:42:00,141820.0,142700.0,141660.0,142660.0,2349,395523
2026-09-04 14:43:00,142700.0,142960.0,142440.0,142460.0,2859,395667
2026-09-04 14:44:00,142420.0,142460.0,141700.0,141760.0,2808,395714
2026-09-04 14:45:00,141960.0,141960.0,141600.0,141800.0,2269,395723
2026-09-04 14:46:00,142080.0,142120.0,141660.0,141680.0,2150,395940
2026-09-04 14:47:00,141900.0,142140.0,141580.0,142000.0,1833,396138
2026-09-04 14:48:00,142000.0,142020.0,141800.0,141960.0,1192,396334
2026-09-04 14:49:00,141980.0,142120.0,141600.0,141600.0,1368,396328
2026-09-04 14:50:00,141660.0,142460.0,141660.0,142420.0,1766,395981
2026-09-04 14:51:00,142360.0,142460.0,142160.0,142160.0,1458,395986
2026-09-04 14:52:00,142080.0,142160.0,141600.0,141620.0,1758,395820
2026-09-04 14:53:00,141700.0,142000.0,141500.0,141860.0,2357,395725
2026-09-04 14:54:00,141860.0,142100.0,141860.0,141920.0,1085,395586
2026-09-04 14:55:00,141940.0,142120.0,141900.0,142020.0,1267,395556
2026-09-04 14:56:00,142000.0,142220.0,142000.0,142200.0,1627,395443
2026-09-04 14:57:00,142180.0,142200.0,141800.0,141800.0,304,394933
2026-09-04 14:58:00,142000.0,142160.0,141900.0,142080.0,1186,394393
2026-09-04 14:59:00,142080.0,142120.0,141920.0,142060.0,1988,393766
2026-09-04 15:00:00,142040.0,142060.0,141900.0,141960.0,3255,392643
2026-09-07 09:01:00,142000.0,142960.0,142000.0,142640.0,11079,393398
2026-09-07 09:02:00,142560.0,142900.0,141760.0,142280.0,4663,393805
2026-09-07 09:03:00,142160.0,142540.0,142100.0,142460.0,1793,394077
2026-09-07 09:04:00,142460.0,142600.0,142040.0,142040.0,1980,394482
2026-09-07 09:05:00,142060.0,142060.0,141440.0,141440.0,2423,394663
2026-09-07 09:06:00,141380.0,142160.0,141380.0,141880.0,2294,394807
2026-09-07 09:07:00,141880.0,142100.0,141700.0,142100.0,1449,395042
2026-09-07 09:08:00,142040.0,142400.0,141960.0,142320.0,1707,395033
2026-09-07 09:09:00,142400.0,142560.0,142020.0,142020.0,1685,394919
2026-09-07 09:10:00,141880.0,142300.0,141880.0,142140.0,899,394804
2026-09-07 09:11:00,142120.0,142540.0,142120.0,142300.0,1022,394894
2026-09-07 09:12:00,142340.0,142420.0,141760.0,141840.0,1360,395050
2026-09-07 09:13:00,141720.0,141720.0,141260.0,141260.0,1704,395256
2026-09-07 09:14:00,141260.0,141440.0,141180.0,141400.0,1931,395686
2026-09-07 09:15:00,141420.0,141920.0,141280.0,141720.0,1552,395726
2026-09-07 09:16:00,141680.0,141920.0,141620.0,141700.0,856,395735
2026-09-07 09:17:00,141660.0,141800.0,141540.0,141680.0,514,395793
2026-09-07 09:18:00,141800.0,141960.0,141720.0,141880.0,460,395824
2026-09-07 09:19:00,141800.0,141860.0,141660.0,141660.0,939,395831
2026-09-07 09:20:00,141720.0,141720.0,141500.0,141500.0,538,395783
2026-09-07 09:21:00,141500.0,141540.0,141200.0,141320.0,1810,395525
2026-09-07 09:22:00,141120.0,141140.0,140900.0,141040.0,1735,395724
2026-09-07 09:23:00,141080.0,141160.0,140900.0,141160.0,996,395900
2026-09-07 09:24:00,141060.0,141100.0,140640.0,140920.0,1785,395962
2026-09-07 09:25:00,140920.0,141040.0,140820.0,141000.0,1116,396327
2026-09-07 09:26:00,141000.0,141060.0,140660.0,140740.0,1241,396462
2026-09-07 09:27:00,140920.0,140980.0,140700.0,140980.0,861,396708
2026-09-07 09:28:00,141000.0,141200.0,141000.0,141180.0,1025,396702
2026-09-07 09:29:00,141280.0,141580.0,141280.0,141500.0,1058,396820
2026-09-07 09:30:00,141540.0,141700.0,141380.0,141520.0,1087,396896
2026-09-07 09:31:00,141460.0,141460.0,141320.0,141380.0,168,397006
2026-09-07 09:32:00,141340.0,141440.0,141300.0,141380.0,336,397040
2026-09-07 09:33:00,141220.0,141280.0,140800.0,140880.0,766,397076
2026-09-07 09:34:00,140880.0,141140.0,140840.0,141100.0,560,397088
2026-09-07 09:35:00,141140.0,141260.0,141120.0,141240.0,349,397094
2026-09-07 09:36:00,141200.0,141200.0,140720.0,140780.0,822,397201
2026-09-07 09:37:00,140760.0,140940.0,140720.0,140760.0,581,397456
2026-09-07 09:38:00,140840.0,140880.0,140320.0,140580.0,2740,397537
2026-09-07 09:39:00,140580.0,140740.0,140300.0,140320.0,727,397574
2026-09-07 09:40:00,140360.0,140540.0,140260.0,140400.0,865,397496
2026-09-07 09:41:00,140420.0,140500.0,140340.0,140460.0,423,397593
2026-09-07 09:42:00,140520.0,140920.0,140520.0,140800.0,876,397432
2026-09-07 09:43:00,140780.0,140800.0,140620.0,140800.0,331,397419
2026-09-07 09:44:00,140800.0,140840.0,140500.0,140640.0,532,397575
2026-09-07 09:45:00,140560.0,140560.0,140160.0,140160.0,1286,397648
2026-09-07 09:46:00,140160.0,140700.0,140140.0,140700.0,797,397532
2026-09-07 09:47:00,140720.0,140860.0,140560.0,140780.0,683,397550
2026-09-07 09:48:00,140800.0,140920.0,140740.0,140780.0,396,397421
2026-09-07 09:49:00,140780.0,140900.0,140740.0,140740.0,190,397431
2026-09-07 09:50:00,140760.0,140760.0,140560.0,140620.0,408,397558
2026-09-07 09:51:00,140620.0,140760.0,140620.0,140700.0,211,397604
2026-09-07 09:52:00,140760.0,141040.0,140760.0,141040.0,750,397543
2026-09-07 09:53:00,141020.0,141260.0,140960.0,141260.0,570,397534
2026-09-07 09:54:00,141260.0,141260.0,141000.0,141080.0,316,397540
2026-09-07 09:55:00,141100.0,141280.0,140820.0,140820.0,912,397540
2026-09-07 09:56:00,140800.0,141100.0,140800.0,141000.0,327,397537
2026-09-07 09:57:00,140940.0,141180.0,140920.0,141140.0,185,397592
2026-09-07 09:58:00,141200.0,141200.0,141060.0,141060.0,252,397576
2026-09-07 09:59:00,141020.0,141200.0,140980.0,141160.0,200,397679
2026-09-07 10:00:00,141180.0,141560.0,141100.0,141400.0,862,397646
2026-09-07 10:01:00,141300.0,141300.0,141180.0,141200.0,326,397663
2026-09-07 10:02:00,141220.0,141220.0,140900.0,140920.0,564,397703
2026-09-07 10:03:00,140920.0,140980.0,140920.0,140980.0,125,397689
2026-09-07 10:04:00,140940.0,141080.0,140840.0,141060.0,277,397667
2026-09-07 10:05:00,141060.0,141080.0,140840.0,140920.0,573,397656
2026-09-07 10:06:00,140920.0,141000.0,140620.0,140860.0,377,397651
2026-09-07 10:07:00,140840.0,140940.0,140840.0,140860.0,120,397690
2026-09-07 10:08:00,140880.0,140920.0,140700.0,140700.0,234,397788
2026-09-07 10:09:00,140760.0,140920.0,140720.0,140840.0,260,397863
2026-09-07 10:10:00,140840.0,140920.0,140840.0,140920.0,106,397906
2026-09-07 10:11:00,140840.0,140900.0,140800.0,140900.0,116,397907
2026-09-07 10:12:00,140920.0,141220.0,140920.0,141220.0,379,397965
2026-09-07 10:13:00,141240.0,141260.0,141120.0,141180.0,242,398014
2026-09-07 10:14:00,141160.0,141160.0,140920.0,140940.0,354,398051
2026-09-07 10:15:00,141040.0,141040.0,140920.0,141000.0,162,397988
2026-09-07 10:31:00,141040.0,141200.0,141020.0,141120.0,303,398017
2026-09-07 10:32:00,141120.0,141120.0,140760.0,140800.0,601,398024
2026-09-07 10:33:00,140840.0,140880.0,140780.0,140840.0,197,398006
2026-09-07 10:34:00,140840.0,141160.0,140780.0,141140.0,387,398044
2026-09-07 10:35:00,141120.0,141880.0,141120.0,141880.0,1322,397881
2026-09-07 10:36:00,141880.0,141880.0,141660.0,141800.0,1052,397911
2026-09-07 10:37:00,141760.0,141860.0,141660.0,141800.0,471,397956
2026-09-07 10:38:00,141820.0,141860.0,141680.0,141860.0,409,398076
2026-09-07 10:39:00,141860.0,142060.0,141700.0,142040.0,1023,398011
2026-09-07 10:40:00,142060.0,142080.0,141780.0,142060.0,721,398053
2026-09-07 10:41:00,141920.0,142140.0,141920.0,141920.0,483,397931
2026-09-07 10:42:00,141820.0,141840.0,141420.0,141440.0,908,398019
2026-09-07 10:43:00,141420.0,141420.0,141160.0,141360.0,317,398037
2026-09-07 10:44:00,141280.0,141360.0,141260.0,141360.0,216,398117
2026-09-07 10:45:00,141440.0,141540.0,141320.0,141320.0,339,398199
2026-09-07 10:46:00,141300.0,141660.0,141300.0,141560.0,209,398206
2026-09-07 10:47:00,141580.0,141700.0,141560.0,141680.0,216,398263
2026-09-07 10:48:00,141440.0,141480.0,141380.0,141480.0,134,398349
2026-09-07 10:49:00,141400.0,141400.0,141340.0,141360.0,121,398373
2026-09-07 10:50:00,141320.0,141440.0,141320.0,141380.0,105,398385
2026-09-07 10:51:00,141380.0,141480.0,141320.0,141480.0,245,398407
2026-09-07 10:52:00,141500.0,141500.0,141240.0,141400.0,267,398400
2026-09-07 10:53:00,141420.0,141740.0,141400.0,141680.0,263,398411
2026-09-07 10:54:00,141740.0,142000.0,141700.0,142000.0,685,398377
2026-09-07 10:55:00,141980.0,142020.0,141780.0,141780.0,405,398396
2026-09-07 10:56:00,141780.0,141880.0,141500.0,141600.0,571,398485
2026-09-07 10:57:00,141600.0,141920.0,141580.0,141860.0,304,398456
2026-09-07 10:58:00,141800.0,142040.0,141800.0,141960.0,423,398546
2026-09-07 10:59:00,141960.0,142140.0,141860.0,142080.0,994,398657
2026-09-07 11:00:00,142080.0,142100.0,141900.0,141960.0,286,398697
2026-09-07 11:01:00,141940.0,142100.0,141920.0,142040.0,422,398732
2026-09-07 11:02:00,142060.0,142100.0,141820.0,142020.0,348,398818
2026-09-07 11:03:00,142020.0,142060.0,141920.0,141920.0,200,398889
2026-09-07 11:04:00,141920.0,141940.0,141700.0,141700.0,390,398894
2026-09-07 11:05:00,141680.0,141680.0,141420.0,141600.0,446,398901
2026-09-07 11:06:00,141580.0,141720.0,141540.0,141620.0,154,398963
2026-09-07 11:07:00,141620.0,141680.0,141560.0,141560.0,204,399056
2026-09-07 11:08:00,141560.0,141720.0,141500.0,141720.0,125,399016
2026-09-07 11:09:00,141680.0,141680.0,141580.0,141580.0,61,399053
2026-09-07 11:10:00,141700.0,141900.0,141640.0,141800.0,267,399045
2026-09-07 11:11:00,141800.0,141800.0,141640.0,141760.0,144,399023
2026-09-07 11:12:00,141740.0,141780.0,141660.0,141720.0,83,399005
2026-09-07 11:13:00,141720.0,141720.0,141240.0,141280.0,579,398940
2026-09-07 11:14:00,141260.0,141420.0,141080.0,141300.0,887,398722
2026-09-07 11:15:00,141300.0,141460.0,141200.0,141420.0,425,398642
2026-09-07 11:16:00,141420.0,141420.0,141200.0,141280.0,225,398622
2026-09-07 11:17:00,141260.0,141320.0,141160.0,141160.0,317,398565
2026-09-07 11:18:00,141120.0,141260.0,141120.0,141240.0,182,398492
2026-09-07 11:19:00,141260.0,141500.0,141220.0,141380.0,369,398411
2026-09-07 11:20:00,141280.0,141340.0,141180.0,141220.0,142,398439
2026-09-07 11:21:00,141160.0,141220.0,141100.0,141100.0,233,398401
2026-09-07 11:22:00,141140.0,141160.0,140640.0,140760.0,1080,398212
2026-09-07 11:23:00,140780.0,141060.0,140760.0,141020.0,412,398153
2026-09-07 11:24:00,141040.0,141180.0,141000.0,141120.0,201,398126
2026-09-07 11:25:00,141140.0,141280.0,141140.0,141240.0,163,398093
2026-09-07 11:26:00,141220.0,141220.0,141040.0,141060.0,151,398095
2026-09-07 11:27:00,141060.0,141300.0,141040.0,141220.0,114,398072
2026-09-07 11:28:00,141220.0,141300.0,141080.0,141240.0,175,398076
2026-09-07 11:29:00,141220.0,141280.0,141160.0,141240.0,127,398110
2026-09-07 11:30:00,141260.0,141280.0,141040.0,141100.0,173,398036
2026-09-07 13:31:00,141100.0,141540.0,141080.0,141080.0,878,397981
2026-09-07 13:32:00,141180.0,141600.0,141180.0,141460.0,429,398015
2026-09-07 13:33:00,141500.0,141500.0,141300.0,141420.0,408,397950
2026-09-07 13:34:00,141320.0,141480.0,141320.0,141440.0,189,397991
2026-09-07 13:35:00,141380.0,141460.0,141300.0,141380.0,199,398026
2026-09-07 13:36:00,141400.0,141440.0,141120.0,141200.0,526,397941
2026-09-07 13:37:00,141120.0,141320.0,141000.0,141060.0,243,398009
2026-09-07 13:38:00,141020.0,141020.0,140460.0,140600.0,1586,398060
2026-09-07 13:39:00,140740.0,140900.0,140580.0,140760.0,292,398076
2026-09-07 13:40:00,140600.0,140760.0,140540.0,140760.0,357,398077
2026-09-07 13:41:00,140760.0,140760.0,140500.0,140500.0,423,398145
2026-09-07 13:42:00,140580.0,140980.0,140520.0,140940.0,622,398090
2026-09-07 13:43:00,140980.0,142040.0,140960.0,141960.0,1714,397717
2026-09-07 13:44:00,141980.0,142360.0,141980.0,142020.0,1418,397610
2026-09-07 13:45:00,142000.0,142020.0,141620.0,141700.0,808,397714
2026-09-07 13:46:00,141620.0,142100.0,141600.0,141900.0,703,397850
2026-09-07 13:47:00,141920.0,141980.0,141820.0,141820.0,194,397939
2026-09-07 13:48:00,141840.0,142300.0,141760.0,142180.0,1145,397850
2026-09-07 13:49:00,142180.0,142400.0,142100.0,142260.0,1154,397922
2026-09-07 13:50:00,142240.0,142240.0,141680.0,141680.0,560,397833
2026-09-07 13:51:00,141760.0,142060.0,141680.0,142060.0,548,397895
2026-09-07 13:52:00,142060.0,142080.0,141920.0,141920.0,449,398004
2026-09-07 13:53:00,141840.0,141920.0,141740.0,141900.0,279,398015
2026-09-07 13:54:00,141880.0,141900.0,141760.0,141780.0,218,397975
2026-09-07 13:55:00,141800.0,141900.0,141800.0,141800.0,181,397975
2026-09-07 13:56:00,141800.0,141980.0,141760.0,141900.0,334,397858
2026-09-07 13:57:00,141880.0,142040.0,141880.0,142040.0,142,397807
2026-09-07 13:58:00,141240.0,141960.0,141140.0,141280.0,1440,397452
2026-09-07 13:59:00,141240.0,141280.0,140880.0,141280.0,763,397379
2026-09-07 14:00:00,141280.0,141400.0,141200.0,141200.0,391,397430
2026-09-07 14:01:00,141200.0,141420.0,141180.0,141380.0,216,397436
2026-09-07 14:02:00,141380.0,141520.0,141320.0,141460.0,210,397459
2026-09-07 14:03:00,141460.0,141520.0,141360.0,141360.0,121,397479
2026-09-07 14:04:00,141340.0,141460.0,141340.0,141460.0,61,397510
2026-09-07 14:05:00,141460.0,141620.0,141460.0,141580.0,189,397509
2026-09-07 14:06:00,141500.0,141600.0,141300.0,141300.0,264,397438
2026-09-07 14:07:00,141360.0,141520.0,141360.0,141460.0,119,397439
2026-09-07 14:08:00,141460.0,141480.0,141380.0,141400.0,86,397455
2026-09-07 14:09:00,141380.0,141440.0,141380.0,141380.0,112,397410
2026-09-07 14:10:00,141380.0,141760.0,141380.0,141660.0,379,397440
2026-09-07 14:11:00,141660.0,141860.0,141660.0,141800.0,234,397440
2026-09-07 14:12:00,141800.0,141900.0,141740.0,141900.0,205,397441
2026-09-07 14:13:00,141880.0,141900.0,141740.0,141760.0,159,397467
2026-09-07 14:14:00,141800.0,141800.0,141680.0,141800.0,92,397462
2026-09-07 14:15:00,141800.0,141800.0,141660.0,141780.0,118,397473
2026-09-07 14:16:00,141780.0,141820.0,141700.0,141800.0,138,397440
2026-09-07 14:17:00,141800.0,141800.0,141720.0,141740.0,123,397428
2026-09-07 14:18:00,141800.0,141860.0,141740.0,141760.0,266,397395
2026-09-07 14:19:00,141740.0,141860.0,141740.0,141820.0,187,397481
2026-09-07 14:20:00,141760.0,142200.0,141760.0,142100.0,1034,397559
2026-09-07 14:21:00,142140.0,142160.0,141800.0,141980.0,466,397573
2026-09-07 14:22:00,141900.0,141920.0,141740.0,141820.0,354,397680
2026-09-07 14:23:00,141820.0,141820.0,141660.0,141720.0,352,397644
2026-09-07 14:24:00,141720.0,141800.0,141660.0,141680.0,158,397625
2026-09-07 14:25:00,141660.0,141900.0,141660.0,141900.0,218,397576
2026-09-07 14:26:00,141840.0,142000.0,141840.0,141920.0,191,397559
2026-09-07 14:27:00,141920.0,141920.0,141740.0,141740.0,142,397528
2026-09-07 14:28:00,141740.0,141760.0,141380.0,141560.0,724,397374
2026-09-07 14:29:00,141560.0,141680.0,141560.0,141580.0,256,397342
2026-09-07 14:30:00,141580.0,141580.0,141500.0,141560.0,186,397317
2026-09-07 14:31:00,141720.0,141800.0,141600.0,141800.0,136,397258
2026-09-07 14:32:00,141720.0,141740.0,141640.0,141640.0,160,397205
2026-09-07 14:33:00,141660.0,141840.0,141600.0,141800.0,167,397151
2026-09-07 14:34:00,141740.0,141740.0,141560.0,141620.0,173,397128
2026-09-07 14:35:00,141620.0,141700.0,141600.0,141660.0,78,397117
2026-09-07 14:36:00,141640.0,141700.0,141560.0,141700.0,86,397064
2026-09-07 14:37:00,141700.0,141700.0,141520.0,141540.0,80,397066
2026-09-07 14:38:00,141540.0,141560.0,141460.0,141540.0,164,397054
2026-09-07 14:39:00,141540.0,141560.0,141460.0,141560.0,97,397040
2026-09-07 14:40:00,141480.0,141580.0,141480.0,141580.0,165,397018
2026-09-07 14:41:00,141600.0,141660.0,141560.0,141660.0,116,397000
2026-09-07 14:42:00,141620.0,141680.0,141180.0,141240.0,1190,396659
2026-09-07 14:43:00,141300.0,141500.0,141220.0,141380.0,469,396541
2026-09-07 14:44:00,141440.0,141520.0,141420.0,141500.0,181,396485
2026-09-07 14:45:00,141520.0,141740.0,141520.0,141740.0,413,396388
2026-09-07 14:46:00,141780.0,141780.0,141680.0,141760.0,189,396319
2026-09-07 14:47:00,141720.0,141980.0,141680.0,141860.0,428,396196
2026-09-07 14:48:00,141860.0,141860.0,141700.0,141760.0,251,396136
2026-09-07 14:49:00,141800.0,141920.0,141760.0,141920.0,193,396083
2026-09-07 14:50:00,141840.0,141980.0,141840.0,141900.0,537,395863
2026-09-07 14:51:00,141940.0,142140.0,141940.0,142100.0,1064,395931
2026-09-07 14:52:00,142100.0,142300.0,142100.0,142280.0,1222,395971
2026-09-07 14:53:00,142320.0,142320.0,142120.0,142160.0,662,395995
2026-09-07 14:54:00,142200.0,142240.0,142080.0,142080.0,632,395901
2026-09-07 14:55:00,142080.0,142380.0,142080.0,142340.0,775,395803
2026-09-07 14:56:00,142360.0,142400.0,142200.0,142300.0,1155,395827
2026-09-07 14:57:00,142300.0,142340.0,142220.0,142260.0,718,395755
2026-09-07 14:58:00,142280.0,142340.0,142000.0,142140.0,1255,395696
2026-09-07 14:59:00,142160.0,142160.0,141920.0,141920.0,931,395523
2026-09-07 15:00:00,141960.0,142200.0,141900.0,142140.0,1595,394998
2026-09-08 09:01:00,143140.0,144180.0,142500.0,143420.0,10224,395203
2026-09-08 09:02:00,143480.0,143580.0,143240.0,143580.0,3416,396267
2026-09-08 09:03:00,143720.0,143820.0,143580.0,143820.0,2387,396608
2026-09-08 09:04:00,143820.0,143980.0,143420.0,143580.0,2519,397218
2026-09-08 09:05:00,143620.0,143700.0,143500.0,143700.0,1085,397659
2026-09-08 09:06:00,143680.0,143780.0,143080.0,143500.0,1891,397893
2026-09-08 09:07:00,143500.0,143940.0,143380.0,143860.0,1438,398214
2026-09-08 09:08:00,143800.0,144080.0,143800.0,144080.0,1960,398266
2026-09-08 09:09:00,144080.0,144080.0,143740.0,143800.0,951,398354
2026-09-08 09:10:00,143800.0,143980.0,143720.0,143980.0,923,398316
2026-09-08 09:11:00,143960.0,143960.0,143600.0,143720.0,784,398358
2026-09-08 09:12:00,143740.0,143840.0,143300.0,143580.0,1122,398539
2026-09-08 09:13:00,143480.0,143560.0,143360.0,143440.0,854,398657
2026-09-08 09:14:00,143460.0,143460.0,143080.0,143260.0,1147,398681
2026-09-08 09:15:00,143280.0,143460.0,143180.0,143400.0,742,398984
2026-09-08 09:16:00,143400.0,143420.0,143220.0,143320.0,428,399107
2026-09-08 09:17:00,143260.0,143340.0,143020.0,143180.0,883,399263
2026-09-08 09:18:00,143120.0,143320.0,143100.0,143280.0,608,399347
2026-09-08 09:19:00,143280.0,143300.0,143160.0,143300.0,643,399548
2026-09-08 09:20:00,143220.0,143320.0,143180.0,143240.0,357,399660
2026-09-08 09:21:00,143120.0,143180.0,142820.0,142860.0,1656,399490
2026-09-08 09:22:00,142940.0,142940.0,142620.0,142620.0,967,399469
2026-09-08 09:23:00,142660.0,142900.0,142600.0,142900.0,938,399398
2026-09-08 09:24:00,142900.0,142980.0,142860.0,142900.0,330,399459
2026-09-08 09:25:00,142880.0,143180.0,142840.0,143060.0,597,399495
2026-09-08 09:26:00,143080.0,143240.0,143040.0,143220.0,542,399556
2026-09-08 09:27:00,143220.0,143300.0,143140.0,143260.0,554,399580
2026-09-08 09:28:00,143260.0,143500.0,143260.0,143440.0,818,399413
2026-09-08 09:29:00,143500.0,143560.0,143400.0,143460.0,754,399586
2026-09-08 09:30:00,143460.0,143560.0,143420.0,143560.0,351,399619
2026-09-08 09:31:00,143560.0,143600.0,143400.0,143400.0,522,399542
2026-09-08 09:32:00,143460.0,143700.0,143400.0,143660.0,824,399707
2026-09-08 09:33:00,143720.0,143720.0,143600.0,143600.0,395,399679
2026-09-08 09:34:00,143600.0,143800.0,143520.0,143780.0,505,399632
2026-09-08 09:35:00,143740.0,143780.0,143660.0,143780.0,253,399641
2026-09-08 09:36:00,143800.0,143800.0,143600.0,143640.0,359,399687
2026-09-08 09:37:00,143640.0,143860.0,143640.0,143740.0,477,399542
2026-09-08 09:38:00,143680.0,143800.0,143680.0,143760.0,306,399596
2026-09-08 09:39:00,143740.0,143740.0,143360.0,143380.0,514,399478
2026-09-08 09:40:00,143480.0,143520.0,143380.0,143460.0,212,399517
2026-09-08 09:41:00,143440.0,143440.0,143300.0,143440.0,433,399416
2026-09-08 09:42:00,143440.0,143520.0,143420.0,143500.0,144,399420
2026-09-08 09:43:00,143460.0,143660.0,143460.0,143640.0,198,399458
2026-09-08 09:44:00,143660.0,143660.0,143480.0,143480.0,128,399475
2026-09-08 09:45:00,143480.0,143500.0,143320.0,143340.0,157,399425
2026-09-08 09:46:00,143320.0,143440.0,143040.0,143140.0,552,399428
2026-09-08 09:47:00,143080.0,143260.0,143080.0,143220.0,157,399463
2026-09-08 09:48:00,143220.0,143440.0,143220.0,143400.0,279,399400
2026-09-08 09:49:00,143400.0,143400.0,143220.0,143220.0,278,399375
2026-09-08 09:50:00,143240.0,143240.0,142880.0,142920.0,792,399229
2026-09-08 09:51:00,142920.0,143180.0,142900.0,143080.0,346,399146
2026-09-08 09:52:00,143080.0,143080.0,142980.0,142980.0,213,399150
2026-09-08 09:53:00,143020.0,143200.0,143000.0,143060.0,145,399145
2026-09-08 09:54:00,143080.0,143120.0,142940.0,143040.0,430,399268
2026-09-08 09:55:00,143040.0,143040.0,142740.0,142760.0,541,399231
2026-09-08 09:56:00,142720.0,142740.0,142440.0,142560.0,1558,398986
2026-09-08 09:57:00,142480.0,142580.0,142360.0,142560.0,1320,399033
2026-09-08 09:58:00,142600.0,142600.0,142360.0,142360.0,468,399051
2026-09-08 09:59:00,142320.0,142660.0,142300.0,142660.0,644,399243
2026-09-08 10:00:00,142640.0,142640.0,142300.0,142300.0,452,399390
2026-09-08 10:01:00,142260.0,142400.0,142040.0,142180.0,1247,399310
2026-09-08 10:02:00,142120.0,142420.0,142100.0,142380.0,633,399453
2026-09-08 10:03:00,142420.0,142460.0,142360.0,142460.0,300,399547
2026-09-08 10:04:00,142460.0,142580.0,142340.0,142340.0,430,399674
2026-09-08 10:05:00,142320.0,142320.0,141680.0,141780.0,2417,399923
2026-09-08 10:06:00,141820.0,142060.0,141780.0,142000.0,816,400187
2026-09-08 10:07:00,141980.0,142120.0,141900.0,142120.0,359,400313
2026-09-08 10:08:00,142100.0,142380.0,142100.0,142300.0,455,400260
2026-09-08 10:09:00,142280.0,142380.0,142200.0,142360.0,269,400282
2026-09-08 10:10:00,142360.0,142460.0,142200.0,142400.0,450,400458
2026-09-08 10:11:00,142400.0,142420.0,141920.0,141920.0,453,400568
2026-09-08 10:12:00,141920.0,142280.0,141920.0,142180.0,389,400576
2026-09-08 10:13:00,142200.0,142580.0,142180.0,142560.0,544,400485
2026-09-08 10:14:00,142540.0,142860.0,142520.0,142580.0,607,400257
2026-09-08 10:15:00,142520.0,142540.0,142420.0,142480.0,340,400244
2026-09-08 10:31:00,142560.0,142760.0,142400.0,142680.0,448,400321
2026-09-08 10:32:00,142600.0,142800.0,142540.0,142660.0,365,400422
2026-09-08 10:33:00,142560.0,142800.0,142560.0,142780.0,299,400475
2026-09-08 10:34:00,142800.0,142880.0,142700.0,142700.0,385,400553
2026-09-08 10:35:00,142660.0,142780.0,142560.0,142680.0,210,400629
2026-09-08 10:36:00,142560.0,142600.0,142500.0,142500.0,218,400666
2026-09-08 10:37:00,142320.0,142440.0,142200.0,142260.0,424,400724
2026-09-08 10:38:00,142260.0,142600.0,142260.0,142260.0,410,400713
2026-09-08 10:39:00,142340.0,142340.0,142080.0,142240.0,616,400760
2026-09-08 10:40:00,142240.0,142240.0,142040.0,142120.0,267,400823
2026-09-08 10:41:00,142120.0,142180.0,142080.0,142120.0,300,400963
2026-09-08 10:42:00,142120.0,142440.0,142120.0,142280.0,117,400941
2026-09-08 10:43:00,142320.0,142460.0,142320.0,142420.0,86,400928
2026-09-08 10:44:00,142420.0,142440.0,142300.0,142400.0,133,400989
2026-09-08 10:45:00,142400.0,142400.0,142260.0,142340.0,111,401037
2026-09-08 10:46:00,142260.0,142440.0,142220.0,142320.0,108,401079
2026-09-08 10:47:00,142320.0,142560.0,142320.0,142440.0,147,401051
2026-09-08 10:48:00,142380.0,142700.0,142380.0,142660.0,201,401112
2026-09-08 10:49:00,142700.0,142720.0,142540.0,142620.0,196,401144
2026-09-08 10:50:00,142620.0,142700.0,142480.0,142520.0,372,401132
2026-09-08 10:51:00,142520.0,142520.0,142360.0,142380.0,74,401146
2026-09-08 10:52:00,142440.0,142600.0,142400.0,142580.0,100,401150
2026-09-08 10:53:00,142580.0,142580.0,142300.0,142340.0,87,401177
2026-09-08 10:54:00,142340.0,142340.0,142200.0,142200.0,244,401159
2026-09-08 10:55:00,142260.0,142300.0,142200.0,142300.0,155,401205
2026-09-08 10:56:00,142300.0,142400.0,142260.0,142400.0,113,401259
2026-09-08 10:57:00,142400.0,142500.0,142380.0,142380.0,141,401287
2026-09-08 10:58:00,142260.0,142260.0,142000.0,142160.0,722,401305
2026-09-08 10:59:00,142240.0,142260.0,142180.0,142260.0,110,401322
2026-09-08 11:00:00,142200.0,142240.0,142120.0,142240.0,90,401350
2026-09-08 11:01:00,142260.0,142500.0,142160.0,142500.0,235,401367
2026-09-08 11:02:00,142440.0,142500.0,142380.0,142440.0,146,401335
2026-09-08 11:03:00,142440.0,142500.0,142360.0,142360.0,97,401334
2026-09-08 11:04:00,142320.0,142360.0,142240.0,142240.0,56,401350
2026-09-08 11:05:00,142280.0,142360.0,142240.0,142340.0,67,401369
2026-09-08 11:06:00,142340.0,142440.0,142340.0,142400.0,81,401383
2026-09-08 11:07:00,142380.0,142380.0,142020.0,142060.0,207,401380
2026-09-08 11:08:00,142040.0,142200.0,142020.0,142020.0,137,401399
2026-09-08 11:09:00,142020.0,142160.0,142020.0,142160.0,134,401410
2026-09-08 11:10:00,142220.0,142460.0,142220.0,142380.0,238,401368
2026-09-08 11:11:00,142380.0,142440.0,142200.0,142220.0,150,401378
2026-09-08 11:12:00,142220.0,142360.0,142220.0,142360.0,91,401410
2026-09-08 11:13:00,142360.0,142600.0,142320.0,142580.0,455,401413
2026-09-08 11:14:00,142560.0,142580.0,142420.0,142540.0,176,401428
2026-09-08 11:15:00,142540.0,142540.0,142320.0,142380.0,143,401438
2026-09-08 11:16:00,142380.0,142380.0,142140.0,142220.0,272,401436
2026-09-08 11:17:00,142220.0,142420.0,142220.0,142420.0,103,401438
2026-09-08 11:18:00,142400.0,142440.0,142220.0,142320.0,90,401393
2026-09-08 11:19:00,142320.0,142440.0,142260.0,142440.0,71,401399
2026-09-08 11:20:00,142400.0,142500.0,142400.0,142500.0,174,401411
2026-09-08 11:21:00,142500.0,142800.0,142480.0,142700.0,469,401461
2026-09-08 11:22:00,142600.0,142680.0,142580.0,142660.0,208,401456
2026-09-08 11:23:00,142580.0,142660.0,142480.0,142500.0,129,401458
2026-09-08 11:24:00,142500.0,142660.0,142400.0,142660.0,126,401417
2026-09-08 11:25:00,142660.0,142680.0,142440.0,142520.0,126,401419
2026-09-08 11:26:00,142520.0,142520.0,142420.0,142420.0,92,401429
2026-09-08 11:27:00,142420.0,142700.0,142420.0,142640.0,267,401548
2026-09-08 11:28:00,142680.0,142880.0,142680.0,142840.0,427,401390
2026-09-08 11:29:00,142840.0,142980.0,142740.0,142780.0,658,401329
2026-09-08 11:30:00,142780.0,142840.0,142520.0,142740.0,498,401265
2026-09-08 13:31:00,142780.0,142780.0,142500.0,142520.0,900,401473
2026-09-08 13:32:00,142800.0,142920.0,142600.0,142760.0,380,401606
2026-09-08 13:33:00,142640.0,143020.0,142620.0,142980.0,732,401707
2026-09-08 13:34:00,143020.0,143360.0,142820.0,143120.0,1133,401602
2026-09-08 13:35:00,143080.0,143420.0,143080.0,143420.0,643,401561
2026-09-08 13:36:00,143360.0,143400.0,143160.0,143200.0,553,401592
2026-09-08 13:37:00,143180.0,143200.0,143080.0,143100.0,243,401553
2026-09-08 13:38:00,143100.0,143300.0,143100.0,143220.0,360,401628
2026-09-08 13:39:00,143200.0,143400.0,143180.0,143400.0,343,401670
2026-09-08 13:40:00,143400.0,143600.0,143300.0,143320.0,885,401576
2026-09-08 13:41:00,143320.0,143460.0,143080.0,143200.0,630,401634
2026-09-08 13:42:00,143200.0,143340.0,143100.0,143120.0,397,401648
2026-09-08 13:43:00,143100.0,143140.0,143000.0,143000.0,365,401625
2026-09-08 13:44:00,143060.0,143080.0,142940.0,143040.0,410,401627
2026-09-08 13:45:00,143040.0,143140.0,142940.0,143060.0,335,401694
2026-09-08 13:46:00,143060.0,143140.0,142960.0,143020.0,339,401652
2026-09-08 13:47:00,143080.0,143080.0,143000.0,143040.0,102,401664
2026-09-08 13:48:00,143060.0,143060.0,143000.0,143000.0,194,401743
2026-09-08 13:49:00,143000.0,143140.0,143000.0,143100.0,189,401740
2026-09-08 13:50:00,143060.0,143080.0,142840.0,142860.0,340,401701
2026-09-08 13:51:00,142860.0,142880.0,142700.0,142720.0,587,401682
2026-09-08 13:52:00,142700.0,142700.0,142500.0,142500.0,798,401656
2026-09-08 13:53:00,142640.0,142740.0,142480.0,142720.0,557,401680
2026-09-08 13:54:00,142780.0,142860.0,142540.0,142860.0,227,401705
2026-09-08 13:55:00,142880.0,142960.0,142780.0,142800.0,330,401725
2026-09-08 13:56:00,142860.0,142860.0,142720.0,142740.0,196,401667
2026-09-08 13:57:00,142740.0,142820.0,142740.0,142780.0,122,401649
2026-09-08 13:58:00,142880.0,142940.0,142840.0,142940.0,102,401638
2026-09-08 13:59:00,142940.0,143000.0,142900.0,142900.0,206,401637
2026-09-08 14:00:00,142900.0,142960.0,142840.0,142940.0,133,401683
2026-09-08 14:01:00,142840.0,142940.0,142680.0,142780.0,372,401754
2026-09-08 14:02:00,142780.0,142960.0,142780.0,142840.0,199,401756
2026-09-08 14:03:00,142880.0,142980.0,142820.0,142880.0,136,401786
2026-09-08 14:04:00,142900.0,142920.0,142600.0,142600.0,224,401840
2026-09-08 14:05:00,142600.0,142800.0,142600.0,142740.0,194,401799
2026-09-08 14:06:00,142720.0,142740.0,142620.0,142620.0,275,401783
2026-09-08 14:07:00,142600.0,142600.0,142320.0,142360.0,715,401708
2026-09-08 14:08:00,142380.0,142640.0,142380.0,142600.0,355,401718
2026-09-08 14:09:00,142600.0,142780.0,142600.0,142700.0,117,401698
2026-09-08 14:10:00,142780.0,143000.0,142700.0,142900.0,355,401565
2026-09-08 14:11:00,142900.0,142940.0,142800.0,142900.0,158,401568
2026-09-08 14:12:00,142960.0,142960.0,142840.0,142920.0,181,401527
2026-09-08 14:13:00,142920.0,143200.0,142920.0,143100.0,660,401402
2026-09-08 14:14:00,143140.0,143400.0,143040.0,143400.0,676,401283
2026-09-08 14:15:00,143360.0,143360.0,143200.0,143260.0,574,401264
2026-09-08 14:16:00,143180.0,143200.0,143000.0,143020.0,289,401325
2026-09-08 14:17:00,143040.0,143040.0,142860.0,142880.0,259,401238
2026-09-08 14:18:00,142880.0,142920.0,142860.0,142880.0,143,401275
2026-09-08 14:19:00,142880.0,142880.0,142600.0,142800.0,600,401009
2026-09-08 14:20:00,142760.0,142800.0,142380.0,142400.0,617,400923
2026-09-08 14:21:00,142460.0,142580.0,142420.0,142500.0,389,400828
2026-09-08 14:22:00,142500.0,142660.0,142480.0,142660.0,216,400848
2026-09-08 14:23:00,142680.0,142680.0,142500.0,142520.0,278,400905
2026-09-08 14:24:00,142480.0,142480.0,142120.0,142120.0,1448,401011
2026-09-08 14:25:00,142120.0,142360.0,142000.0,142360.0,1111,400709
2026-09-08 14:26:00,142360.0,142460.0,142360.0,142440.0,318,400701
2026-09-08 14:27:00,142440.0,142440.0,142200.0,142260.0,266,400696
2026-09-08 14:28:00,142220.0,142480.0,142220.0,142480.0,164,400701
2026-09-08 14:29:00,142400.0,142660.0,142400.0,142520.0,292,400661
2026-09-08 14:30:00,142520.0,142680.0,142500.0,142500.0,249,400653
2026-09-08 14:31:00,142480.0,142640.0,142480.0,142500.0,220,400742
2026-09-08 14:32:00,142460.0,142660.0,142460.0,142660.0,94,400748
2026-09-08 14:33:00,142640.0,142660.0,142500.0,142520.0,77,400737
2026-09-08 14:34:00,142480.0,142480.0,142320.0,142460.0,130,400720
2026-09-08 14:35:00,142500.0,142580.0,142440.0,142460.0,117,400743
2026-09-08 14:36:00,142400.0,142580.0,142320.0,142560.0,283,400614
2026-09-08 14:37:00,142580.0,142740.0,142580.0,142720.0,336,400578
2026-09-08 14:38:00,142720.0,142760.0,142520.0,142720.0,258,400549
2026-09-08 14:39:00,142720.0,143020.0,142720.0,142940.0,674,400459
2026-09-08 14:40:00,142920.0,142940.0,142800.0,142880.0,289,400444
2026-09-08 14:41:00,142800.0,143060.0,142800.0,143060.0,319,400510
2026-09-08 14:42:00,143140.0,143340.0,143100.0,143320.0,733,400440
2026-09-08 14:43:00,143260.0,143360.0,143120.0,143120.0,616,400356
2026-09-08 14:44:00,143200.0,143420.0,143180.0,143380.0,877,400491
2026-09-08 14:45:00,143420.0,143500.0,143120.0,143200.0,554,400530
2026-09-08 14:46:00,143300.0,143300.0,143120.0,143120.0,366,400525
2026-09-08 14:47:00,143200.0,143240.0,143040.0,143240.0,340,400490
2026-09-08 14:48:00,143220.0,143400.0,143220.0,143300.0,306,400429
2026-09-08 14:49:00,143300.0,143360.0,143080.0,143120.0,291,400374
2026-09-08 14:50:00,143160.0,143320.0,143160.0,143220.0,232,400373
2026-09-08 14:51:00,143220.0,143300.0,143140.0,143200.0,236,400373
2026-09-08 14:52:00,143160.0,143200.0,143100.0,143120.0,222,400272
2026-09-08 14:53:00,143120.0,143240.0,142880.0,143000.0,5,400128
2026-09-08 14:54:00,143020.0,143060.0,142860.0,143000.0,399,399932
2026-09-08 14:55:00,142980.0,143000.0,142880.0,142880.0,280,399852
2026-09-08 14:56:00,142880.0,143060.0,142820.0,143040.0,459,399748
2026-09-08 14:57:00,142940.0,143040.0,142920.0,143000.0,466,399521
2026-09-08 14:58:00,142980.0,143200.0,142980.0,143180.0,789,399236
2026-09-08 14:59:00,143100.0,143380.0,143100.0,143360.0,696,399040
2026-09-08 15:00:00,143480.0,143480.0,143480.0,143480.0,0,398576
2026-09-09 09:01:00,142900.0,143280.0,141600.0,141760.0,5487,398768
2026-09-09 09:02:00,141280.0,141500.0,140800.0,141200.0,4594,399175
2026-09-09 09:03:00,141220.0,141500.0,141140.0,141300.0,2084,399558
2026-09-09 09:04:00,141260.0,141400.0,140740.0,141100.0,3204,400354
2026-09-09 09:05:00,141080.0,141420.0,141060.0,141340.0,1508,400471
2026-09-09 09:06:00,141340.0,141400.0,141060.0,141080.0,1167,400606
2026-09-09 09:07:00,140940.0,141040.0,140760.0,140840.0,1839,400575
2026-09-09 09:08:00,140860.0,141140.0,140840.0,140880.0,1089,400565
2026-09-09 09:09:00,140860.0,140960.0,140580.0,140780.0,2149,400973
2026-09-09 09:10:00,140800.0,141200.0,140800.0,141200.0,1010,400864
2026-09-09 09:11:00,141120.0,141260.0,140880.0,141180.0,770,400802
2026-09-09 09:12:00,141260.0,141740.0,141220.0,141640.0,1608,400904
2026-09-09 09:13:00,141680.0,142880.0,141460.0,142840.0,2556,400478
2026-09-09 09:14:00,142800.0,142900.0,142420.0,142660.0,2175,400530
2026-09-09 09:15:00,142680.0,142700.0,141840.0,141960.0,1302,400460
2026-09-09 09:16:00,141980.0,142060.0,141620.0,141900.0,1126,400396
2026-09-09 09:17:00,141720.0,141720.0,141320.0,141420.0,1037,400458
2026-09-09 09:18:00,141460.0,141700.0,141420.0,141680.0,1008,400377
2026-09-09 09:19:00,141720.0,141900.0,141520.0,141900.0,561,400374
2026-09-09 09:20:00,141840.0,141960.0,141760.0,141760.0,489,400407
2026-09-09 09:21:00,141800.0,142180.0,141700.0,142180.0,814,400405
2026-09-09 09:22:00,142200.0,142380.0,141820.0,141820.0,1216,400420
2026-09-09 09:23:00,141800.0,141960.0,141700.0,141900.0,640,400497
2026-09-09 09:24:00,141940.0,142320.0,141900.0,142300.0,498,400473
2026-09-09 09:25:00,142280.0,142640.0,142160.0,142600.0,1385,400694
2026-09-09 09:26:00,142680.0,143600.0,142620.0,143540.0,4209,400361
2026-09-09 09:27:00,143560.0,143600.0,143040.0,143220.0,2560,400048
2026-09-09 09:28:00,143220.0,143420.0,142940.0,143060.0,1502,399960
2026-09-09 09:29:00,143100.0,143100.0,142620.0,142780.0,1934,400505
2026-09-09 09:30:00,142780.0,143180.0,142700.0,143020.0,1074,400418
2026-09-09 09:31:00,143080.0,143100.0,142880.0,142980.0,1024,400409
2026-09-09 09:32:00,143000.0,143300.0,143000.0,143020.0,1083,400447
2026-09-09 09:33:00,143000.0,143300.0,142980.0,143000.0,588,400382
2026-09-09 09:34:00,142980.0,143260.0,142940.0,143140.0,537,400479
2026-09-09 09:35:00,143140.0,143220.0,143100.0,143140.0,408,400641
2026-09-09 09:36:00,143160.0,143260.0,142980.0,143140.0,420,400591
2026-09-09 09:37:00,143220.0,143400.0,143140.0,143220.0,507,400657
2026-09-09 09:38:00,143220.0,143560.0,143200.0,143560.0,742,400795
2026-09-09 09:39:00,143580.0,143580.0,143440.0,143520.0,1169,400951
2026-09-09 09:40:00,143520.0,143860.0,143500.0,143820.0,1515,401053
2026-09-09 09:41:00,143820.0,143900.0,143760.0,143880.0,1185,401139
2026-09-09 09:42:00,143840.0,143840.0,143420.0,143700.0,880,401283
2026-09-09 09:43:00,143860.0,144200.0,143800.0,143800.0,1728,401216
2026-09-09 09:44:00,143800.0,144000.0,143600.0,143680.0,695,401306
2026-09-09 09:45:00,143680.0,143840.0,143580.0,143640.0,420,401342
2026-09-09 09:46:00,143440.0,143580.0,143300.0,143420.0,746,401232
2026-09-09 09:47:00,143280.0,143280.0,143080.0,143120.0,720,401275
2026-09-09 09:48:00,143060.0,143220.0,143060.0,143180.0,461,401276
2026-09-09 09:49:00,143140.0,143220.0,143140.0,143140.0,324,401288
2026-09-09 09:50:00,143200.0,143340.0,143160.0,143160.0,301,401246
2026-09-09 09:51:00,143060.0,143160.0,143000.0,143020.0,265,401244
2026-09-09 09:52:00,143060.0,143060.0,142460.0,142480.0,1602,400925
2026-09-09 09:53:00,142460.0,142580.0,142180.0,142240.0,1298,400827
2026-09-09 09:54:00,142120.0,142460.0,142120.0,142400.0,543,400840
2026-09-09 09:55:00,142400.0,142540.0,142340.0,142520.0,478,400882
2026-09-09 09:56:00,142500.0,142500.0,142100.0,142100.0,704,400975
2026-09-09 09:57:00,142120.0,142340.0,142000.0,142280.0,769,400901
2026-09-09 09:58:00,142260.0,142420.0,142240.0,142280.0,321,400959
2026-09-09 09:59:00,142240.0,142280.0,142000.0,142140.0,459,401051
2026-09-09 10:00:00,142200.0,142200.0,141880.0,142000.0,1018,401104
2026-09-09 10:01:00,142000.0,142000.0,141500.0,141580.0,1579,400989
2026-09-09 10:02:00,141540.0,141600.0,141080.0,141460.0,1794,401287
2026-09-09 10:03:00,141380.0,141860.0,141380.0,141840.0,854,401364
2026-09-09 10:04:00,141940.0,142140.0,141900.0,142060.0,772,401581
2026-09-09 10:05:00,142080.0,142080.0,141760.0,142000.0,468,401665
2026-09-09 10:06:00,141860.0,142020.0,141820.0,141960.0,265,401794
2026-09-09 10:07:00,141900.0,141900.0,141820.0,141880.0,237,401907
2026-09-09 10:08:00,141840.0,141880.0,141640.0,141660.0,370,402010
2026-09-09 10:09:00,141660.0,141820.0,141520.0,141520.0,361,402070
2026-09-09 10:10:00,141520.0,141800.0,141460.0,141740.0,628,402176
2026-09-09 10:11:00,141740.0,141760.0,141660.0,141680.0,127,402241
2026-09-09 10:12:00,141680.0,141760.0,141600.0,141700.0,326,402358
2026-09-09 10:13:00,141500.0,141500.0,141300.0,141400.0,767,402344
2026-09-09 10:14:00,141500.0,141700.0,141500.0,141700.0,289,402381
2026-09-09 10:15:00,141760.0,142000.0,141760.0,141880.0,637,402475
2026-09-09 10:31:00,142040.0,142200.0,141880.0,141940.0,309,402482
2026-09-09 10:32:00,141880.0,141880.0,141600.0,141700.0,362,402565
2026-09-09 10:33:00,141640.0,141680.0,141520.0,141600.0,281,402661
2026-09-09 10:34:00,141520.0,141600.0,141480.0,141540.0,313,402786
2026-09-09 10:35:00,141620.0,141760.0,141600.0,141600.0,239,402828
2026-09-09 10:36:00,141460.0,141700.0,141460.0,141700.0,186,402882
2026-09-09 10:37:00,141620.0,141640.0,141520.0,141640.0,141,402946
2026-09-09 10:38:00,141660.0,141780.0,141600.0,141720.0,228,403019
2026-09-09 10:39:00,141720.0,141800.0,141580.0,141640.0,180,403066
2026-09-09 10:40:00,141640.0,141660.0,141400.0,141420.0,372,403220
2026-09-09 10:41:00,141460.0,141720.0,141420.0,141720.0,176,403268
2026-09-09 10:42:00,141720.0,141880.0,141640.0,141660.0,463,403337
2026-09-09 10:43:00,141640.0,141640.0,141420.0,141420.0,217,403469
2026-09-09 10:44:00,141420.0,141680.0,141400.0,141680.0,240,403490
2026-09-09 10:45:00,141700.0,141740.0,141600.0,141740.0,193,403510
2026-09-09 10:46:00,141740.0,141740.0,141500.0,141500.0,228,403650
2026-09-09 10:47:00,141540.0,141760.0,141500.0,141760.0,168,403709
2026-09-09 10:48:00,141760.0,141880.0,141640.0,141680.0,349,403645
2026-09-09 10:49:00,141720.0,141760.0,141720.0,141760.0,75,403645
2026-09-09 10:50:00,141740.0,141780.0,141640.0,141640.0,142,403634
2026-09-09 10:51:00,141640.0,141700.0,141500.0,141500.0,188,403705
2026-09-09 10:52:00,141500.0,141700.0,141500.0,141700.0,159,403713
2026-09-09 10:53:00,141760.0,141960.0,141620.0,141840.0,305,403656
2026-09-09 10:54:00,141880.0,141980.0,141780.0,141880.0,272,403758
2026-09-09 10:55:00,141880.0,141900.0,141860.0,141900.0,197,403776
2026-09-09 10:56:00,141860.0,141900.0,141820.0,141860.0,215,403792
2026-09-09 10:57:00,141860.0,141900.0,141820.0,141880.0,91,403773
2026-09-09 10:58:00,141880.0,141900.0,141840.0,141840.0,148,403838
2026-09-09 10:59:00,141840.0,141840.0,141520.0,141600.0,368,403948
2026-09-09 11:00:00,141520.0,141600.0,141520.0,141540.0,155,403988
2026-09-09 11:01:00,141580.0,141600.0,141500.0,141540.0,300,404127
2026-09-09 11:02:00,141580.0,141720.0,141580.0,141620.0,384,404343
2026-09-09 11:03:00,141580.0,141660.0,141300.0,141340.0,528,404422
2026-09-09 11:04:00,141320.0,141360.0,140940.0,141240.0,2680,404542
2026-09-09 11:05:00,141300.0,141900.0,141300.0,141860.0,462,404560
2026-09-09 11:06:00,141900.0,142140.0,141820.0,141880.0,1016,404565
2026-09-09 11:07:00,141820.0,142260.0,141780.0,142120.0,916,404428
2026-09-09 11:08:00,142100.0,142100.0,141820.0,141880.0,254,404476
2026-09-09 11:09:00,141880.0,141880.0,141520.0,141700.0,247,404481
2026-09-09 11:10:00,141700.0,141760.0,141460.0,141580.0,241,404541
2026-09-09 11:11:00,141580.0,141660.0,141500.0,141560.0,199,404658
2026-09-09 11:12:00,141560.0,141560.0,141380.0,141500.0,250,404725
2026-09-09 11:13:00,141520.0,141700.0,141520.0,141600.0,128,404761
2026-09-09 11:14:00,141600.0,141600.0,141420.0,141540.0,168,404858
2026-09-09 11:15:00,141540.0,141580.0,141400.0,141400.0,131,404920
2026-09-09 11:16:00,141400.0,141440.0,141040.0,141100.0,907,405087
2026-09-09 11:17:00,141180.0,141380.0,141120.0,141280.0,388,405245
2026-09-09 11:18:00,141280.0,141480.0,141280.0,141480.0,215,405231
2026-09-09 11:19:00,141480.0,141500.0,141320.0,141440.0,205,405261
2026-09-09 11:20:00,141460.0,141560.0,141180.0,141240.0,347,405279
2026-09-09 11:21:00,141260.0,141280.0,141160.0,141200.0,219,405315
2026-09-09 11:22:00,141240.0,141240.0,141080.0,141120.0,588,405515
2026-09-09 11:23:00,141100.0,141600.0,141080.0,141400.0,616,405648
2026-09-09 11:24:00,141400.0,141420.0,141160.0,141320.0,186,405699
2026-09-09 11:25:00,141220.0,141420.0,141220.0,141420.0,61,405711
2026-09-09 11:26:00,141420.0,141420.0,141340.0,141420.0,65,405717
2026-09-09 11:27:00,141360.0,141360.0,141220.0,141320.0,178,405811
2026-09-09 11:28:00,141340.0,141500.0,141320.0,141500.0,133,405795
2026-09-09 11:29:00,141660.0,142180.0,141600.0,141880.0,1407,405192
2026-09-09 11:30:00,141960.0,142100.0,141840.0,141940.0,684,404933
2026-09-09 13:31:00,142060.0,142060.0,141340.0,141400.0,1103,404843
2026-09-09 13:32:00,141560.0,141640.0,141460.0,141640.0,252,404907
2026-09-09 13:33:00,141700.0,141800.0,141560.0,141800.0,372,405012
2026-09-09 13:34:00,141800.0,141860.0,141620.0,141840.0,239,405046
2026-09-09 13:35:00,141760.0,141880.0,141740.0,141880.0,222,405026
2026-09-09 13:36:00,141880.0,142100.0,141880.0,141940.0,479,404997
2026-09-09 13:37:00,142020.0,142080.0,141940.0,142000.0,512,405139
2026-09-09 13:38:00,142040.0,142040.0,141800.0,141800.0,292,405097
2026-09-09 13:39:00,141740.0,142060.0,141720.0,142060.0,403,405007
2026-09-09 13:40:00,142060.0,142300.0,142060.0,142200.0,871,405005
2026-09-09 13:41:00,142280.0,142340.0,142260.0,142340.0,302,405049
2026-09-09 13:42:00,142320.0,142340.0,142260.0,142280.0,342,405065
2026-09-09 13:43:00,142240.0,142280.0,142160.0,142160.0,150,405025
2026-09-09 13:44:00,142200.0,142340.0,142180.0,142320.0,198,405010
2026-09-09 13:45:00,142320.0,142380.0,142160.0,142240.0,164,405100
2026-09-09 13:46:00,142280.0,142320.0,142160.0,142300.0,115,405129
2026-09-09 13:47:00,142280.0,142300.0,141980.0,142040.0,376,405211
2026-09-09 13:48:00,142040.0,142140.0,142020.0,142040.0,274,405200
2026-09-09 13:49:00,142040.0,142040.0,141800.0,141840.0,365,405017
2026-09-09 13:50:00,141920.0,142080.0,141920.0,141920.0,255,405051
2026-09-09 13:51:00,141900.0,142020.0,141900.0,142000.0,86,405075
2026-09-09 13:52:00,142000.0,142020.0,141800.0,141800.0,267,405103
2026-09-09 13:53:00,141680.0,141720.0,141600.0,141680.0,648,405269
2026-09-09 13:54:00,141680.0,141720.0,141580.0,141720.0,288,405454
2026-09-09 13:55:00,141660.0,141700.0,141560.0,141660.0,195,405592
2026-09-09 13:56:00,141720.0,141880.0,141720.0,141800.0,146,405645
2026-09-09 13:57:00,141760.0,141980.0,141760.0,141980.0,127,405612
2026-09-09 13:58:00,141880.0,142000.0,141880.0,141960.0,121,405604
2026-09-09 13:59:00,141960.0,141960.0,141700.0,141700.0,175,405627
2026-09-09 14:00:00,141800.0,141880.0,141700.0,141820.0,126,405668
2026-09-09 14:01:00,141860.0,141860.0,141800.0,141820.0,118,405666
2026-09-09 14:02:00,141820.0,141880.0,141520.0,141540.0,592,405722
2026-09-09 14:03:00,141540.0,141760.0,141540.0,141720.0,134,405686
2026-09-09 14:04:00,141720.0,141740.0,141680.0,141680.0,92,405664
2026-09-09 14:05:00,141700.0,141840.0,141640.0,141840.0,101,405647
2026-09-09 14:06:00,141900.0,142100.0,141840.0,142040.0,392,405612
2026-09-09 14:07:00,142020.0,142020.0,141920.0,141920.0,57,405606
2026-09-09 14:08:00,141900.0,141920.0,141840.0,141880.0,110,405616
2026-09-09 14:09:00,141880.0,142180.0,141880.0,142040.0,256,405630
2026-09-09 14:10:00,142040.0,142100.0,142020.0,142060.0,172,405678
2026-09-09 14:11:00,142080.0,142200.0,142060.0,142120.0,315,405776
2026-09-09 14:12:00,142100.0,142120.0,142000.0,142000.0,143,405776
2026-09-09 14:13:00,142020.0,142080.0,142000.0,142080.0,154,405685
2026-09-09 14:14:00,142040.0,142040.0,141840.0,141920.0,591,405675
2026-09-09 14:15:00,142240.0,142340.0,142000.0,142080.0,428,405704
2026-09-09 14:16:00,142060.0,142100.0,141680.0,141680.0,1068,406134
2026-09-09 14:17:00,141600.0,141800.0,141600.0,141600.0,578,406413
2026-09-09 14:18:00,141660.0,141760.0,141600.0,141700.0,386,406537
2026-09-09 14:19:00,141620.0,141700.0,141580.0,141660.0,257,406590
2026-09-09 14:20:00,141640.0,141800.0,141640.0,141700.0,165,406577
2026-09-09 14:21:00,141720.0,141800.0,141660.0,141660.0,155,406545
2026-09-09 14:22:00,141660.0,141680.0,141560.0,141600.0,194,406562
2026-09-09 14:23:00,141620.0,141680.0,141540.0,141580.0,207,406652
2026-09-09 14:24:00,141520.0,141640.0,141500.0,141600.0,441,406634
2026-09-09 14:25:00,141620.0,141780.0,141600.0,141780.0,223,406616
2026-09-09 14:26:00,141780.0,141800.0,141580.0,141660.0,191,406709
2026-09-09 14:27:00,141720.0,141800.0,141720.0,141800.0,144,406802
2026-09-09 14:28:00,141880.0,141920.0,141740.0,141840.0,162,406811
2026-09-09 14:29:00,141840.0,141920.0,141740.0,141740.0,172,406781
2026-09-09 14:30:00,141800.0,141800.0,141780.0,141780.0,41,406775
2026-09-09 14:31:00,141740.0,141740.0,141520.0,141520.0,307,406781
2026-09-09 14:32:00,141520.0,141560.0,141080.0,141140.0,2244,406925
2026-09-09 14:33:00,141360.0,141800.0,141160.0,141640.0,1002,406770
2026-09-09 14:34:00,141620.0,141800.0,141580.0,141740.0,446,406893
2026-09-09 14:35:00,141680.0,141760.0,141580.0,141600.0,387,406885
2026-09-09 14:36:00,141760.0,141780.0,141660.0,141700.0,144,406883
2026-09-09 14:37:00,141700.0,141760.0,141600.0,141620.0,223,406867
2026-09-09 14:38:00,142000.0,142520.0,141640.0,142200.0,2184,406733
2026-09-09 14:39:00,142280.0,142320.0,142060.0,142160.0,474,406787
2026-09-09 14:40:00,142220.0,142340.0,142180.0,142260.0,416,406806
2026-09-09 14:41:00,142240.0,142260.0,141880.0,141980.0,278,406798
2026-09-09 14:42:00,142060.0,142160.0,142060.0,142060.0,198,406796
2026-09-09 14:43:00,142060.0,142100.0,141800.0,141820.0,240,406830
2026-09-09 14:44:00,142080.0,142080.0,141900.0,141900.0,265,406765
2026-09-09 14:45:00,141960.0,141980.0,141800.0,141900.0,152,406754
2026-09-09 14:46:00,141820.0,141880.0,141700.0,141860.0,401,406702
2026-09-09 14:47:00,141940.0,141980.0,141800.0,141920.0,174,406674
2026-09-09 14:48:00,141820.0,141920.0,141740.0,141920.0,376,406719
2026-09-09 14:49:00,141960.0,142080.0,141920.0,142060.0,268,406663
2026-09-09 14:50:00,142020.0,142020.0,141820.0,141860.0,197,406668
2026-09-09 14:51:00,141880.0,141880.0,141660.0,141680.0,356,406653
2026-09-09 14:52:00,141520.0,141720.0,141500.0,141720.0,566,406683
2026-09-09 14:53:00,141700.0,141800.0,141600.0,141600.0,184,406649
2026-09-09 14:54:00,141680.0,141800.0,141680.0,141720.0,321,406691
2026-09-09 14:55:00,141720.0,141720.0,141560.0,141560.0,524,406685
2026-09-09 14:56:00,141600.0,141820.0,141600.0,141820.0,433,406698
2026-09-09 14:57:00,141840.0,141940.0,141840.0,141860.0,342,406615
2026-09-09 14:58:00,141920.0,142080.0,141800.0,142080.0,822,406295
2026-09-09 14:59:00,142040.0,142200.0,141980.0,142100.0,695,405930
2026-09-09 15:00:00,142140.0,142140.0,141980.0,142000.0,1376,405436
2026-09-10 09:01:00,142280.0,142640.0,142000.0,142640.0,6219,405956
2026-09-10 09:02:00,142700.0,142880.0,142360.0,142820.0,2801,406208
2026-09-10 09:03:00,142880.0,143000.0,142660.0,142960.0,2776,406770
2026-09-10 09:04:00,142940.0,143200.0,142820.0,143200.0,2276,407104
2026-09-10 09:05:00,143220.0,143300.0,142700.0,142780.0,1773,407143
2026-09-10 09:06:00,142560.0,142860.0,142400.0,142820.0,1189,407138
2026-09-10 09:07:00,142820.0,143200.0,142560.0,143200.0,1344,406820
2026-09-10 09:08:00,143160.0,143240.0,142880.0,143060.0,941,406690
2026-09-10 09:09:00,143060.0,143100.0,142800.0,142960.0,541,406590
2026-09-10 09:10:00,142980.0,143020.0,142900.0,143000.0,339,406603
2026-09-10 09:11:00,143200.0,143200.0,142840.0,142840.0,682,406681
2026-09-10 09:12:00,142840.0,143120.0,142840.0,142940.0,473,406749
2026-09-10 09:13:00,142940.0,143220.0,142800.0,143180.0,837,406802
2026-09-10 09:14:00,143180.0,143620.0,143100.0,143520.0,2422,406743
2026-09-10 09:15:00,143480.0,143540.0,143400.0,143480.0,672,406916
2026-09-10 09:16:00,143480.0,143740.0,143400.0,143460.0,1519,407012
2026-09-10 09:17:00,143460.0,143460.0,142800.0,143000.0,1539,406834
2026-09-10 09:18:00,142960.0,143100.0,142800.0,143080.0,852,406679
2026-09-10 09:19:00,143080.0,143100.0,142840.0,142880.0,393,406704
2026-09-10 09:20:00,142780.0,142900.0,142700.0,142840.0,441,406689
2026-09-10 09:21:00,142860.0,143020.0,142800.0,142800.0,409,406758
2026-09-10 09:22:00,142800.0,143060.0,142760.0,143000.0,369,406773
2026-09-10 09:23:00,142960.0,142980.0,142800.0,142940.0,410,406828
2026-09-10 09:24:00,142940.0,143100.0,142920.0,143040.0,196,406879
2026-09-10 09:25:00,143060.0,143100.0,142960.0,142960.0,307,406968
2026-09-10 09:26:00,142960.0,143060.0,142900.0,142900.0,233,406969
2026-09-10 09:27:00,142960.0,143100.0,142900.0,142980.0,321,407003
2026-09-10 09:28:00,142980.0,143080.0,142920.0,143080.0,227,407100
2026-09-10 09:29:00,143080.0,143080.0,142840.0,142980.0,268,407178
2026-09-10 09:30:00,142980.0,143080.0,142600.0,142700.0,1102,407190
2026-09-10 09:31:00,142700.0,142860.0,142700.0,142820.0,358,407182
2026-09-10 09:32:00,142820.0,142880.0,142760.0,142880.0,276,407256
2026-09-10 09:33:00,142840.0,142880.0,142800.0,142820.0,175,407283
2026-09-10 09:34:00,142820.0,142820.0,142640.0,142640.0,484,407202
2026-09-10 09:35:00,142600.0,142740.0,142400.0,142640.0,795,407172
2026-09-10 09:36:00,142600.0,142740.0,142520.0,142660.0,265,407228
2026-09-10 09:37:00,142660.0,142800.0,142640.0,142800.0,199,407293
2026-09-10 09:38:00,142760.0,142800.0,142660.0,142740.0,219,407277
2026-09-10 09:39:00,142740.0,142860.0,142720.0,142800.0,134,407292
2026-09-10 09:40:00,142840.0,143020.0,142840.0,142920.0,427,407223
2026-09-10 09:41:00,142920.0,143580.0,142920.0,143420.0,1800,406794
2026-09-10 09:42:00,143440.0,143460.0,142900.0,143180.0,513,406698
2026-09-10 09:43:00,143280.0,143280.0,142980.0,143000.0,199,406665
2026-09-10 09:44:00,143060.0,143060.0,142880.0,143000.0,261,406677
2026-09-10 09:45:00,142880.0,142940.0,142700.0,142940.0,306,406714
2026-09-10 09:46:00,142940.0,142960.0,142680.0,142680.0,601,406855
2026-09-10 09:47:00,142640.0,142700.0,142280.0,142300.0,1381,406780
2026-09-10 09:48:00,142300.0,142340.0,142060.0,142280.0,1012,406655
2026-09-10 09:49:00,142100.0,142100.0,141540.0,141700.0,2035,406917
2026-09-10 09:50:00,141660.0,141920.0,141320.0,141900.0,1895,407243
2026-09-10 09:51:00,141860.0,141880.0,141700.0,141760.0,452,407434
2026-09-10 09:52:00,141700.0,142020.0,141700.0,141940.0,571,407511
2026-09-10 09:53:00,141840.0,142180.0,141840.0,142060.0,549,407571
2026-09-10 09:54:00,142020.0,142180.0,142020.0,142020.0,296,407679
2026-09-10 09:55:00,142020.0,142220.0,142020.0,142140.0,261,407720
2026-09-10 09:56:00,142120.0,142140.0,142040.0,142040.0,156,407777
2026-09-10 09:57:00,142040.0,142060.0,141680.0,141760.0,739,407995
2026-09-10 09:58:00,141760.0,141940.0,141680.0,141940.0,404,408041
2026-09-10 09:59:00,141920.0,141920.0,141700.0,141760.0,249,408079
2026-09-10 10:00:00,141760.0,141940.0,141760.0,141940.0,235,408177
2026-09-10 10:01:00,141860.0,141860.0,141600.0,141600.0,456,408273
2026-09-10 10:02:00,141600.0,141940.0,141600.0,141940.0,259,408303
2026-09-10 10:03:00,141940.0,142300.0,141940.0,142160.0,550,408142
2026-09-10 10:04:00,142200.0,142240.0,142140.0,142200.0,184,408093
2026-09-10 10:05:00,142160.0,142220.0,141960.0,142060.0,169,408114
2026-09-10 10:06:00,142000.0,142000.0,141780.0,141920.0,207,408098
2026-09-10 10:07:00,141920.0,142120.0,141920.0,142120.0,168,408109
2026-09-10 10:08:00,142120.0,142160.0,141900.0,142020.0,245,408173
2026-09-10 10:09:00,142000.0,142080.0,142000.0,142040.0,100,408196
2026-09-10 10:10:00,142040.0,142060.0,141960.0,142040.0,309,408207
2026-09-10 10:11:00,142040.0,142140.0,141940.0,142040.0,223,408168
2026-09-10 10:12:00,142040.0,142040.0,141960.0,141960.0,39,408174
2026-09-10 10:13:00,141960.0,141960.0,141760.0,141940.0,258,408212
2026-09-10 10:14:00,141940.0,142160.0,141940.0,141960.0,212,408188
2026-09-10 10:15:00,141920.0,141980.0,141800.0,141920.0,170,408130
2026-09-10 10:31:00,141920.0,142080.0,141760.0,142020.0,234,408186
2026-09-10 10:32:00,142020.0,142220.0,142020.0,142220.0,199,408184
2026-09-10 10:33:00,142000.0,142160.0,141760.0,141760.0,277,408243
2026-09-10 10:34:00,141760.0,141900.0,141400.0,141540.0,1357,408646
2026-09-10 10:35:00,141540.0,141700.0,141400.0,141640.0,412,408687
2026-09-10 10:36:00,141620.0,141700.0,141580.0,141660.0,285,408756
2026-09-10 10:37:00,141720.0,141780.0,141100.0,141200.0,2061,409312
2026-09-10 10:38:00,141020.0,141420.0,141020.0,141400.0,1610,409635
2026-09-10 10:39:00,141440.0,142100.0,141400.0,142040.0,967,409646
2026-09-10 10:40:00,142040.0,142160.0,141520.0,141640.0,1112,409854
2026-09-10 10:41:00,141400.0,141680.0,141000.0,141200.0,3469,409859
2026-09-10 10:42:00,141120.0,141220.0,140700.0,140960.0,2659,410654
2026-09-10 10:43:00,141000.0,141300.0,140740.0,140840.0,1657,410832
2026-09-10 10:44:00,140800.0,140840.0,140320.0,140500.0,4132,411273
2026-09-10 10:45:00,140440.0,140880.0,140380.0,140840.0,1489,411454
2026-09-10 10:46:00,140840.0,141100.0,140800.0,141020.0,1199,411359
2026-09-10 10:47:00,141040.0,141040.0,140580.0,140600.0,820,411380
2026-09-10 10:48:00,140920.0,141060.0,140500.0,140780.0,1124,411609
2026-09-10 10:49:00,140520.0,140860.0,140380.0,140380.0,1290,411939
2026-09-10 10:50:00,140500.0,140760.0,140320.0,140500.0,970,412006
2026-09-10 10:51:00,140500.0,140560.0,140300.0,140380.0,1351,412294
2026-09-10 10:52:00,140200.0,140740.0,140200.0,140740.0,1707,412624
2026-09-10 10:53:00,140620.0,140720.0,140460.0,140500.0,742,412895
2026-09-10 10:54:00,140500.0,140520.0,140200.0,140200.0,756,413028
2026-09-10 10:55:00,140220.0,140280.0,139600.0,139800.0,6983,412402
2026-09-10 10:56:00,139820.0,140840.0,139800.0,140820.0,2561,411775
2026-09-10 10:57:00,140800.0,142000.0,140800.0,141980.0,3693,410753
2026-09-10 10:58:00,142000.0,142380.0,141720.0,141900.0,3972,410416
2026-09-10 10:59:00,141780.0,141900.0,141540.0,141540.0,1126,410342
2026-09-10 11:00:00,141340.0,141540.0,141260.0,141440.0,1028,410538
2026-09-10 11:01:00,141400.0,141900.0,141400.0,141800.0,1158,410725
2026-09-10 11:02:00,141800.0,141880.0,141520.0,141700.0,499,410771
2026-09-10 11:03:00,141700.0,141920.0,141700.0,141780.0,554,410714
2026-09-10 11:04:00,141740.0,141900.0,141560.0,141700.0,641,410878
2026-09-10 11:05:00,141840.0,141900.0,141640.0,141800.0,650,410719
2026-09-10 11:06:00,141800.0,142040.0,141800.0,142040.0,1306,411023
2026-09-10 11:07:00,142040.0,142100.0,141920.0,141980.0,575,410908
2026-09-10 11:08:00,141960.0,142000.0,141900.0,141980.0,245,410896
2026-09-10 11:09:00,141980.0,142000.0,141860.0,141900.0,202,410909
2026-09-10 11:10:00,141920.0,142060.0,141880.0,142040.0,376,410819
2026-09-10 11:11:00,142040.0,142080.0,141940.0,142080.0,497,410718
2026-09-10 11:12:00,142040.0,142200.0,141960.0,141980.0,834,410590
2026-09-10 11:13:00,141980.0,141980.0,141680.0,141900.0,363,410523
2026-09-10 11:14:00,141920.0,141940.0,141840.0,141920.0,149,410529
2026-09-10 11:15:00,141920.0,141960.0,141780.0,141880.0,277,410510
2026-09-10 11:16:00,141960.0,142200.0,141920.0,142080.0,815,410542
2026-09-10 11:17:00,142100.0,142160.0,142020.0,142080.0,266,410517
2026-09-10 11:18:00,142060.0,142420.0,142040.0,142400.0,980,410413
2026-09-10 11:19:00,142400.0,142700.0,142320.0,142480.0,1431,410399
2026-09-10 11:20:00,142480.0,142700.0,142420.0,142540.0,779,410564
2026-09-10 11:21:00,142500.0,142600.0,142260.0,142560.0,543,410525
2026-09-10 11:22:00,142560.0,142560.0,142240.0,142240.0,393,410536
2026-09-10 11:23:00,142240.0,142440.0,142240.0,142440.0,188,410470
2026-09-10 11:24:00,142440.0,142540.0,142400.0,142480.0,356,410403
2026-09-10 11:25:00,142480.0,142660.0,142360.0,142640.0,437,410385
2026-09-10 11:26:00,142600.0,142620.0,142420.0,142460.0,307,410383
2026-09-10 11:27:00,142460.0,142500.0,142360.0,142480.0,185,410312
2026-09-10 11:28:00,142500.0,142500.0,142420.0,142440.0,243,410247
2026-09-10 11:29:00,142400.0,142480.0,142380.0,142420.0,255,410173
2026-09-10 11:30:00,142440.0,142580.0,142380.0,142420.0,948,410066
2026-09-10 13:31:00,142200.0,142300.0,141500.0,141660.0,2149,410393
2026-09-10 13:32:00,141660.0,141920.0,141300.0,141900.0,1394,410407
2026-09-10 13:33:00,141900.0,142220.0,141900.0,142100.0,679,410467
2026-09-10 13:34:00,142100.0,142500.0,142100.0,142240.0,819,410501
2026-09-10 13:35:00,142240.0,142380.0,142000.0,142000.0,469,410473
2026-09-10 13:36:00,142120.0,142440.0,142120.0,142360.0,360,410514
2026-09-10 13:37:00,142360.0,142360.0,142020.0,142140.0,290,410596
2026-09-10 13:38:00,142200.0,142500.0,142180.0,142480.0,238,410566
2026-09-10 13:39:00,142440.0,142640.0,142420.0,142640.0,458,410604
2026-09-10 13:40:00,142640.0,142680.0,142380.0,142520.0,370,410610
2026-09-10 13:41:00,142560.0,142560.0,142400.0,142460.0,214,410631
2026-09-10 13:42:00,142400.0,142460.0,142400.0,142420.0,122,410582
2026-09-10 13:43:00,143240.0,143300.0,142460.0,143140.0,2220,410610
2026-09-10 13:44:00,143140.0,143180.0,142740.0,142740.0,838,410585
2026-09-10 13:45:00,142740.0,142920.0,142700.0,142760.0,506,410519
2026-09-10 13:46:00,142760.0,142820.0,142300.0,142520.0,638,410546
2026-09-10 13:47:00,142520.0,142520.0,142380.0,142440.0,258,410497
2026-09-10 13:48:00,142420.0,142500.0,142380.0,142380.0,257,410463
2026-09-10 13:49:00,142440.0,142480.0,142360.0,142480.0,145,410469
2026-09-10 13:50:00,142480.0,142740.0,142440.0,142460.0,283,410484
2026-09-10 13:51:00,142460.0,142540.0,142460.0,142520.0,110,410495
2026-09-10 13:52:00,142520.0,142740.0,142420.0,142420.0,301,410572
2026-09-10 13:53:00,142400.0,142500.0,142360.0,142500.0,212,410579
2026-09-10 13:54:00,142500.0,142520.0,142460.0,142480.0,73,410588
2026-09-10 13:55:00,142480.0,142740.0,142460.0,142580.0,178,410617
2026-09-10 13:56:00,142620.0,142680.0,142520.0,142520.0,153,410619
2026-09-10 13:57:00,142520.0,142660.0,142500.0,142500.0,75,410622
2026-09-10 13:58:00,142500.0,142600.0,142460.0,142520.0,94,410593
2026-09-10 13:59:00,142520.0,142580.0,142500.0,142500.0,95,410597
2026-09-10 14:00:00,142500.0,142560.0,142260.0,142260.0,285,410521
2026-09-10 14:01:00,142280.0,142500.0,142280.0,142420.0,277,410504
2026-09-10 14:02:00,142420.0,142500.0,142340.0,142400.0,94,410504
2026-09-10 14:03:00,142400.0,142580.0,142400.0,142580.0,149,410549
2026-09-10 14:04:00,142500.0,142600.0,142500.0,142520.0,105,410581
2026-09-10 14:05:00,142520.0,142520.0,142340.0,142340.0,106,410566
2026-09-10 14:06:00,142540.0,142540.0,142340.0,142540.0,70,410581
2026-09-10 14:07:00,142400.0,142700.0,142400.0,142500.0,231,410682
2026-09-10 14:08:00,142460.0,142520.0,142380.0,142460.0,63,410677
2026-09-10 14:09:00,142560.0,142600.0,142420.0,142560.0,114,410685
2026-09-10 14:10:00,142880.0,142920.0,142540.0,142720.0,459,410857
2026-09-10 14:11:00,142540.0,142740.0,142540.0,142540.0,306,410942
2026-09-10 14:12:00,142480.0,142620.0,142420.0,142540.0,105,410952
2026-09-10 14:13:00,142600.0,142600.0,142520.0,142540.0,125,410896
2026-09-10 14:14:00,142520.0,142600.0,142360.0,142380.0,157,410849
2026-09-10 14:15:00,142340.0,142480.0,142320.0,142400.0,155,410790
2026-09-10 14:16:00,142460.0,142500.0,142340.0,142380.0,216,410670
2026-09-10 14:17:00,142380.0,142440.0,142340.0,142380.0,171,410642
2026-09-10 14:18:00,142380.0,142560.0,142320.0,142560.0,249,410576
2026-09-10 14:19:00,142560.0,142600.0,142340.0,142400.0,293,410535
2026-09-10 14:20:00,142400.0,142460.0,142360.0,142400.0,71,410517
2026-09-10 14:21:00,142440.0,142500.0,142360.0,142440.0,206,410462
2026-09-10 14:22:00,142220.0,142220.0,141680.0,141780.0,2264,410050
2026-09-10 14:23:00,141860.0,142020.0,141800.0,141880.0,289,410065
2026-09-10 14:24:00,142120.0,142240.0,141940.0,142120.0,586,410019
2026-09-10 14:25:00,142180.0,142240.0,142040.0,142180.0,138,410043
2026-09-10 14:26:00,142160.0,142160.0,142040.0,142080.0,74,410028
2026-09-10 14:27:00,142060.0,142160.0,142060.0,142160.0,201,410038
2026-09-10 14:28:00,142140.0,142200.0,142060.0,142120.0,223,410020
2026-09-10 14:29:00,142100.0,142100.0,141920.0,141960.0,277,410042
2026-09-10 14:30:00,142000.0,142220.0,142000.0,142220.0,153,410043
2026-09-10 14:31:00,142220.0,142240.0,142160.0,142180.0,107,410060
2026-09-10 14:32:00,142180.0,142240.0,142160.0,142160.0,132,410049
2026-09-10 14:33:00,142160.0,142180.0,142080.0,142100.0,53,410018
2026-09-10 14:34:00,142180.0,142200.0,142100.0,142120.0,70,410024
2026-09-10 14:35:00,142120.0,142120.0,142000.0,142000.0,81,410028
2026-09-10 14:36:00,142000.0,142000.0,141700.0,141880.0,622,409879
2026-09-10 14:37:00,141880.0,141880.0,141700.0,141760.0,435,409846
2026-09-10 14:38:00,141780.0,141960.0,141740.0,141740.0,370,409857
2026-09-10 14:39:00,141760.0,141840.0,141740.0,141760.0,259,409807
2026-09-10 14:40:00,141760.0,141760.0,141400.0,141720.0,1429,409608
2026-09-10 14:41:00,141500.0,141760.0,141460.0,141520.0,462,409539
2026-09-10 14:42:00,141420.0,141600.0,141400.0,141460.0,414,409445
2026-09-10 14:43:00,141380.0,141480.0,141180.0,141400.0,722,409460
2026-09-10 14:44:00,141360.0,141660.0,141360.0,141600.0,341,409465
2026-09-10 14:45:00,141600.0,141660.0,141400.0,141400.0,260,409476
2026-09-10 14:46:00,141400.0,141660.0,141220.0,141660.0,405,409433
2026-09-10 14:47:00,141660.0,141700.0,141400.0,141440.0,314,409513
2026-09-10 14:48:00,141440.0,141580.0,141400.0,141540.0,174,409502
2026-09-10 14:49:00,141560.0,141760.0,141540.0,141680.0,310,409440
2026-09-10 14:50:00,141660.0,141780.0,141620.0,141740.0,353,409474
2026-09-10 14:51:00,141760.0,142000.0,141760.0,141960.0,760,409153
2026-09-10 14:52:00,141900.0,142000.0,141880.0,141880.0,317,409125
2026-09-10 14:53:00,141860.0,141860.0,141680.0,141700.0,118,409080
2026-09-10 14:54:00,141680.0,141780.0,141560.0,141580.0,297,409024
2026-09-10 14:55:00,141680.0,141680.0,141680.0,141680.0,10,409069
2026-09-10 14:56:00,141680.0,141780.0,141640.0,141720.0,260,409122
2026-09-10 14:57:00,141740.0,141760.0,141620.0,141720.0,491,409096
2026-09-10 14:58:00,141680.0,141900.0,141660.0,141760.0,500,408896
2026-09-10 14:59:00,141880.0,141920.0,141720.0,141800.0,199,408665
2026-09-10 15:00:00,141500.0,141540.0,141300.0,141300.0,352,408716
