date,equity_A_fixed,equity_B_fixed,daily_ret_A,daily_ret_B
2024-02-01,0.847,0.847,0.0,0.0
2024-02-02,0.847,0.847,0.0,0.0
2024-02-05,0.847,0.847,0.0,0.0
2024-02-06,0.847,0.847,0.0,0.0
2024-02-07,0.847,0.847,0.0,0.0
2024-02-08,0.847,0.847,0.0,0.0
2024-02-19,0.847,0.847,0.0,0.0
2024-02-20,0.847,0.847,0.0,0.0
2024-02-21,0.847,0.847,0.0,0.0
2024-02-22,0.847,0.847,0.0,0.0
2024-02-23,0.847,0.847,0.0,0.0
2024-02-26,0.847,0.847,0.0,0.0
2024-02-27,0.847,0.847,0.0,0.0
2024-02-28,0.847,0.847,0.0,0.0
2024-02-29,0.847,0.847,0.0,0.0
2024-03-01,0.847,0.847,0.0,0.0
2024-03-04,0.847,0.847,0.0,0.0
2024-03-05,0.847,0.847,0.0,0.0
2024-03-06,0.847,0.847,0.0,0.0
2024-03-07,0.847,0.847,0.0,0.0
2024-03-08,0.847,0.847,0.0,0.0
2024-03-11,0.847,0.847,0.0,0.0
2024-03-12,0.847,0.847,0.0,0.0
2024-03-13,0.847,0.847,0.0,0.0
2024-03-14,0.847,0.847,0.0,0.0
2024-03-15,0.847,0.847,0.0,0.0
2024-03-18,0.847,0.847,0.0,0.0
2024-03-19,0.847,0.847,0.0,0.0
2024-03-20,0.847,0.847,0.0,0.0
2024-03-21,0.847,0.847,0.0,0.0
2024-03-22,0.847,0.847,0.0,0.0
2024-03-25,0.847,0.847,0.0,0.0
2024-03-26,0.847,0.847,0.0,0.0
2024-03-27,0.847,0.847,0.0,0.0
2024-03-28,0.847,0.847,0.0,0.0
2024-03-29,0.847,0.847,0.0,0.0
2024-04-01,0.8909126576366183,0.847,0.05184493227463802,0.0
2024-04-02,0.8782531527323679,0.8349644760213143,-0.014209591474245116,-0.014209591474245116
2024-04-03,0.8782531527323679,0.8409822380106571,0.0,0.007207207207207207
2024-04-08,0.8782531527323679,0.8409822380106571,0.0,0.0
2024-04-09,0.8782531527323679,0.8409822380106571,0.0,0.0
2024-04-10,0.8782531527323679,0.8409822380106571,0.0,0.0
2024-04-11,0.8782531527323679,0.8409822380106571,0.0,0.0
2024-04-12,0.8782531527323679,0.8409822380106571,0.0,0.0
2024-04-15,0.8782531527323679,0.8409822380106571,0.0,0.0
2024-04-16,0.8782531527323679,0.8409822380106571,0.0,0.0
2024-04-17,0.8782531527323679,0.8409822380106571,0.0,0.0
2024-04-18,0.8782531527323679,0.8409822380106571,0.0,0.0
2024-04-19,0.8782531527323679,0.8409822380106571,0.0,0.0
2024-04-22,0.8782531527323679,0.8409822380106571,0.0,0.0
2024-04-23,0.8782531527323679,0.8409822380106571,0.0,0.0
2024-04-24,0.8782531527323679,0.8409822380106571,0.0,0.0
2024-04-25,0.8782531527323679,0.8409822380106571,0.0,0.0
2024-04-26,0.8782531527323679,0.8409822380106571,0.0,0.0
2024-04-29,0.8782531527323679,0.8409822380106571,0.0,0.0
2024-04-30,0.8782531527323679,0.8409822380106571,0.0,0.0
2024-05-06,0.8782531527323679,0.8409822380106571,0.0,0.0
2024-05-07,0.8782531527323679,0.8409822380106571,0.0,0.0
2024-05-08,0.8782531527323679,0.8409822380106571,0.0,0.0
2024-05-09,0.8782531527323679,0.8409822380106571,0.0,0.0
2024-05-10,0.8782531527323679,0.8409822380106571,0.0,0.0
2024-05-13,0.8782531527323679,0.8409822380106571,0.0,0.0
2024-05-14,0.8782531527323679,0.8409822380106571,0.0,0.0
2024-05-15,0.8782531527323679,0.8409822380106571,0.0,0.0
2024-05-16,0.8782531527323679,0.8409822380106571,0.0,0.0
2024-05-17,0.8782531527323679,0.8409822380106571,0.0,0.0
2024-05-20,0.8782531527323679,0.8409822380106571,0.0,0.0
2024-05-21,0.8782531527323679,0.8409822380106571,0.0,0.0
2024-05-22,0.8782531527323679,0.8409822380106571,0.0,0.0
2024-05-23,0.8782531527323679,0.8409822380106571,0.0,0.0
2024-05-24,0.8782531527323679,0.8409822380106571,0.0,0.0
2024-05-27,0.8782531527323679,0.8409822380106571,0.0,0.0
2024-05-28,0.8782531527323679,0.8409822380106571,0.0,0.0
2024-05-29,0.8782531527323679,0.8409822380106571,0.0,0.0
2024-05-30,0.8782531527323679,0.8409822380106571,0.0,0.0
2024-05-31,0.8782531527323679,0.8409822380106571,0.0,0.0
2024-06-03,0.8782531527323679,0.8409822380106571,0.0,0.0
2024-06-04,0.8782531527323679,0.8409822380106571,0.0,0.0
2024-06-05,0.8782531527323679,0.8409822380106571,0.0,0.0
2024-06-06,0.8782531527323679,0.8409822380106571,0.0,0.0
2024-06-07,0.8782531527323679,0.8409822380106571,0.0,0.0
2024-06-11,0.8782531527323679,0.8409822380106571,0.0,0.0
2024-06-12,0.8782531527323679,0.8409822380106571,0.0,0.0
2024-06-13,0.8782531527323679,0.8409822380106571,0.0,0.0
2024-06-14,0.8782531527323679,0.8409822380106571,0.0,0.0
2024-06-17,0.8782531527323679,0.8409822380106571,0.0,0.0
2024-06-18,0.8782531527323679,0.8409822380106571,0.0,0.0
2024-06-19,0.8782531527323679,0.8409822380106571,0.0,0.0
2024-06-20,0.8782531527323679,0.8409822380106571,0.0,0.0
2024-06-21,0.8782531527323679,0.8409822380106571,0.0,0.0
2024-06-24,0.8782531527323679,0.8409822380106571,0.0,0.0
2024-06-25,0.8782531527323679,0.8409822380106571,0.0,0.0
2024-06-26,0.8782531527323679,0.8409822380106571,0.0,0.0
2024-06-27,0.8782531527323679,0.8409822380106571,0.0,0.0
2024-06-28,0.8782531527323679,0.8409822380106571,0.0,0.0
2024-07-01,0.8782531527323679,0.8409822380106571,0.0,0.0
2024-07-02,0.8782531527323679,0.8409822380106571,0.0,0.0
2024-07-03,0.8782531527323679,0.8409822380106571,0.0,0.0
2024-07-04,0.8782531527323679,0.8409822380106571,0.0,0.0
2024-07-05,0.8782531527323679,0.8409822380106571,0.0,0.0
2024-07-08,0.8782531527323679,0.8409822380106571,0.0,0.0
2024-07-09,0.8782531527323679,0.8409822380106571,0.0,0.0
2024-07-10,0.8782531527323679,0.8409822380106571,0.0,0.0
2024-07-11,0.8782531527323679,0.8409822380106571,0.0,0.0
2024-07-12,0.8782531527323679,0.8409822380106571,0.0,0.0
2024-07-15,0.8782531527323679,0.8409822380106571,0.0,0.0
2024-07-16,0.8782531527323679,0.8409822380106571,0.0,0.0
2024-07-17,0.8782531527323679,0.8409822380106571,0.0,0.0
2024-07-18,0.8782531527323679,0.8409822380106571,0.0,0.0
2024-07-19,0.8782531527323679,0.8409822380106571,0.0,0.0
2024-07-22,0.8782531527323679,0.8409822380106571,0.0,0.0
2024-07-23,0.8782531527323679,0.8409822380106571,0.0,0.0
2024-07-24,0.8782531527323679,0.8409822380106571,0.0,0.0
2024-07-25,0.8782531527323679,0.8409822380106571,0.0,0.0
2024-07-26,0.8782531527323679,0.8409822380106571,0.0,0.0
2024-07-29,0.8782531527323679,0.8409822380106571,0.0,0.0
2024-07-30,0.8782531527323679,0.8409822380106571,0.0,0.0
2024-07-31,0.8782531527323679,0.8409822380106571,0.0,0.0
2024-08-01,0.8782531527323679,0.8409822380106571,0.0,0.0
2024-08-02,0.8782531527323679,0.8409822380106571,0.0,0.0
2024-08-05,0.8782531527323679,0.8409822380106571,0.0,0.0
2024-08-06,0.8782531527323679,0.8409822380106571,0.0,0.0
2024-08-07,0.8782531527323679,0.8409822380106571,0.0,0.0
2024-08-08,0.8782531527323679,0.8409822380106571,0.0,0.0
2024-08-09,0.8782531527323679,0.8409822380106571,0.0,0.0
2024-08-12,0.8782531527323679,0.8409822380106571,0.0,0.0
2024-08-13,0.8782531527323679,0.8409822380106571,0.0,0.0
2024-08-14,0.9025476879962634,0.8409822380106571,0.027662337662337663,0.0
2024-08-15,0.9102890772874497,0.8481955642182365,0.008577263444520082,0.008577263444520082
2024-08-16,0.9102890772874497,0.8443294794642031,0.0,-0.004558011049723757
2024-08-19,0.9102890772874497,0.8443294794642031,0.0,0.0
2024-08-20,0.9102890772874497,0.8443294794642031,0.0,0.0
2024-08-21,0.9102890772874497,0.8443294794642031,0.0,0.0
2024-08-22,0.9102890772874497,0.8443294794642031,0.0,0.0
2024-08-23,0.9102890772874497,0.8443294794642031,0.0,0.0
2024-08-26,0.9102890772874497,0.8443294794642031,0.0,0.0
2024-08-27,0.9102890772874497,0.8443294794642031,0.0,0.0
2024-08-28,0.9102890772874497,0.8443294794642031,0.0,0.0
2024-08-29,0.9102890772874497,0.8443294794642031,0.0,0.0
2024-08-30,0.9102890772874497,0.8443294794642031,0.0,0.0
2024-09-02,0.9529769047394593,0.8443294794642031,0.046894803548795945,0.0
2024-09-03,0.956778674306239,0.847697815153555,0.003989361702127659,0.003989361702127659
2024-09-04,0.956778674306239,0.8624108613444712,0.0,0.017356475300400534
2024-09-05,0.9790081788315605,0.8624108613444712,0.023233695652173914,0.0
2024-09-06,0.9752720345448536,0.85911968208563,-0.003816254416961131,-0.003816254416961131
2024-09-09,0.9752720345448536,0.845002125512032,0.0,-0.01643258426966292
2024-09-10,0.9752720345448536,0.845002125512032,0.0,0.0
2024-09-11,1.0604309232161298,0.845002125512032,0.08731808731808732,0.0
2024-09-12,1.0401549973420163,0.8288452971083602,-0.019120458891013385,-0.019120458891013385
2024-09-13,1.0401549973420163,0.8353080284698289,0.0,0.007797270955165692
2024-09-18,1.0401549973420163,0.8353080284698289,0.0,0.0
2024-09-19,1.0401549973420163,0.8353080284698289,0.0,0.0
2024-09-20,1.0401549973420163,0.8353080284698289,0.0,0.0
2024-09-23,1.0401549973420163,0.8353080284698289,0.0,0.0
2024-09-24,1.0564139331722122,0.8353080284698289,0.0156312625250501,0.0
2024-09-25,1.0518746545531128,0.8317188142849975,-0.004296875,-0.004296875
2024-09-26,1.0518746545531128,0.8369545523945949,0.0,0.006295081967213114
2024-09-27,1.0518746545531128,0.8369545523945949,0.0,0.0
2024-09-30,1.0901494957844153,0.8369545523945949,0.036387264457439894,0.0
2024-10-08,1.047773778706902,0.8044208958124852,-0.038871473354231974,-0.038871473354231974
2024-10-09,1.047773778706902,0.801797213830057,0.0,-0.0032615786040443573
2024-10-10,1.047773778706902,0.801797213830057,0.0,0.0
2024-10-11,1.047773778706902,0.801797213830057,0.0,0.0
2024-10-14,1.047773778706902,0.801797213830057,0.0,0.0
2024-10-15,1.047773778706902,0.801797213830057,0.0,0.0
2024-10-16,1.047773778706902,0.801797213830057,0.0,0.0
2024-10-17,1.047773778706902,0.801797213830057,0.0,0.0
2024-10-18,1.047773778706902,0.801797213830057,0.0,0.0
2024-10-21,1.047773778706902,0.801797213830057,0.0,0.0
2024-10-22,1.047773778706902,0.801797213830057,0.0,0.0
2024-10-23,1.047773778706902,0.801797213830057,0.0,0.0
2024-10-24,1.047773778706902,0.801797213830057,0.0,0.0
2024-10-25,1.047773778706902,0.801797213830057,0.0,0.0
2024-10-28,1.047773778706902,0.801797213830057,0.0,0.0
2024-10-29,1.047773778706902,0.801797213830057,0.0,0.0
2024-10-30,1.047773778706902,0.801797213830057,0.0,0.0
2024-10-31,1.047773778706902,0.801797213830057,0.0,0.0
2024-11-01,1.047773778706902,0.801797213830057,0.0,0.0
2024-11-04,1.047773778706902,0.801797213830057,0.0,0.0
2024-11-05,1.047773778706902,0.801797213830057,0.0,0.0
2024-11-06,1.047773778706902,0.801797213830057,0.0,0.0
2024-11-07,1.047773778706902,0.801797213830057,0.0,0.0
2024-11-08,1.047773778706902,0.801797213830057,0.0,0.0
2024-11-11,1.1101739186691586,0.801797213830057,0.05955497382198953,0.0
2024-11-12,1.1129167819642027,0.8037781828574322,0.0024706609017912293,0.0024706609017912293
2024-11-13,1.1862883751066364,0.8567691043397151,0.06592729513247074,0.06592729513247074
2024-11-14,1.1108596344929196,0.8022924560869008,-0.06358381502890173,-0.06358381502890173
2024-11-15,1.1108596344929196,0.7755493742173375,0.0,-0.03333333333333333
2024-11-18,1.133417320557335,0.7755493742173375,0.020306513409961684,0.0
2024-11-19,1.1476987988398364,0.7853215837504035,0.012600370599135269,0.012600370599135269
2024-11-20,1.1481153864256222,0.7856066369568465,0.0003629764065335753,0.0003629764065335753
2024-11-21,1.1481153864256222,0.7813318729105275,0.0,-0.005441354292623942
2024-11-22,1.1481153864256222,0.7813318729105275,0.0,0.0
2024-11-25,1.1481153864256222,0.7813318729105275,0.0,0.0
2024-11-26,1.1481153864256222,0.7813318729105275,0.0,0.0
2024-11-27,1.1481153864256222,0.7813318729105275,0.0,0.0
2024-11-28,1.1481153864256222,0.7813318729105275,0.0,0.0
2024-11-29,1.1481153864256222,0.7813318729105275,0.0,0.0
2024-12-02,1.1481153864256222,0.7813318729105275,0.0,0.0
2024-12-03,1.1481153864256222,0.7813318729105275,0.0,0.0
2024-12-04,1.1481153864256222,0.7813318729105275,0.0,0.0
2024-12-05,1.1481153864256222,0.7813318729105275,0.0,0.0
2024-12-06,1.1481153864256222,0.7813318729105275,0.0,0.0
2024-12-09,1.1481153864256222,0.7813318729105275,0.0,0.0
2024-12-10,1.1481153864256222,0.7813318729105275,0.0,0.0
2024-12-11,1.1481153864256222,0.7813318729105275,0.0,0.0
2024-12-12,1.1481153864256222,0.7813318729105275,0.0,0.0
2024-12-13,1.1481153864256222,0.7813318729105275,0.0,0.0
2024-12-16,1.1481153864256222,0.7813318729105275,0.0,0.0
2024-12-17,1.1481153864256222,0.7813318729105275,0.0,0.0
2024-12-18,1.1481153864256222,0.7813318729105275,0.0,0.0
2024-12-19,1.1481153864256222,0.7813318729105275,0.0,0.0
2024-12-20,1.2096215678412807,0.7813318729105275,0.05357142857142857,0.0
2024-12-23,1.1987492630455836,0.7743091159634632,-0.008988186954288649,-0.008988186954288649
2024-12-24,1.1987492630455836,0.7845422760863284,0.0,0.013215859030837005
2024-12-25,1.1987492630455836,0.7845422760863284,0.0,0.0
2024-12-26,1.1987492630455836,0.7845422760863284,0.0,0.0
2024-12-27,1.1987492630455836,0.7845422760863284,0.0,0.0
2024-12-30,1.2158608211533717,0.7845422760863284,0.01427450980392157,0.0
2024-12-31,1.2044970555624082,0.7772097308093214,-0.009346271705822268,-0.009346271705822268
2025-01-02,1.2044970555624082,0.7814435581366873,0.0,0.005447470817120622
2025-01-03,1.2044970555624082,0.7814435581366873,0.0,0.0
2025-01-06,1.2044970555624082,0.7814435581366873,0.0,0.0
2025-01-07,1.2044970555624082,0.7814435581366873,0.0,0.0
2025-01-08,1.2044970555624082,0.7814435581366873,0.0,0.0
2025-01-09,1.2044970555624082,0.7814435581366873,0.0,0.0
2025-01-10,1.2044970555624082,0.7814435581366873,0.0,0.0
2025-01-13,1.2044970555624082,0.7814435581366873,0.0,0.0
2025-01-14,1.2044970555624082,0.7814435581366873,0.0,0.0
2025-01-15,1.2044970555624082,0.7814435581366873,0.0,0.0
2025-01-16,1.2044970555624082,0.7814435581366873,0.0,0.0
2025-01-17,1.2044970555624082,0.7814435581366873,0.0,0.0
2025-01-20,1.2044970555624082,0.7814435581366873,0.0,0.0
2025-01-21,1.2044970555624082,0.7814435581366873,0.0,0.0
2025-01-22,1.2044970555624082,0.7814435581366873,0.0,0.0
2025-01-23,1.2044970555624082,0.7814435581366873,0.0,0.0
2025-01-24,1.2044970555624082,0.7814435581366873,0.0,0.0
2025-01-27,1.2044970555624082,0.7814435581366873,0.0,0.0
2025-02-05,1.2044970555624082,0.7814435581366873,0.0,0.0
2025-02-06,1.2044970555624082,0.7814435581366873,0.0,0.0
2025-02-07,1.2044970555624082,0.7814435581366873,0.0,0.0
2025-02-10,1.2044970555624082,0.7814435581366873,0.0,0.0
2025-02-11,1.2044970555624082,0.7814435581366873,0.0,0.0
2025-02-12,1.2044970555624082,0.7814435581366873,0.0,0.0
2025-02-13,1.2044970555624082,0.7814435581366873,0.0,0.0
2025-02-14,1.2044970555624082,0.7814435581366873,0.0,0.0
2025-02-17,1.2044970555624082,0.7814435581366873,0.0,0.0
2025-02-18,1.2044970555624082,0.7814435581366873,0.0,0.0
2025-02-19,1.2044970555624082,0.7814435581366873,0.0,0.0
2025-02-20,1.2044970555624082,0.7814435581366873,0.0,0.0
2025-02-21,1.2044970555624082,0.7814435581366873,0.0,0.0
2025-02-24,1.2044970555624082,0.7814435581366873,0.0,0.0
2025-02-25,1.2044970555624082,0.7814435581366873,0.0,0.0
2025-02-26,1.2044970555624082,0.7814435581366873,0.0,0.0
2025-02-27,1.2044970555624082,0.7814435581366873,0.0,0.0
2025-02-28,1.2044970555624082,0.7814435581366873,0.0,0.0
2025-03-03,1.2044970555624082,0.7814435581366873,0.0,0.0
2025-03-04,1.2044970555624082,0.7814435581366873,0.0,0.0
2025-03-05,1.2044970555624082,0.7814435581366873,0.0,0.0
2025-03-06,1.2044970555624082,0.7814435581366873,0.0,0.0
2025-03-07,1.2044970555624082,0.7814435581366873,0.0,0.0
2025-03-10,1.2044970555624082,0.7814435581366873,0.0,0.0
2025-03-11,1.2044970555624082,0.7814435581366873,0.0,0.0
2025-03-12,1.2044970555624082,0.7814435581366873,0.0,0.0
2025-03-13,1.2044970555624082,0.7814435581366873,0.0,0.0
2025-03-14,1.2044970555624082,0.7814435581366873,0.0,0.0
2025-03-17,1.2044970555624082,0.7814435581366873,0.0,0.0
2025-03-18,1.2044970555624082,0.7814435581366873,0.0,0.0
2025-03-19,1.2044970555624082,0.7814435581366873,0.0,0.0
2025-03-20,1.2044970555624082,0.7814435581366873,0.0,0.0
2025-03-21,1.2044970555624082,0.7814435581366873,0.0,0.0
2025-03-24,1.2044970555624082,0.7814435581366873,0.0,0.0
2025-03-25,1.2044970555624082,0.7814435581366873,0.0,0.0
2025-03-26,1.2044970555624082,0.7814435581366873,0.0,0.0
2025-03-27,1.2044970555624082,0.7814435581366873,0.0,0.0
2025-03-28,1.2044970555624082,0.7814435581366873,0.0,0.0
2025-03-31,1.2044970555624082,0.7814435581366873,0.0,0.0
2025-04-01,1.2044970555624082,0.7814435581366873,0.0,0.0
2025-04-02,1.2044970555624082,0.7814435581366873,0.0,0.0
2025-04-03,1.2044970555624082,0.7814435581366873,0.0,0.0
2025-04-07,1.2044970555624082,0.7814435581366873,0.0,0.0
2025-04-08,1.2044970555624082,0.7814435581366873,0.0,0.0
2025-04-09,1.2044970555624082,0.7814435581366873,0.0,0.0
2025-04-10,1.2044970555624082,0.7814435581366873,0.0,0.0
2025-04-11,1.2044970555624082,0.7814435581366873,0.0,0.0
2025-04-14,1.2044970555624082,0.7814435581366873,0.0,0.0
2025-04-15,1.2044970555624082,0.7814435581366873,0.0,0.0
2025-04-16,1.2044970555624082,0.7814435581366873,0.0,0.0
2025-04-17,1.2044970555624082,0.7814435581366873,0.0,0.0
2025-04-18,1.2044970555624082,0.7814435581366873,0.0,0.0
2025-04-21,1.2044970555624082,0.7814435581366873,0.0,0.0
2025-04-22,1.2044970555624082,0.7814435581366873,0.0,0.0
2025-04-23,1.2044970555624082,0.7814435581366873,0.0,0.0
2025-04-24,1.2044970555624082,0.7814435581366873,0.0,0.0
2025-04-25,1.2044970555624082,0.7814435581366873,0.0,0.0
2025-04-28,1.2044970555624082,0.7814435581366873,0.0,0.0
2025-04-29,1.2044970555624082,0.7814435581366873,0.0,0.0
2025-04-30,1.2044970555624082,0.7814435581366873,0.0,0.0
2025-05-06,1.2044970555624082,0.7814435581366873,0.0,0.0
2025-05-07,1.2044970555624082,0.7814435581366873,0.0,0.0
2025-05-08,1.2044970555624082,0.7814435581366873,0.0,0.0
2025-05-09,1.2044970555624082,0.7814435581366873,0.0,0.0
2025-05-12,1.2044970555624082,0.7814435581366873,0.0,0.0
2025-05-13,1.2044970555624082,0.7814435581366873,0.0,0.0
2025-05-14,1.2422209430982125,0.7814435581366873,0.031319202783929134,0.0
2025-05-15,1.221644277169592,0.7684994010387177,-0.016564417177914112,-0.016564417177914112
2025-05-16,1.221644277169592,0.7406934339393754,0.0,-0.03618215845290081
2025-05-19,1.221644277169592,0.7406934339393754,0.0,0.0
2025-05-20,1.221644277169592,0.7406934339393754,0.0,0.0
2025-05-21,1.221644277169592,0.7406934339393754,0.0,0.0
2025-05-22,1.221644277169592,0.7406934339393754,0.0,0.0
2025-05-23,1.221644277169592,0.7406934339393754,0.0,0.0
2025-05-26,1.221644277169592,0.7406934339393754,0.0,0.0
2025-05-27,1.221644277169592,0.7406934339393754,0.0,0.0
2025-05-28,1.221644277169592,0.7406934339393754,0.0,0.0
2025-05-29,1.221644277169592,0.7406934339393754,0.0,0.0
2025-05-30,1.221644277169592,0.7406934339393754,0.0,0.0
2025-06-03,1.221644277169592,0.7406934339393754,0.0,0.0
2025-06-04,1.221644277169592,0.7406934339393754,0.0,0.0
2025-06-05,1.221644277169592,0.7406934339393754,0.0,0.0
2025-06-06,1.221644277169592,0.7406934339393754,0.0,0.0
2025-06-09,1.221644277169592,0.7406934339393754,0.0,0.0
2025-06-10,1.221644277169592,0.7406934339393754,0.0,0.0
2025-06-11,1.221644277169592,0.7406934339393754,0.0,0.0
2025-06-12,1.221644277169592,0.7406934339393754,0.0,0.0
2025-06-13,1.221644277169592,0.7406934339393754,0.0,0.0
2025-06-16,1.221644277169592,0.7406934339393754,0.0,0.0
2025-06-17,1.221644277169592,0.7406934339393754,0.0,0.0
2025-06-18,1.221644277169592,0.7406934339393754,0.0,0.0
2025-06-19,1.221644277169592,0.7406934339393754,0.0,0.0
2025-06-20,1.221644277169592,0.7406934339393754,0.0,0.0
2025-06-23,1.221644277169592,0.7406934339393754,0.0,0.0
2025-06-24,1.221644277169592,0.7406934339393754,0.0,0.0
2025-06-25,1.221644277169592,0.7406934339393754,0.0,0.0
2025-06-26,1.221644277169592,0.7406934339393754,0.0,0.0
2025-06-27,1.257399719428214,0.7406934339393754,0.02926829268292683,0.0
2025-06-30,1.2367410194565656,0.7285240631447948,-0.016429699842022118,-0.016429699842022118
2025-07-01,1.2367410194565656,0.734608748542085,0.0,0.008352071956312239
2025-07-02,1.2367410194565656,0.734608748542085,0.0,0.0
2025-07-03,1.2367410194565656,0.734608748542085,0.0,0.0
2025-07-04,1.2367410194565656,0.734608748542085,0.0,0.0
2025-07-07,1.2367410194565656,0.734608748542085,0.0,0.0
2025-07-08,1.2367410194565656,0.734608748542085,0.0,0.0
2025-07-09,1.2367410194565656,0.734608748542085,0.0,0.0
2025-07-10,1.2367410194565656,0.734608748542085,0.0,0.0
2025-07-11,1.2367410194565656,0.734608748542085,0.0,0.0
2025-07-14,1.2367410194565656,0.734608748542085,0.0,0.0
2025-07-15,1.2367410194565656,0.734608748542085,0.0,0.0
2025-07-16,1.2367410194565656,0.734608748542085,0.0,0.0
2025-07-17,1.265415833819154,0.734608748542085,0.02318578741342969,0.0
2025-07-18,1.3026558524718659,0.7562276051795802,0.02942907592701589,0.02942907592701589
2025-07-21,1.3272342647826556,0.770496050560327,0.018867924528301886,0.018867924528301886
2025-07-22,1.3570262797048251,0.787791135870323,0.02244668911335578,0.02244668911335578
2025-07-23,1.4221963123470711,0.7499581367547065,0.048024149286498355,-0.048024149286498355
2025-07-24,1.2725561699409942,0.6710493100278492,-0.10521764197174978,-0.10521764197174978
2025-07-25,1.3362835524732506,0.637444336755719,0.050078247261345854,-0.050078247261345854
2025-07-28,1.2134755757183815,0.5788615238894458,-0.09190263288623944,-0.09190263288623944
2025-07-29,1.2134755757183815,0.5608116842495671,0.0,-0.031181619256017507
2025-07-30,1.2134755757183815,0.5608116842495671,0.0,0.0
2025-07-31,1.237401326446427,0.5608116842495671,0.01971671388101983,0.0
2025-08-01,1.2304423031693994,0.5576577345314675,-0.00562390158172232,-0.00562390158172232
2025-08-04,1.2304423031693994,0.5576577345314675,0.0,-0.0
2025-08-05,1.2304423031693994,0.5576577345314675,0.0,0.0
2025-08-06,1.2498130634846252,0.5576577345314675,0.015742924528301887,0.0
2025-08-07,1.2786797599236264,0.5705378499742513,0.023096811261131858,0.023096811261131858
2025-08-08,1.3281291182741999,0.5926018033425501,0.03867219917012448,0.03867219917012448
2025-08-11,1.36996104372504,0.6112669121172686,0.0314968814968815,0.0314968814968815
2025-08-12,1.3853857902914255,0.6181493247574038,0.011259259259259259,0.011259259259259259
2025-08-13,1.4113743652232134,0.6297452427739386,0.018759088705768298,0.018759088705768298
2025-08-14,1.413364552342212,0.6306332501668044,0.001410105757931845,0.001410105757931845
2025-08-15,1.413364552342212,0.6377306466516828,0.0,0.011254396248534583
2025-08-18,1.4361995791717685,0.6377306466516828,0.01615650172612198,0.0
2025-08-19,1.4197840304183484,0.6304414796908501,-0.011429852084267144,-0.011429852084267144
2025-08-20,1.4197840304183484,0.6020953788904938,0.0,-0.04496230294722413
2025-08-21,1.4197840304183484,0.6020953788904938,0.0,0.0
2025-08-22,1.484974693970665,0.6020953788904938,0.045915901401643304,0.0
2025-08-25,1.477075892406991,0.5988927438963954,-0.005319148936170213,-0.005319148936170213
2025-08-26,1.477075892406991,0.6016088107621387,0.0,0.0045351473922902496
2025-08-27,1.477075892406991,0.6016088107621387,0.0,0.0
2025-08-28,1.477075892406991,0.6016088107621387,0.0,0.0
2025-08-29,1.477075892406991,0.6016088107621387,0.0,0.0
2025-09-01,1.477075892406991,0.6016088107621387,0.0,0.0
2025-09-02,1.5115592417215218,0.6016088107621387,0.023345685547908945,0.0
2025-09-03,1.5208009424007338,0.6052870579664681,0.006114018176810796,0.006114018176810796
2025-09-04,1.5208009424007338,0.597506239358218,0.0,-0.012854757929883139
2025-09-05,1.5208009424007338,0.5934045893359278,0.0,-0.00686461454644511
2025-09-08,1.5208009424007338,0.5934045893359278,0.0,0.0
2025-09-09,1.5208009424007338,0.5934045893359278,0.0,0.0
2025-09-10,1.5208009424007338,0.5934045893359278,0.0,0.0
2025-09-11,1.5208009424007338,0.5934045893359278,0.0,0.0
2025-09-12,1.5208009424007338,0.5934045893359278,0.0,0.0
2025-09-15,1.5208009424007338,0.5934045893359278,0.0,0.0
2025-09-16,1.5208009424007338,0.5934045893359278,0.0,0.0
2025-09-17,1.5208009424007338,0.5934045893359278,0.0,0.0
2025-09-18,1.5208009424007338,0.5934045893359278,0.0,0.0
2025-09-19,1.5208009424007338,0.5934045893359278,0.0,0.0
2025-09-22,1.5208009424007338,0.5934045893359278,0.0,0.0
2025-09-23,1.5208009424007338,0.5934045893359278,0.0,0.0
2025-09-24,1.5208009424007338,0.5934045893359278,0.0,0.0
2025-09-25,1.5208009424007338,0.5934045893359278,0.0,0.0
2025-09-26,1.5208009424007338,0.5934045893359278,0.0,0.0
2025-09-29,1.5208009424007338,0.5934045893359278,0.0,0.0
2025-09-30,1.5208009424007338,0.5934045893359278,0.0,0.0
2025-10-09,1.5208009424007338,0.5934045893359278,0.0,0.0
2025-10-10,1.5208009424007338,0.5934045893359278,0.0,0.0
2025-10-13,1.5208009424007338,0.5934045893359278,0.0,0.0
2025-10-14,1.5208009424007338,0.5934045893359278,0.0,0.0
2025-10-15,1.5208009424007338,0.5934045893359278,0.0,0.0
2025-10-16,1.5208009424007338,0.5934045893359278,0.0,0.0
2025-10-17,1.5208009424007338,0.5934045893359278,0.0,0.0
2025-10-20,1.5208009424007338,0.5934045893359278,0.0,0.0
2025-10-21,1.5208009424007338,0.5934045893359278,0.0,0.0
2025-10-22,1.5208009424007338,0.5934045893359278,0.0,0.0
2025-10-23,1.5208009424007338,0.5934045893359278,0.0,0.0
2025-10-24,1.5208009424007338,0.5934045893359278,0.0,0.0
2025-10-27,1.5481111001691974,0.5934045893359278,0.01795774647887324,0.0
2025-10-28,1.5451623171212563,0.5922742948800498,-0.0019047619047619048,-0.0019047619047619048
2025-10-29,1.5451623171212563,0.5977588535146569,0.0,0.00926016658500735
2025-10-30,1.5451623171212563,0.5977588535146569,0.0,0.0
2025-10-31,1.5742869593576425,0.5977588535146569,0.018848920863309353,0.0
2025-11-03,1.5567472432964655,0.5910989999845356,-0.011141371626640258,-0.011141371626640258
2025-11-04,1.6271300792841035,0.6071336738781365,0.04521147301895965,0.02712688381137579
2025-11-05,1.615117153546008,0.6026512714997083,-0.007382892057026477,-0.007382892057026477
2025-11-06,1.615117153546008,0.5922948685525311,0.0,-0.01718473591104372
2025-11-07,1.615117153546008,0.5922948685525311,0.0,0.0
2025-11-10,1.615117153546008,0.5922948685525311,0.0,0.0
2025-11-11,1.615117153546008,0.5922948685525311,0.0,0.0
2025-11-12,1.615117153546008,0.5922948685525311,0.0,0.0
2025-11-13,1.615117153546008,0.5922948685525311,0.0,0.0
2025-11-14,1.615117153546008,0.5922948685525311,0.0,0.0
2025-11-17,1.7600635647616751,0.5922948685525311,0.08974358974358974,0.0
2025-11-18,1.7290036195011749,0.58184260616631,-0.01764705882352941,-0.01764705882352941
2025-11-19,1.8358646216474195,0.6178033660427136,0.06180496150556031,0.06180496150556031
2025-11-20,1.8299484415978005,0.6158124589215287,-0.0032225579053373615,-0.0032225579053373615
2025-11-21,1.8299484415978005,0.5662886442820524,0.0,-0.08042028692665185
2025-11-24,1.8299484415978005,0.5662886442820524,0.0,0.0
2025-11-25,1.889652329745421,0.5662886442820524,0.03262599469496021,0.0
2025-11-26,1.9008238592420295,0.5696365142545374,0.0059119496855345914,0.0059119496855345914
2025-11-27,1.9008238592420295,0.5677917291969559,0.0,-0.003238530205522109
2025-11-28,1.9008238592420295,0.5699249479666376,0.0,0.003757044458359424
2025-12-01,1.9008238592420295,0.5699249479666376,0.0,0.0
2025-12-02,1.9008238592420295,0.5699249479666376,0.0,0.0
2025-12-03,1.9008238592420295,0.5699249479666376,0.0,0.0
2025-12-04,1.9008238592420295,0.5699249479666376,0.0,0.0
2025-12-05,1.9008238592420295,0.5699249479666376,0.0,0.0
2025-12-08,1.9008238592420295,0.5699249479666376,0.0,0.0
2025-12-09,1.9008238592420295,0.5699249479666376,0.0,0.0
2025-12-10,1.9008238592420295,0.5699249479666376,0.0,0.0
2025-12-11,1.9008238592420295,0.5699249479666376,0.0,0.0
2025-12-12,1.9008238592420295,0.5699249479666376,0.0,0.0
2025-12-15,1.9008238592420295,0.5699249479666376,0.0,0.0
2025-12-16,1.9008238592420295,0.5699249479666376,0.0,0.0
2025-12-17,2.052360711638859,0.5699249479666376,0.07972166998011929,0.0
2025-12-18,2.0058793329734974,0.5570174229068151,-0.022647762842938686,-0.022647762842938686
2025-12-19,2.0058793329734974,0.5845115006765185,0.0,0.0493594574227581
2025-12-22,2.0058793329734974,0.5845115006765185,0.0,0.0
2025-12-23,2.0688020034290746,0.5845115006765185,0.03136912047560762,0.0
2025-12-24,2.1137669921377027,0.5972157386772643,0.02173479561316052,0.02173479561316052
2025-12-25,2.1015643603678247,0.5937680532070299,-0.005772931366260423,-0.005772931366260423
2025-12-26,2.1730229930875855,0.613957705275274,0.03400259067357513,0.03400259067357513
2025-12-29,2.0561472544155444,0.5809360757086757,-0.053784860557768925,-0.053784860557768925
2025-12-30,2.0561472544155444,0.5890326094687629,0.0,0.01393704763507827
2025-12-31,2.0561472544155444,0.5890326094687629,0.0,0.0
2026-01-05,2.198207107492453,0.5890326094687629,0.06909031090639908,0.0
2026-01-06,2.3328257301700956,0.6251050788592181,0.0612401907985844,0.0612401907985844
2026-01-07,2.40656155867192,0.6448633661132864,0.03160794548354357,0.03160794548354357
2026-01-08,2.452223654303783,0.6570990027155764,0.018973998594518624,0.018973998594518624
2026-01-09,2.452223654303783,0.6499388894446068,0.0,-0.010896551724137931
2026-01-12,2.6683448855853324,0.6499388894446068,0.0881327569376656,0.0
2026-01-13,2.855057215141861,0.6954171200785623,0.06997308727412534,0.06997308727412534
2026-01-14,2.768882293808079,0.6744271674782751,-0.030183255479698166,-0.030183255479698166
2026-01-15,2.768882293808079,0.6797579490910465,0.0,0.007904162035321724
2026-01-16,3.057611473079084,0.6797579490910465,0.10427643671118736,0.0
2026-01-19,3.035442744204502,0.6748294714847776,-0.007250341997264022,-0.007250341997264022
2026-01-20,3.035442744204502,0.6141562255085555,0.0,-0.08990900448186881
2026-01-21,3.035442744204502,0.6141562255085555,0.0,0.0
2026-01-22,3.035442744204502,0.6141562255085555,0.0,0.0
2026-01-23,3.1729171152004683,0.6141562255085555,0.04528972627088518,0.0
2026-01-26,3.006789943192617,0.5820003155965165,-0.05235786690171882,-0.05235786690171882
2026-01-27,3.1583635163791497,0.6113392016169301,0.05041042974408498,0.05041042974408498
2026-01-28,3.0178198570088703,0.5841352879235977,-0.044498886414253896,-0.044498886414253896
2026-01-29,3.0178198570088703,0.581057933387748,0.0,-0.005268222275679577
2026-01-30,3.0178198570088703,0.581057933387748,0.0,0.0
2026-02-02,3.0178198570088703,0.581057933387748,0.0,0.0
2026-02-03,3.2319200939195873,0.581057933387748,0.07094533373603142,0.0
2026-02-04,3.2203977859547694,0.578986369654941,-0.0035651586765698853,-0.0035651586765698853
2026-02-05,3.2203977859547694,0.54491261672266,0.0,-0.05885069963320201
2026-02-06,3.2203977859547694,0.54491261672266,0.0,0.0
2026-02-09,3.2203977859547694,0.54491261672266,0.0,0.0
2026-02-10,3.2203977859547694,0.54491261672266,0.0,0.0
2026-02-11,3.2203977859547694,0.54491261672266,0.0,0.0
2026-02-12,3.2203977859547694,0.54491261672266,0.0,0.0
2026-02-13,3.2203977859547694,0.54491261672266,0.0,0.0
2026-02-24,3.2203977859547694,0.54491261672266,0.0,0.0
2026-02-25,3.2203977859547694,0.54491261672266,0.0,0.0
2026-02-26,3.2203977859547694,0.54491261672266,0.0,0.0
2026-02-27,3.2203977859547694,0.54491261672266,0.0,0.0
2026-03-02,3.2203977859547694,0.54491261672266,0.0,0.0
2026-03-03,3.2203977859547694,0.54491261672266,0.0,0.0
2026-03-04,3.2203977859547694,0.54491261672266,0.0,0.0
2026-03-05,3.2203977859547694,0.54491261672266,0.0,0.0
2026-03-06,3.2203977859547694,0.54491261672266,0.0,0.0
2026-03-09,3.2203977859547694,0.54491261672266,0.0,0.0
2026-03-10,3.2203977859547694,0.54491261672266,0.0,0.0
2026-03-11,3.2203977859547694,0.54491261672266,0.0,0.0
2026-03-12,3.2606943010783005,0.54491261672266,0.012512899896800826,0.0
2026-03-13,3.1589144432920624,0.5279036230805334,-0.03121416740986113,-0.03121416740986113
2026-03-16,3.3155307958855795,0.5540766459502546,0.04957916885849553,0.04957916885849553
2026-03-17,3.226213777828269,0.5391503862234905,-0.0269389800776845,-0.0269389800776845
2026-03-18,3.226213777828269,0.5211000256236827,0.0,-0.03347926860674736
2026-03-19,3.226213777828269,0.5211000256236827,0.0,0.0
2026-03-20,3.2547202950797667,0.5211000256236827,0.008835904628330995,0.0
2026-03-23,3.371913754891481,0.5398633937088396,0.03600722925066036,0.03600722925066036
2026-03-24,3.460148213050879,0.553990253850174,0.026167471819645734,0.026167471819645734
2026-03-25,3.5999658929034646,0.5763758937664423,0.04040800313848568,0.04040800313848568
2026-03-26,3.556527390424992,0.5694211318507085,-0.012066365007541479,-0.012066365007541479
2026-03-27,3.8108236236843878,0.6101354672324004,0.07150127226463104,0.07150127226463104
2026-03-30,3.8827686434143582,0.6216542916553346,0.01887912609831394,0.01887912609831394
2026-03-31,3.556527390424992,0.5694211318507085,-0.08402284116070388,-0.08402284116070388
2026-04-01,3.575803225899815,0.5745647578508867,0.005419847328244275,0.009033078880407124
2026-04-02,3.5828367059558026,0.5756949066621935,0.00196696507376119,0.00196696507376119
2026-04-03,3.5828367059558026,0.5729166379157026,0.0,-0.004825939424406183
2026-04-07,3.623690032135458,0.5794493247790515,0.011402508551881414,0.011402508551881414
2026-04-08,3.606929958879777,0.5767692906025277,-0.004625139873181649,-0.004625139873181649
2026-04-09,3.606929958879777,0.5636310050453871,0.0,-0.022779100363362986
2026-04-10,3.663866649556545,0.5636310050453871,0.015785360771034124,0.0
2026-04-13,3.7880103545605546,0.5827286545818234,0.03388324873096447,0.03388324873096447
2026-04-14,3.7926515204003763,0.5834426284288785,0.0012252252252252253,0.0012252252252252253
2026-04-15,3.7926515204003763,0.5872613730359533,0.0,0.0065451929992807484
2026-04-16,3.7926515204003763,0.5872613730359533,0.0,0.0
2026-04-17,3.7926515204003763,0.5872613730359533,0.0,0.0
2026-04-20,3.7926515204003763,0.5872613730359533,0.0,0.0
2026-04-21,3.7926515204003763,0.5872613730359533,0.0,0.0
2026-04-22,3.7926515204003763,0.5872613730359533,0.0,0.0
2026-04-23,3.7926515204003763,0.5872613730359533,0.0,0.0
2026-04-24,3.7926515204003763,0.5872613730359533,0.0,0.0
2026-04-27,3.82667665714326,0.5872613730359533,0.00897133220910624,0.0
2026-04-28,3.8020075630531256,0.5834755276758854,-0.0064466105449712,-0.0064466105449712
2026-04-29,3.913969044307518,0.5937848366297824,0.029447990146680102,0.01766879408800806
2026-04-30,4.0246533983993125,0.6105766636391085,0.028279312595170764,0.028279312595170764
2026-05-06,4.244319270366103,0.6439019818576169,0.054580071927226574,0.054580071927226574
2026-05-07,4.237082216444716,0.6428040547070072,-0.0017051153460381143,-0.0017051153460381143
2026-05-08,4.237082216444716,0.6347310609525235,0.0,-0.012559027428915905
2026-05-11,4.419447476676312,0.6347310609525235,0.04304029304029304,0.0
2026-05-12,4.424620959236073,0.6354740882407325,0.001170617500731636,0.001170617500731636
2026-05-13,4.424620959236073,0.6252574630278589,0.0,-0.01607717041800643
2026-05-14,4.424620959236073,0.5936788032789772,0.0,-0.050505050505050504
2026-05-15,4.424620959236073,0.5936788032789772,0.0,0.0
2026-05-18,4.424620959236073,0.5936788032789772,0.0,0.0
2026-05-19,4.424620959236073,0.5936788032789772,0.0,0.0
2026-05-20,4.424620959236073,0.5936788032789772,0.0,0.0
2026-05-21,4.424620959236073,0.5936788032789772,0.0,0.0
2026-05-22,4.527164539575125,0.5936788032789772,0.023175675675675675,0.0
2026-05-25,4.479158826469796,0.5873834777926187,-0.010603924970183238,-0.010603924970183238
2026-05-26,4.479158826469796,0.5771917909593958,0.0,-0.017350993377483442
2026-05-27,4.479158826469796,0.5771917909593958,0.0,0.0
2026-05-28,4.479158826469796,0.5771917909593958,0.0,0.0
2026-05-29,4.479158826469796,0.5771917909593958,0.0,0.0
2026-06-01,4.479158826469796,0.5771917909593958,0.0,0.0
2026-06-02,4.479158826469796,0.5771917909593958,0.0,0.0
2026-06-03,4.479158826469796,0.5771917909593958,0.0,0.0
2026-06-04,4.479158826469796,0.5771917909593958,0.0,0.0
2026-06-05,4.479158826469796,0.5771917909593958,0.0,0.0
2026-06-08,4.479158826469796,0.5771917909593958,0.0,0.0
2026-06-09,4.479158826469796,0.5771917909593958,0.0,0.0
2026-06-10,4.479158826469796,0.5771917909593958,0.0,0.0
2026-06-11,4.479158826469796,0.5771917909593958,0.0,0.0
2026-06-12,4.479158826469796,0.5771917909593958,0.0,0.0
2026-06-15,4.479158826469796,0.5771917909593958,0.0,0.0
2026-06-16,4.479158826469796,0.5771917909593958,0.0,0.0
2026-06-17,4.479158826469796,0.5771917909593958,0.0,0.0
2026-06-18,4.761557631641271,0.5771917909593958,0.06304728546409807,0.0
2026-06-22,4.724770519720803,0.5727324898952858,-0.007725856697819315,-0.007725856697819315
2026-06-23,4.724770519720803,0.5887381214912217,0.0,0.027946086311363916
2026-06-24,4.724770519720803,0.5887381214912217,0.0,0.0
2026-06-25,5.070258839646312,0.5887381214912217,0.07312277252058498,0.0
2026-06-26,5.091099203479385,0.5911580209563806,0.004110315566162821,0.004110315566162821
2026-06-29,5.091099203479385,0.5765974785682925,0.0,-0.024630541871921183
2026-06-30,5.091099203479385,0.5765974785682925,0.0,0.0
2026-07-01,5.091099203479385,0.5765974785682925,0.0,0.0
2026-07-02,5.091099203479385,0.5765974785682925,0.0,0.0
2026-07-03,5.091099203479385,0.5765974785682925,0.0,0.0
2026-07-06,5.091099203479385,0.5765974785682925,0.0,0.0
2026-07-07,5.091099203479385,0.5765974785682925,0.0,0.0
2026-07-08,5.091099203479385,0.5765974785682925,0.0,0.0
2026-07-09,5.091099203479385,0.5765974785682925,0.0,0.0
2026-07-10,5.091099203479385,0.5765974785682925,0.0,0.0
2026-07-13,5.091099203479385,0.5765974785682925,0.0,0.0
2026-07-14,5.091099203479385,0.5765974785682925,0.0,0.0
2026-07-15,5.091099203479385,0.5765974785682925,0.0,0.0
2026-07-16,5.091099203479385,0.5765974785682925,0.0,0.0
2026-07-17,5.091099203479385,0.5765974785682925,0.0,0.0
2026-07-20,5.091099203479385,0.5765974785682925,0.0,0.0
2026-07-21,5.091099203479385,0.5765974785682925,0.0,0.0
2026-07-22,5.091099203479385,0.5765974785682925,0.0,0.0
2026-07-23,5.091099203479385,0.5765974785682925,0.0,0.0
2026-07-24,5.091099203479385,0.5765974785682925,0.0,0.0
2026-07-27,5.091099203479385,0.5765974785682925,0.0,0.0
2026-07-28,5.091099203479385,0.5765974785682925,0.0,0.0
2026-07-29,5.091099203479385,0.5765974785682925,0.0,0.0
2026-07-30,5.232369461296015,0.5765974785682925,0.02774847870182556,0.0
2026-07-31,5.305814034763801,0.5846909353070221,0.014036580178647383,0.014036580178647383
2026-08-03,5.279469836159138,0.5817878531369437,-0.004965156794425087,-0.004965156794425087
2026-08-04,5.279469836159138,0.580581554348582,0.0,-0.0020734341252699783
2026-08-05,5.279469836159138,0.580581554348582,0.0,0.0
2026-08-06,5.279469836159138,0.580581554348582,0.0,0.0
2026-08-07,5.279469836159138,0.580581554348582,0.0,0.0
2026-08-10,5.279469836159138,0.580581554348582,0.0,0.0
2026-08-11,5.279469836159138,0.580581554348582,0.0,0.0
2026-08-12,5.279469836159138,0.580581554348582,0.0,0.0
2026-08-13,5.279469836159138,0.580581554348582,0.0,0.0
2026-08-14,5.279469836159138,0.580581554348582,0.0,0.0
2026-08-17,5.279469836159138,0.580581554348582,0.0,0.0
2026-08-18,5.279469836159138,0.580581554348582,0.0,0.0
2026-08-19,5.279469836159138,0.580581554348582,0.0,0.0
2026-08-20,5.279469836159138,0.580581554348582,0.0,0.0
2026-08-21,5.279469836159138,0.580581554348582,0.0,0.0
2026-08-24,5.279469836159138,0.580581554348582,0.0,0.0
2026-08-25,5.279469836159138,0.580581554348582,0.0,0.0
2026-08-26,5.279469836159138,0.580581554348582,0.0,0.0
2026-08-27,5.279469836159138,0.580581554348582,0.0,0.0
2026-08-28,5.279469836159138,0.580581554348582,0.0,0.0
2026-08-31,5.279469836159138,0.580581554348582,0.0,0.0
2026-09-01,5.279469836159138,0.580581554348582,0.0,0.0
2026-09-02,5.279469836159138,0.580581554348582,0.0,0.0
2026-09-03,5.279469836159138,0.580581554348582,0.0,0.0
2026-09-04,5.279469836159138,0.580581554348582,0.0,0.0
2026-09-07,5.279469836159138,0.580581554348582,0.0,0.0
